source_row,source_heading,working_normalized_name,variant_color_form,original_sentiment,turkish_literal_gloss,translation_status,vocabulary_printed_page,vocabulary_scan_page,vocabulary_column,classification,classification_reason,narrative_context_present,narrative_heading,narrative_printed_pages,narrative_start_scan_page,narrative_context_note,narrative_start_url,source_plate_mapping,botanical_image_still_missing,source_page_url
6,Acanthus,Acanthus,,The fine arts. Artifice.,Güzel sanatlar. Yapaylık.,automatic_literal_gloss_needs_language_review,355,n400,left,include,Final Stage 1 candidate: passes the owner-approved everyday-flower rule and the source-specific narrative threshold.,yes,Acanthus,181–182,n210,Source-specific context: Ingram links Acanthus with the arts through its classical ornamental use and recounts the legend that its leaves inspired the capital of the Corinthian column. (printed pp. 181–182).,https://archive.org/details/florasymbolica00ingr/page/n210/mode/1up,,yes,https://archive.org/details/florasymbolica00ingr/page/n400/mode/1up
12,"Adonis, Flos","Adonis, Flos",Flos,Sad memories.,Hüzünlü anılar.,automatic_literal_gloss_needs_language_review,355,n400,left,include,Final Stage 1 candidate: passes the owner-approved everyday-flower rule and the source-specific narrative threshold.,yes,Flos Adonis,152–153,n179,"Source-specific context: Ingram links Flos Adonis with painful recollections, surveys its many historical names, and relates competing traditions that connect the flower with the blood of Adonis. (printed pp. 152–153).",https://archive.org/details/florasymbolica00ingr/page/n179/mode/1up,,yes,https://archive.org/details/florasymbolica00ingr/page/n400/mode/1up
17,"Almond, Flowering","Almond, Flowering",Flowering,Hope.,Umut.,automatic_literal_gloss_needs_language_review,355,n400,left,include,Final Stage 1 candidate: passes the owner-approved everyday-flower rule and the source-specific narrative threshold.,yes,Almond-tree,150–151,n177,"Source-specific context: Ingram explains the Western emblem of indiscretion through the almond's early, frost-vulnerable flowering, while noting that its bare-branch blossoms signify hope in an Eastern tradition. (printed pp. 150–151).",https://archive.org/details/florasymbolica00ingr/page/n177/mode/1up,,yes,https://archive.org/details/florasymbolica00ingr/page/n400/mode/1up
23,"Amaranth, Globe","Amaranth, Globe",Globe,Immortality. Unfading love.,Ölümsüzlük. Solmayan aşk.,automatic_literal_gloss_needs_language_review,355,n400,left,include,Final Stage 1 candidate: passes the owner-approved everyday-flower rule and the source-specific narrative threshold.,yes,Amaranth,244–246,n279,"Source-specific context: Ingram derives the emblem of immortality from the Greek idea of the amaranth as unfading and develops its association with death, eternity, and Milton's celestial garlands. (printed pp. 244–246).",https://archive.org/details/florasymbolica00ingr/page/n279/mode/1up,,yes,https://archive.org/details/florasymbolica00ingr/page/n400/mode/1up
24,Amaranth (Cockscomb),Amaranth,Cockscomb,Foppery. Affectation.,Züppelik. Sevgi.,automatic_literal_gloss_needs_language_review,355,n400,left,include,Final Stage 1 candidate: passes the owner-approved everyday-flower rule and the source-specific narrative threshold.,yes,Amaranth,244–246,n279,"Source-specific context: Ingram derives the emblem of immortality from the Greek idea of the amaranth as unfading and develops its association with death, eternity, and Milton's celestial garlands. (printed pp. 244–246).",https://archive.org/details/florasymbolica00ingr/page/n279/mode/1up,,yes,https://archive.org/details/florasymbolica00ingr/page/n400/mode/1up
27,American Cowslip,American Cowslip,,Divine beauty.,İlahi güzellik.,automatic_literal_gloss_needs_language_review,355,n400,left,include,Final Stage 1 candidate: passes the owner-approved everyday-flower rule and the source-specific narrative threshold.,yes,Cowslip,158–160,n185,"Source-specific context: Ingram links the fragile, drooping Cowslip with youthful beauty and traces that association through older English poetry, especially imagery of youth, frailty, and early death. (printed pp. 158–160).",https://archive.org/details/florasymbolica00ingr/page/n185/mode/1up,,yes,https://archive.org/details/florasymbolica00ingr/page/n400/mode/1up
30,American Starwort,American Starwort,,Welcome to a stranger. Cheerfulness in old age.,Bir yabancıya hoş geldiniz. Yaşlılıkta neşe.,automatic_literal_gloss_needs_language_review,355,n400,left,include,Final Stage 1 candidate: passes the owner-approved everyday-flower rule and the source-specific narrative threshold.,yes,Aster,132–133,n157,"Source-specific context: Ingram explains Aster as an after-thought because it flowers when most other blooms are scarce, and notes the star-shaped name and its vivid autumn garden display. (printed pp. 132–133).",https://archive.org/details/florasymbolica00ingr/page/n157/mode/1up,,yes,https://archive.org/details/florasymbolica00ingr/page/n400/mode/1up
33,Anemone (Zephyr Flr.),Anemone,Zephyr Flr.,Sickness. Expectation.,Hastalık. Beklenti.,automatic_literal_gloss_needs_language_review,355,n400,left,include,Final Stage 1 candidate: passes the owner-approved everyday-flower rule and the source-specific narrative threshold.,yes,Anemone,82–85,n103,Source-specific context: Ingram connects the Anemone with withered hopes and abandonment while reviewing the wind-flower etymology and myths that derive it from a nymph or from Adonis's blood and Venus's tears. (printed pp. 82–85).,https://archive.org/details/florasymbolica00ingr/page/n103/mode/1up,,yes,https://archive.org/details/florasymbolica00ingr/page/n400/mode/1up
34,"Anemone, Garden",Anemone,Garden,Forsaken.,Terk edilmiş.,automatic_literal_gloss_needs_language_review,355,n400,left,include,Final Stage 1 candidate: passes the owner-approved everyday-flower rule and the source-specific narrative threshold.,yes,Anemone,82–85,n103,Source-specific context: Ingram connects the Anemone with withered hopes and abandonment while reviewing the wind-flower etymology and myths that derive it from a nymph or from Adonis's blood and Venus's tears. (printed pp. 82–85).,https://archive.org/details/florasymbolica00ingr/page/n103/mode/1up,,yes,https://archive.org/details/florasymbolica00ingr/page/n400/mode/1up
39,Apple Blossom,Apple Blossom,,Preference. Fame speaks him great and good.,Tercih. Şöhret onu harika ve iyi konuşuyor.,automatic_literal_gloss_needs_language_review,355,n400,left,include,Final Stage 1 candidate: passes the owner-approved everyday-flower rule and the source-specific narrative threshold.,yes,Apple-blossom,177–180,n206,"Source-specific context: Ingram explains Apple-blossom as preference because it combines beauty with the promise of useful fruit, then contrasts the blossom with the apple's associations with temptation and mythic golden fruit. (printed pp. 177–180).",https://archive.org/details/florasymbolica00ingr/page/n206/mode/1up,,yes,https://archive.org/details/florasymbolica00ingr/page/n400/mode/1up
49,Aster (China),Aster,China,Variety. After-thought.,Çeşitlilik. Sonradan düşünüldü.,automatic_literal_gloss_needs_language_review,355,n400,right,include,Final Stage 1 candidate: passes the owner-approved everyday-flower rule and the source-specific narrative threshold.,yes,Aster,132–133,n157,"Source-specific context: Ingram explains Aster as an after-thought because it flowers when most other blooms are scarce, and notes the star-shaped name and its vivid autumn garden display. (printed pp. 132–133).",https://archive.org/details/florasymbolica00ingr/page/n157/mode/1up,,yes,https://archive.org/details/florasymbolica00ingr/page/n400/mode/1up
50,Asphodel,Asphodel,,My regrets follow you to the grave.,Pişmanlıklarım seni mezara kadar takip ediyor.,automatic_literal_gloss_needs_language_review,355,n400,right,include,Final Stage 1 candidate: passes the owner-approved everyday-flower rule and the source-specific narrative threshold.,yes,Asphodel,94–95,n117,"Source-specific context: Ingram links Asphodel with fidelity unto death through ancient Greek funerary use, planting around tombs, and the imagined asphodel fields inhabited by departed souls. (printed pp. 94–95).",https://archive.org/details/florasymbolica00ingr/page/n117/mode/1up,,yes,https://archive.org/details/florasymbolica00ingr/page/n400/mode/1up
74,"Bell Flower, Pyramidal","Bell Flower, Pyramidal",Pyramidal,Constancy.,Sabitlik.,automatic_literal_gloss_needs_language_review,355,n400,right,include,Final Stage 1 candidate: passes the owner-approved everyday-flower rule and the source-specific narrative threshold.,yes,Campanula,123–125,n148,"Source-specific context: Ingram presents the bell-flower genus as constancy while distinguishing meanings assigned to particular members, including Canterbury bells and their older names. (printed pp. 123–125).",https://archive.org/details/florasymbolica00ingr/page/n148/mode/1up,,yes,https://archive.org/details/florasymbolica00ingr/page/n400/mode/1up
75,Bell Flower (sm. white),Bell Flower,sm. white,Gratitude.,Minnettarlık.,automatic_literal_gloss_needs_language_review,355,n400,right,include,Final Stage 1 candidate: passes the owner-approved everyday-flower rule and the source-specific narrative threshold.,yes,Campanula,123–125,n148,"Source-specific context: Ingram presents the bell-flower genus as constancy while distinguishing meanings assigned to particular members, including Canterbury bells and their older names. (printed pp. 123–125).",https://archive.org/details/florasymbolica00ingr/page/n148/mode/1up,,yes,https://archive.org/details/florasymbolica00ingr/page/n400/mode/1up
107,Buttercup (Kingcup),Buttercup,Kingcup,Ingratitude. Childishness.,Nankörlük. Çocukluk.,automatic_literal_gloss_needs_language_review,356,n401,left,include,Final Stage 1 candidate: passes the owner-approved everyday-flower rule and the source-specific narrative threshold.,yes,Buttercups,105–106,n128,Source-specific context: Ingram connects Buttercups with riches through their golden fields and with memories of childhood through familiar games that treat the flower as an oracle of wealth or affection. (printed pp. 105–106).,https://archive.org/details/florasymbolica00ingr/page/n128/mode/1up,,yes,https://archive.org/details/florasymbolica00ingr/page/n401/mode/1up
108,Buttercups,Buttercups,,Riches.,Zenginlik.,automatic_literal_gloss_needs_language_review,356,n401,left,include,Final Stage 1 candidate: passes the owner-approved everyday-flower rule and the source-specific narrative threshold.,yes,Buttercups,105–106,n128,Source-specific context: Ingram connects Buttercups with riches through their golden fields and with memories of childhood through familiar games that treat the flower as an oracle of wealth or affection. (printed pp. 105–106).,https://archive.org/details/florasymbolica00ingr/page/n128/mode/1up,,yes,https://archive.org/details/florasymbolica00ingr/page/n401/mode/1up
117,"Camellia Japonica, Red",Camellia Japonica,Red,Unpretending excellence.,Gösterişsiz mükemmellik.,automatic_literal_gloss_needs_language_review,356,n401,left,include,Final Stage 1 candidate: passes the owner-approved everyday-flower rule and the source-specific narrative threshold.,yes,Camellia Japonica,222–223,n255,"Source-specific context: Ingram presents Camellia Japonica as supreme loveliness, contrasting its visual beauty and German emblematic sovereignty with its lack of the rose's fragrance. (printed pp. 222–223).",https://archive.org/details/florasymbolica00ingr/page/n255/mode/1up,,yes,https://archive.org/details/florasymbolica00ingr/page/n401/mode/1up
118,"Ditto, White",Camellia Japonica,White,Perfected loveliness.,Mükemmel sevimlilik.,automatic_literal_gloss_needs_language_review,356,n401,left,include,Final Stage 1 candidate: passes the owner-approved everyday-flower rule and the source-specific narrative threshold.,yes,Camellia Japonica,222–223,n255,"Source-specific context: Ingram presents Camellia Japonica as supreme loveliness, contrasting its visual beauty and German emblematic sovereignty with its lack of the rose's fragrance. (printed pp. 222–223).",https://archive.org/details/florasymbolica00ingr/page/n255/mode/1up,,yes,https://archive.org/details/florasymbolica00ingr/page/n401/mode/1up
120,Campanula Pyramida,Campanula Pyramida,,Aspiring.,Hedefli.,automatic_literal_gloss_needs_language_review,356,n401,left,include,Final Stage 1 candidate: passes the owner-approved everyday-flower rule and the source-specific narrative threshold.,yes,Campanula,123–125,n148,"Source-specific context: Ingram presents the bell-flower genus as constancy while distinguishing meanings assigned to particular members, including Canterbury bells and their older names. (printed pp. 123–125).",https://archive.org/details/florasymbolica00ingr/page/n148/mode/1up,,yes,https://archive.org/details/florasymbolica00ingr/page/n401/mode/1up
125,Cape Jasmine,Cape Jasmine,,I am too happy.,Ben de çok mutluyum.,automatic_literal_gloss_needs_language_review,356,n401,left,include,Final Stage 1 candidate: passes the owner-approved everyday-flower rule and the source-specific narrative threshold.,yes,Jasmine,68–71,n87,"Source-specific context: Ingram favors amiability among Jasmine's many meanings, then distinguishes several fragrant varieties and recounts the plant's introduction and literary reputation. (printed pp. 68–71).",https://archive.org/details/florasymbolica00ingr/page/n87/mode/1up,,yes,https://archive.org/details/florasymbolica00ingr/page/n401/mode/1up
139,"Celandine, Lesser","Celandine, Lesser",Lesser,Joys to come.,Sevinçler gelecek.,automatic_literal_gloss_needs_language_review,356,n401,left,include,Final Stage 1 candidate: passes the owner-approved everyday-flower rule and the source-specific narrative threshold.,yes,Celandine,161–162,n188,"Source-specific context: Ingram links Celandine with deceptive hopes and reviews rival explanations of its swallow-derived name, including the old belief that swallows used it to restore their young's sight. (printed pp. 161–162).",https://archive.org/details/florasymbolica00ingr/page/n188/mode/1up,,yes,https://archive.org/details/florasymbolica00ingr/page/n401/mode/1up
147,Chinese Primrose,Chinese Primrose,,Lasting love.,Kalıcı aşk.,automatic_literal_gloss_needs_language_review,356,n401,right,include,Final Stage 1 candidate: passes the owner-approved everyday-flower rule and the source-specific narrative threshold.,yes,Primrose,262–265,n299,"Source-specific context: Ingram presents Primrose as youth and supports the association with English poetry that treats the early, pale, fragile flower as an emblem of young life and early death. (printed pp. 262–265).",https://archive.org/details/florasymbolica00ingr/page/n299/mode/1up,,yes,https://archive.org/details/florasymbolica00ingr/page/n401/mode/1up
150,China Aster,China Aster,,Variety.,Çeşitlilik.,automatic_literal_gloss_needs_language_review,356,n401,right,include,Final Stage 1 candidate: passes the owner-approved everyday-flower rule and the source-specific narrative threshold.,yes,Aster,132–133,n157,"Source-specific context: Ingram explains Aster as an after-thought because it flowers when most other blooms are scarce, and notes the star-shaped name and its vivid autumn garden display. (printed pp. 132–133).",https://archive.org/details/florasymbolica00ingr/page/n157/mode/1up,,yes,https://archive.org/details/florasymbolica00ingr/page/n401/mode/1up
151,"China Aster, Double",China Aster,Double,I partake your sentiments.,Duygularınıza katılıyorum.,automatic_literal_gloss_needs_language_review,356,n401,right,include,Final Stage 1 candidate: passes the owner-approved everyday-flower rule and the source-specific narrative threshold.,yes,Aster,132–133,n157,"Source-specific context: Ingram explains Aster as an after-thought because it flowers when most other blooms are scarce, and notes the star-shaped name and its vivid autumn garden display. (printed pp. 132–133).",https://archive.org/details/florasymbolica00ingr/page/n157/mode/1up,,yes,https://archive.org/details/florasymbolica00ingr/page/n401/mode/1up
152,"China Aster, Single",China Aster,Single,I will think of it.,Bunu düşüneceğim.,automatic_literal_gloss_needs_language_review,356,n401,right,include,Final Stage 1 candidate: passes the owner-approved everyday-flower rule and the source-specific narrative threshold.,yes,Aster,132–133,n157,"Source-specific context: Ingram explains Aster as an after-thought because it flowers when most other blooms are scarce, and notes the star-shaped name and its vivid autumn garden display. (printed pp. 132–133).",https://archive.org/details/florasymbolica00ingr/page/n157/mode/1up,,yes,https://archive.org/details/florasymbolica00ingr/page/n401/mode/1up
168,Clematis,Clematis,,Mental beauty. Artifice,Zihinsel güzellik. Yapaylık,automatic_literal_gloss_needs_language_review,356,n401,right,include,Final Stage 1 candidate: passes the owner-approved everyday-flower rule and the source-specific narrative threshold.,yes,Clematis,242–243,n277,"Source-specific context: Ingram explains Clematis as artifice through the reported use of its irritating twigs to simulate sores, while recording names such as Traveller's Joy, Virgin's-bower, and Old Man's Beard. (printed pp. 242–243).",https://archive.org/details/florasymbolica00ingr/page/n277/mode/1up,,yes,https://archive.org/details/florasymbolica00ingr/page/n401/mode/1up
169,"Clematis, Evergreen","Clematis, Evergreen",Evergreen,Poverty.,Yoksulluk.,automatic_literal_gloss_needs_language_review,356,n401,right,include,Final Stage 1 candidate: passes the owner-approved everyday-flower rule and the source-specific narrative threshold.,yes,Clematis,242–243,n277,"Source-specific context: Ingram explains Clematis as artifice through the reported use of its irritating twigs to simulate sores, while recording names such as Traveller's Joy, Virgin's-bower, and Old Man's Beard. (printed pp. 242–243).",https://archive.org/details/florasymbolica00ingr/page/n277/mode/1up,,yes,https://archive.org/details/florasymbolica00ingr/page/n401/mode/1up
173,"Clover, Four-leaved","Clover, Four-leaved",Four-leaved,Be mine.,Benim ol.,automatic_literal_gloss_needs_language_review,356,n401,right,include,Final Stage 1 candidate: passes the owner-approved everyday-flower rule and the source-specific narrative threshold.,yes,Clover,235–236,n270,"Source-specific context: Ingram links white Clover or shamrock with promise and surveys its Irish national and religious symbolism, including the tradition that St. Patrick used the trefoil to explain the Trinity. (printed pp. 235–236).",https://archive.org/details/florasymbolica00ingr/page/n270/mode/1up,,yes,https://archive.org/details/florasymbolica00ingr/page/n401/mode/1up
174,"Clover, Red",Clover,Red,Industry.,Sanayi.,automatic_literal_gloss_needs_language_review,356,n401,right,include,Final Stage 1 candidate: passes the owner-approved everyday-flower rule and the source-specific narrative threshold.,yes,Clover,235–236,n270,"Source-specific context: Ingram links white Clover or shamrock with promise and surveys its Irish national and religious symbolism, including the tradition that St. Patrick used the trefoil to explain the Trinity. (printed pp. 235–236).",https://archive.org/details/florasymbolica00ingr/page/n270/mode/1up,,yes,https://archive.org/details/florasymbolica00ingr/page/n401/mode/1up
175,"Clover, White",Clover,White,Think of me. Promise.,Beni düşün. Söz.,automatic_literal_gloss_needs_language_review,356,n401,right,include,Final Stage 1 candidate: passes the owner-approved everyday-flower rule and the source-specific narrative threshold.,yes,Clover,235–236,n270,"Source-specific context: Ingram links white Clover or shamrock with promise and surveys its Irish national and religious symbolism, including the tradition that St. Patrick used the trefoil to explain the Trinity. (printed pp. 235–236).",https://archive.org/details/florasymbolica00ingr/page/n270/mode/1up,,yes,https://archive.org/details/florasymbolica00ingr/page/n401/mode/1up
177,Cockscomb Amaranth,Cockscomb Amaranth,,Foppery. Affectation. Singularity.,Züppelik. Sevgi. Tekillik.,automatic_literal_gloss_needs_language_review,356,n401,right,include,Final Stage 1 candidate: passes the owner-approved everyday-flower rule and the source-specific narrative threshold.,yes,Amaranth,244–246,n279,"Source-specific context: Ingram derives the emblem of immortality from the Greek idea of the amaranth as unfading and develops its association with death, eternity, and Milton's celestial garlands. (printed pp. 244–246).",https://archive.org/details/florasymbolica00ingr/page/n279/mode/1up,,yes,https://archive.org/details/florasymbolica00ingr/page/n401/mode/1up
183,Convolvulus,Convolvulus,,Bonds.,Tahviller.,automatic_literal_gloss_needs_language_review,356,n401,right,include,Final Stage 1 candidate: passes the owner-approved everyday-flower rule and the source-specific narrative threshold.,yes,Convolvulus,318–319,n359,"Source-specific context: Ingram presents Convolvulus as night through its evening closure and sky-like colours, while distinguishing major and minor forms associated with extinguished hopes and repose. (printed pp. 318–319).",https://archive.org/details/florasymbolica00ingr/page/n359/mode/1up,,yes,https://archive.org/details/florasymbolica00ingr/page/n401/mode/1up
184,"Convolvulus, Bl. (Min.)","Convolvulus, Bl.",Bl. (Min.),Repose. Night.,Sakin ol. Gece.,automatic_literal_gloss_needs_language_review,356,n401,right,include,Final Stage 1 candidate: passes the owner-approved everyday-flower rule and the source-specific narrative threshold.,yes,Convolvulus,318–319,n359,"Source-specific context: Ingram presents Convolvulus as night through its evening closure and sky-like colours, while distinguishing major and minor forms associated with extinguished hopes and repose. (printed pp. 318–319).",https://archive.org/details/florasymbolica00ingr/page/n359/mode/1up,,yes,https://archive.org/details/florasymbolica00ingr/page/n401/mode/1up
185,"Convolvulus, Major","Convolvulus, Major",Major,Extinguished hopes.,Sönmüş umutlar.,automatic_literal_gloss_needs_language_review,356,n401,right,include,Final Stage 1 candidate: passes the owner-approved everyday-flower rule and the source-specific narrative threshold.,yes,Convolvulus,318–319,n359,"Source-specific context: Ingram presents Convolvulus as night through its evening closure and sky-like colours, while distinguishing major and minor forms associated with extinguished hopes and repose. (printed pp. 318–319).",https://archive.org/details/florasymbolica00ingr/page/n359/mode/1up,,yes,https://archive.org/details/florasymbolica00ingr/page/n401/mode/1up
186,"Convolvulus, Pink",Convolvulus,Pink,Worth sustained by judicious and tender affection.,Mantıklı ve şefkatli bir sevgiyle sürdürülmeye değer.,automatic_literal_gloss_needs_language_review,356,n401,right,include,Final Stage 1 candidate: passes the owner-approved everyday-flower rule and the source-specific narrative threshold.,yes,Convolvulus,318–319,n359,"Source-specific context: Ingram presents Convolvulus as night through its evening closure and sky-like colours, while distinguishing major and minor forms associated with extinguished hopes and repose. (printed pp. 318–319).",https://archive.org/details/florasymbolica00ingr/page/n359/mode/1up,,yes,https://archive.org/details/florasymbolica00ingr/page/n401/mode/1up
196,Cornflower,Cornflower,,Delicacy.,İncelik.,automatic_literal_gloss_needs_language_review,356,n401,right,include,Final Stage 1 candidate: passes the owner-approved everyday-flower rule and the source-specific narrative threshold.,yes,Cornflower,298–299,n337,"Source-specific context: Ingram links Cornflower with delicacy, recounts the Cycinus garland-maker tradition, and describes its blue bloom as a flower used in love divination and pigment making. (printed pp. 298–299).",https://archive.org/details/florasymbolica00ingr/page/n337/mode/1up,"POPPY AND CORNFLOWER — colour plate, IA n236 (between pp. 204–205)",no,https://archive.org/details/florasymbolica00ingr/page/n401/mode/1up
200,Cowslip,Cowslip,,Pensiveness. Winning grace. Youthful beauty.,Dalgınlık. Lütuf kazanmak. Gençlik güzelliği.,automatic_literal_gloss_needs_language_review,357,n402,left,include,Final Stage 1 candidate: passes the owner-approved everyday-flower rule and the source-specific narrative threshold.,yes,Cowslip,158–160,n185,"Source-specific context: Ingram links the fragile, drooping Cowslip with youthful beauty and traces that association through older English poetry, especially imagery of youth, frailty, and early death. (printed pp. 158–160).",https://archive.org/details/florasymbolica00ingr/page/n185/mode/1up,,yes,https://archive.org/details/florasymbolica00ingr/page/n402/mode/1up
201,"Cowslip, American",Cowslip,American,Divine beauty.,İlahi güzellik.,automatic_literal_gloss_needs_language_review,357,n402,left,include,Final Stage 1 candidate: passes the owner-approved everyday-flower rule and the source-specific narrative threshold.,yes,Cowslip,158–160,n185,"Source-specific context: Ingram links the fragile, drooping Cowslip with youthful beauty and traces that association through older English poetry, especially imagery of youth, frailty, and early death. (printed pp. 158–160).",https://archive.org/details/florasymbolica00ingr/page/n185/mode/1up,,yes,https://archive.org/details/florasymbolica00ingr/page/n402/mode/1up
206,Crocus,Crocus,,Abuse not. Impatience.,İstismar değil. Sabırsızlık.,automatic_literal_gloss_needs_language_review,357,n402,left,include,Final Stage 1 candidate: passes the owner-approved everyday-flower rule and the source-specific narrative threshold.,yes,Crocus,107–109,n130,"Source-specific context: Ingram links Crocus with cheerfulness while reviewing its thread or saffron etymology, the myth of the transformed lover Crocus, and traditions about saffron's arrival in England. (printed pp. 107–109).",https://archive.org/details/florasymbolica00ingr/page/n130/mode/1up,,yes,https://archive.org/details/florasymbolica00ingr/page/n402/mode/1up
207,"Crocus, Spring",Crocus,Spring,Youthful gladness.,Gençlik sevinci.,automatic_literal_gloss_needs_language_review,357,n402,left,include,Final Stage 1 candidate: passes the owner-approved everyday-flower rule and the source-specific narrative threshold.,yes,Crocus,107–109,n130,"Source-specific context: Ingram links Crocus with cheerfulness while reviewing its thread or saffron etymology, the myth of the transformed lover Crocus, and traditions about saffron's arrival in England. (printed pp. 107–109).",https://archive.org/details/florasymbolica00ingr/page/n130/mode/1up,,yes,https://archive.org/details/florasymbolica00ingr/page/n402/mode/1up
208,"Crocus, Saffron",Crocus,Saffron,Mirth. Cheerfulness.,Neşe. Neşe.,automatic_literal_gloss_needs_language_review,357,n402,left,include,Final Stage 1 candidate: passes the owner-approved everyday-flower rule and the source-specific narrative threshold.,yes,Crocus,107–109,n130,"Source-specific context: Ingram links Crocus with cheerfulness while reviewing its thread or saffron etymology, the myth of the transformed lover Crocus, and traditions about saffron's arrival in England. (printed pp. 107–109).",https://archive.org/details/florasymbolica00ingr/page/n130/mode/1up,,yes,https://archive.org/details/florasymbolica00ingr/page/n402/mode/1up
209,"Crown, Imperial","Crown, Imperial",Imperial,Majesty. Power.,Majesteleri. Güç.,automatic_literal_gloss_needs_language_review,357,n402,left,include,Final Stage 1 candidate: passes the owner-approved everyday-flower rule and the source-specific narrative threshold.,yes,Crown Imperial,278–278,n315,"Source-specific context: Ingram links Crown Imperial with power through its tall lily form, downward bell-shaped flowers, and crown of leaves, then connects it with a celebrated French floral manuscript. (printed p. 278).",https://archive.org/details/florasymbolica00ingr/page/n315/mode/1up,,yes,https://archive.org/details/florasymbolica00ingr/page/n402/mode/1up
219,Daffodil,Daffodil,,Regard. Unrequited love.,Saygınlık. Karşılıksız aşk.,automatic_literal_gloss_needs_language_review,357,n402,left,include,Final Stage 1 candidate: passes the owner-approved everyday-flower rule and the source-specific narrative threshold.,yes,Daffodil,252–253,n287,"Source-specific context: Ingram presents Daffodil as unrequited love and connects the yellow Narcissus with the Proserpine myth, including the tradition that the flower fell from Pluto's chariot. (printed pp. 252–253).",https://archive.org/details/florasymbolica00ingr/page/n287/mode/1up,,yes,https://archive.org/details/florasymbolica00ingr/page/n402/mode/1up
220,Dahlia,Dahlia,,Instability. Pomp.,İstikrarsızlık. Görkemli.,automatic_literal_gloss_needs_language_review,357,n402,left,include,Final Stage 1 candidate: passes the owner-approved everyday-flower rule and the source-specific narrative threshold.,yes,Dahlia,291–291,n330,"Source-specific context: Ingram presents Dahlia as pomp, traces its movement from Mexico through Spanish and French cultivation to England, and notes that its showy flowers attracted little poetic affection. (printed p. 291).",https://archive.org/details/florasymbolica00ingr/page/n330/mode/1up,,yes,https://archive.org/details/florasymbolica00ingr/page/n402/mode/1up
221,Daisy,Daisy,,Innocence.,Masumiyet.,automatic_literal_gloss_needs_language_review,357,n402,left,include,Final Stage 1 candidate: passes the owner-approved everyday-flower rule and the source-specific narrative threshold.,yes,Daisy,266–268,n303,"Source-specific context: Ingram treats Daisy as innocence and explains its exceptional poetic popularity through its persistence, its old name day's-eye, and its Marguerite associations in French courtly symbolism. (printed pp. 266–268).",https://archive.org/details/florasymbolica00ingr/page/n303/mode/1up,,yes,https://archive.org/details/florasymbolica00ingr/page/n402/mode/1up
222,"Daisy, Garden",Daisy,Garden,I share your sentiments.,Duygularınızı paylaşıyorum.,automatic_literal_gloss_needs_language_review,357,n402,left,include,Final Stage 1 candidate: passes the owner-approved everyday-flower rule and the source-specific narrative threshold.,yes,Daisy,266–268,n303,"Source-specific context: Ingram treats Daisy as innocence and explains its exceptional poetic popularity through its persistence, its old name day's-eye, and its Marguerite associations in French courtly symbolism. (printed pp. 266–268).",https://archive.org/details/florasymbolica00ingr/page/n303/mode/1up,,yes,https://archive.org/details/florasymbolica00ingr/page/n402/mode/1up
223,"Daisy, Michaelmas","Daisy, Michaelmas",Michaelmas,"Farewell, or Afterthought.",Elveda veya Sonradan Düşünce.,automatic_literal_gloss_needs_language_review,357,n402,left,include,Final Stage 1 candidate: passes the owner-approved everyday-flower rule and the source-specific narrative threshold.,yes,Daisy,266–268,n303,"Source-specific context: Ingram treats Daisy as innocence and explains its exceptional poetic popularity through its persistence, its old name day's-eye, and its Marguerite associations in French courtly symbolism. (printed pp. 266–268).",https://archive.org/details/florasymbolica00ingr/page/n303/mode/1up,,yes,https://archive.org/details/florasymbolica00ingr/page/n402/mode/1up
224,"Daisy, Parti-coloured",Daisy,Parti-coloured,Beauty.,Güzellik.,automatic_literal_gloss_needs_language_review,357,n402,left,include,Final Stage 1 candidate: passes the owner-approved everyday-flower rule and the source-specific narrative threshold.,yes,Daisy,266–268,n303,"Source-specific context: Ingram treats Daisy as innocence and explains its exceptional poetic popularity through its persistence, its old name day's-eye, and its Marguerite associations in French courtly symbolism. (printed pp. 266–268).",https://archive.org/details/florasymbolica00ingr/page/n303/mode/1up,,yes,https://archive.org/details/florasymbolica00ingr/page/n402/mode/1up
225,"Daisy, Wild",Daisy,Wild,I will think of it.,Bunu düşüneceğim.,automatic_literal_gloss_needs_language_review,357,n402,left,include,Final Stage 1 candidate: passes the owner-approved everyday-flower rule and the source-specific narrative threshold.,yes,Daisy,266–268,n303,"Source-specific context: Ingram treats Daisy as innocence and explains its exceptional poetic popularity through its persistence, its old name day's-eye, and its Marguerite associations in French courtly symbolism. (printed pp. 266–268).",https://archive.org/details/florasymbolica00ingr/page/n303/mode/1up,,yes,https://archive.org/details/florasymbolica00ingr/page/n402/mode/1up
227,Dandelion,Dandelion,,Rustic oracle.,Rustik kehanet.,automatic_literal_gloss_needs_language_review,357,n402,left,include,Final Stage 1 candidate: passes the owner-approved everyday-flower rule and the source-specific narrative threshold.,yes,Dandelion,121–122,n146,Source-specific context: Ingram presents Dandelion as an oracle through children's practices of using its petals or seed head to answer questions about love and tell the hour. (printed pp. 121–122).,https://archive.org/details/florasymbolica00ingr/page/n146/mode/1up,,yes,https://archive.org/details/florasymbolica00ingr/page/n402/mode/1up
228,"Dandelion, or Thistle-seed-head","Dandelion, or Thistle-seed-head",or Thistle-seed-head,Depart.,Ayrıl.,automatic_literal_gloss_needs_language_review,357,n402,left,include,Final Stage 1 candidate: passes the owner-approved everyday-flower rule and the source-specific narrative threshold.,yes,Dandelion,121–122,n146,Source-specific context: Ingram presents Dandelion as an oracle through children's practices of using its petals or seed head to answer questions about love and tell the hour. (printed pp. 121–122).,https://archive.org/details/florasymbolica00ingr/page/n146/mode/1up,,yes,https://archive.org/details/florasymbolica00ingr/page/n402/mode/1up
237,Dipteracanthus Spectabilis,Dipteracanthus Spectabilis,,Fortitude.,Metanet.,automatic_literal_gloss_needs_language_review,357,n402,left,include,Final Stage 1 candidate: passes the owner-approved everyday-flower rule and the source-specific narrative threshold.,yes,Acanthus,181–182,n210,Source-specific context: Ingram links Acanthus with the arts through its classical ornamental use and recounts the legend that its leaves inspired the capital of the Corinthian column. (printed pp. 181–182).,https://archive.org/details/florasymbolica00ingr/page/n210/mode/1up,,yes,https://archive.org/details/florasymbolica00ingr/page/n402/mode/1up
250,Eglantine (Sweetbriar),Eglantine,Sweetbriar,Poetry. I wound to heal.,Şiir. İyileşmek için yaralandım.,automatic_literal_gloss_needs_language_review,357,n402,left,include,Final Stage 1 candidate: passes the owner-approved everyday-flower rule and the source-specific narrative threshold.,yes,Rose,23–48,n40,"Source-specific context: Ingram presents Rose as the universal emblem of love and builds an extensive literary, historical, religious, and mythological survey around its beauty, fragrance, colours, and varieties. (printed pp. 23–48).",https://archive.org/details/florasymbolica00ingr/page/n40/mode/1up,,yes,https://archive.org/details/florasymbolica00ingr/page/n402/mode/1up
257,Evening Primrose,Evening Primrose,,Silent Love.,Sessiz Aşk.,automatic_literal_gloss_needs_language_review,357,n402,right,include,Final Stage 1 candidate: passes the owner-approved everyday-flower rule and the source-specific narrative threshold.,yes,Evening Primrose,183–185,n212,"Source-specific context: Ingram links Evening Primrose with silent love because its pale flowers open at night, when they attract nocturnal insects and become part of moonlit landscape imagery. (printed pp. 183–185).",https://archive.org/details/florasymbolica00ingr/page/n212/mode/1up,,yes,https://archive.org/details/florasymbolica00ingr/page/n402/mode/1up
259,Evergreen Clematis,Evergreen Clematis,,Poverty.,Yoksulluk.,automatic_literal_gloss_needs_language_review,357,n402,right,include,Final Stage 1 candidate: passes the owner-approved everyday-flower rule and the source-specific narrative threshold.,yes,Clematis,242–243,n277,"Source-specific context: Ingram explains Clematis as artifice through the reported use of its irritating twigs to simulate sores, while recording names such as Traveller's Joy, Virgin's-bower, and Old Man's Beard. (printed pp. 242–243).",https://archive.org/details/florasymbolica00ingr/page/n277/mode/1up,,yes,https://archive.org/details/florasymbolica00ingr/page/n402/mode/1up
282,Forget-me-not,Forget-me-not,,Forget-me-not.,Unutma beni.,automatic_literal_gloss_needs_language_review,357,n402,right,include,Final Stage 1 candidate: passes the owner-approved everyday-flower rule and the source-specific narrative threshold.,yes,Forget-me-not,172–176,n201,"Source-specific context: Ingram recounts the German Danube legend in which a drowning knight throws the flower to his beloved with a final plea not to forget him, grounding the flower's memorial meaning. (printed pp. 172–176).",https://archive.org/details/florasymbolica00ingr/page/n201/mode/1up,,yes,https://archive.org/details/florasymbolica00ingr/page/n402/mode/1up
283,Foxglove,Foxglove,,Insincerity.,Samimiyetsizlik.,automatic_literal_gloss_needs_language_review,357,n402,right,include,Final Stage 1 candidate: passes the owner-approved everyday-flower rule and the source-specific narrative threshold.,yes,Foxglove,231–232,n266,"Source-specific context: Ingram links Foxglove with insincerity because poison lies within its bright blossom, while tracing finger-and-glove imagery in its names and English poetry. (printed pp. 231–232).",https://archive.org/details/florasymbolica00ingr/page/n266/mode/1up,,yes,https://archive.org/details/florasymbolica00ingr/page/n402/mode/1up
287,French Marygold,French Marygold,,Jealousy.,Kıskançlık.,automatic_literal_gloss_needs_language_review,357,n402,right,include,Final Stage 1 candidate: passes the owner-approved everyday-flower rule and the source-specific narrative threshold.,yes,Marygold,129–131,n154,"Source-specific context: Ingram presents Marygold as grief, discusses the medieval formation of its name, and explains how combining it with roses, poppies, or cypress changes its floral message. (printed pp. 129–131).",https://archive.org/details/florasymbolica00ingr/page/n154/mode/1up,,yes,https://archive.org/details/florasymbolica00ingr/page/n402/mode/1up
292,"Fuchsia, Scarlet",Fuchsia,Scarlet,Taste.,Tatmak.,automatic_literal_gloss_needs_language_review,357,n402,right,include,Final Stage 1 candidate: passes the owner-approved everyday-flower rule and the source-specific narrative threshold.,yes,Fuchsia,148–149,n175,"Source-specific context: Ingram presents Fuchsia as taste, records its naming for Leonhart Fuchs, and retells the story of an English nurseryman acquiring a rare plant brought home by a sailor. (printed pp. 148–149).",https://archive.org/details/florasymbolica00ingr/page/n175/mode/1up,,yes,https://archive.org/details/florasymbolica00ingr/page/n402/mode/1up
294,Garden Anemone,Garden Anemone,,Forsaken.,Terk edilmiş.,automatic_literal_gloss_needs_language_review,357,n402,right,include,Final Stage 1 candidate: passes the owner-approved everyday-flower rule and the source-specific narrative threshold.,yes,Anemone,82–85,n103,Source-specific context: Ingram connects the Anemone with withered hopes and abandonment while reviewing the wind-flower etymology and myths that derive it from a nymph or from Adonis's blood and Venus's tears. (printed pp. 82–85).,https://archive.org/details/florasymbolica00ingr/page/n103/mode/1up,,yes,https://archive.org/details/florasymbolica00ingr/page/n402/mode/1up
296,Garden Daisy,Garden Daisy,,I partake your sentiments.,Duygularınıza katılıyorum.,automatic_literal_gloss_needs_language_review,357,n402,right,include,Final Stage 1 candidate: passes the owner-approved everyday-flower rule and the source-specific narrative threshold.,yes,Daisy,266–268,n303,"Source-specific context: Ingram treats Daisy as innocence and explains its exceptional poetic popularity through its persistence, its old name day's-eye, and its Marguerite associations in French courtly symbolism. (printed pp. 266–268).",https://archive.org/details/florasymbolica00ingr/page/n303/mode/1up,,yes,https://archive.org/details/florasymbolica00ingr/page/n402/mode/1up
297,Garden Marygold,Garden Marygold,,Uneasiness.,Huzursuzluk.,automatic_literal_gloss_needs_language_review,357,n402,right,include,Final Stage 1 candidate: passes the owner-approved everyday-flower rule and the source-specific narrative threshold.,yes,Marygold,129–131,n154,"Source-specific context: Ingram presents Marygold as grief, discusses the medieval formation of its name, and explains how combining it with roses, poppies, or cypress changes its floral message. (printed pp. 129–131).",https://archive.org/details/florasymbolica00ingr/page/n154/mode/1up,,yes,https://archive.org/details/florasymbolica00ingr/page/n402/mode/1up
302,Germander Speedwell,Germander Speedwell,,Facility.,Tesis.,automatic_literal_gloss_needs_language_review,357,n402,right,include,Final Stage 1 candidate: passes the owner-approved everyday-flower rule and the source-specific narrative threshold.,yes,Speedwell,249–250,n284,Source-specific context: Ingram links Speedwell with fidelity and derives Veronica from the medieval legend of Saint Veronica's cloth bearing the true image of Christ's face. (printed pp. 249–250).,https://archive.org/details/florasymbolica00ingr/page/n284/mode/1up,,yes,https://archive.org/details/florasymbolica00ingr/page/n402/mode/1up
303,Geranium,Geranium,,Deceit.,Aldatma.,automatic_literal_gloss_needs_language_review,357,n402,right,include,Final Stage 1 candidate: passes the owner-approved everyday-flower rule and the source-specific narrative threshold.,yes,Geranium,146–147,n173,"Source-specific context: Ingram assigns deceit to the Geranium genus while emphasizing that its many varieties carry distinct meanings, and explains the crane's-bill, stork's-bill, and heron's-bill names. (printed pp. 146–147).",https://archive.org/details/florasymbolica00ingr/page/n173/mode/1up,,yes,https://archive.org/details/florasymbolica00ingr/page/n402/mode/1up
304,"Geranium, Dark",Geranium,Dark,Melancholy.,Melankoli.,automatic_literal_gloss_needs_language_review,357,n402,right,include,Final Stage 1 candidate: passes the owner-approved everyday-flower rule and the source-specific narrative threshold.,yes,Geranium,146–147,n173,"Source-specific context: Ingram assigns deceit to the Geranium genus while emphasizing that its many varieties carry distinct meanings, and explains the crane's-bill, stork's-bill, and heron's-bill names. (printed pp. 146–147).",https://archive.org/details/florasymbolica00ingr/page/n173/mode/1up,,yes,https://archive.org/details/florasymbolica00ingr/page/n402/mode/1up
305,"Geranium, Horseshoe-leaf","Geranium, Horseshoe-leaf",Horseshoe-leaf,Stupidity.,Aptallık.,automatic_literal_gloss_needs_language_review,357,n402,right,include,Final Stage 1 candidate: passes the owner-approved everyday-flower rule and the source-specific narrative threshold.,yes,Geranium,146–147,n173,"Source-specific context: Ingram assigns deceit to the Geranium genus while emphasizing that its many varieties carry distinct meanings, and explains the crane's-bill, stork's-bill, and heron's-bill names. (printed pp. 146–147).",https://archive.org/details/florasymbolica00ingr/page/n173/mode/1up,,yes,https://archive.org/details/florasymbolica00ingr/page/n402/mode/1up
306,"Geranium, Ivy","Geranium, Ivy",Ivy,Bridal favour.,Gelin iyiliği.,automatic_literal_gloss_needs_language_review,357,n402,right,include,Final Stage 1 candidate: passes the owner-approved everyday-flower rule and the source-specific narrative threshold.,yes,Geranium,146–147,n173,"Source-specific context: Ingram assigns deceit to the Geranium genus while emphasizing that its many varieties carry distinct meanings, and explains the crane's-bill, stork's-bill, and heron's-bill names. (printed pp. 146–147).",https://archive.org/details/florasymbolica00ingr/page/n173/mode/1up,,yes,https://archive.org/details/florasymbolica00ingr/page/n402/mode/1up
307,"Geranium, Lemon","Geranium, Lemon",Lemon,Unexpected meeting.,Beklenmedik toplantı.,automatic_literal_gloss_needs_language_review,357,n402,right,include,Final Stage 1 candidate: passes the owner-approved everyday-flower rule and the source-specific narrative threshold.,yes,Geranium,146–147,n173,"Source-specific context: Ingram assigns deceit to the Geranium genus while emphasizing that its many varieties carry distinct meanings, and explains the crane's-bill, stork's-bill, and heron's-bill names. (printed pp. 146–147).",https://archive.org/details/florasymbolica00ingr/page/n173/mode/1up,,yes,https://archive.org/details/florasymbolica00ingr/page/n402/mode/1up
308,"Geranium, Nutmeg","Geranium, Nutmeg",Nutmeg,Expected meeting.,Beklenen toplantı.,automatic_literal_gloss_needs_language_review,357,n402,right,include,Final Stage 1 candidate: passes the owner-approved everyday-flower rule and the source-specific narrative threshold.,yes,Geranium,146–147,n173,"Source-specific context: Ingram assigns deceit to the Geranium genus while emphasizing that its many varieties carry distinct meanings, and explains the crane's-bill, stork's-bill, and heron's-bill names. (printed pp. 146–147).",https://archive.org/details/florasymbolica00ingr/page/n173/mode/1up,,yes,https://archive.org/details/florasymbolica00ingr/page/n402/mode/1up
309,"Geranium, Oak-leaved","Geranium, Oak-leaved",Oak-leaved,True friendship.,Gerçek dostluk.,automatic_literal_gloss_needs_language_review,357,n402,right,include,Final Stage 1 candidate: passes the owner-approved everyday-flower rule and the source-specific narrative threshold.,yes,Geranium,146–147,n173,"Source-specific context: Ingram assigns deceit to the Geranium genus while emphasizing that its many varieties carry distinct meanings, and explains the crane's-bill, stork's-bill, and heron's-bill names. (printed pp. 146–147).",https://archive.org/details/florasymbolica00ingr/page/n173/mode/1up,,yes,https://archive.org/details/florasymbolica00ingr/page/n402/mode/1up
310,"Geranium, Pencilled","Geranium, Pencilled",Pencilled,Ingenuity.,Yaratıcılık.,automatic_literal_gloss_needs_language_review,358,n403,left,include,Final Stage 1 candidate: passes the owner-approved everyday-flower rule and the source-specific narrative threshold.,yes,Geranium,146–147,n173,"Source-specific context: Ingram assigns deceit to the Geranium genus while emphasizing that its many varieties carry distinct meanings, and explains the crane's-bill, stork's-bill, and heron's-bill names. (printed pp. 146–147).",https://archive.org/details/florasymbolica00ingr/page/n173/mode/1up,,yes,https://archive.org/details/florasymbolica00ingr/page/n403/mode/1up
311,"Geranium, Rose-scntd.","Geranium, Rose-scntd.",Rose-scntd.,Preference.,Tercih.,automatic_literal_gloss_needs_language_review,358,n403,left,include,Final Stage 1 candidate: passes the owner-approved everyday-flower rule and the source-specific narrative threshold.,yes,Geranium,146–147,n173,"Source-specific context: Ingram assigns deceit to the Geranium genus while emphasizing that its many varieties carry distinct meanings, and explains the crane's-bill, stork's-bill, and heron's-bill names. (printed pp. 146–147).",https://archive.org/details/florasymbolica00ingr/page/n173/mode/1up,,yes,https://archive.org/details/florasymbolica00ingr/page/n403/mode/1up
312,"Geranium, Scarlet",Geranium,Scarlet,Comforting.,Rahatlatıcı.,automatic_literal_gloss_needs_language_review,358,n403,left,include,Final Stage 1 candidate: passes the owner-approved everyday-flower rule and the source-specific narrative threshold.,yes,Geranium,146–147,n173,"Source-specific context: Ingram assigns deceit to the Geranium genus while emphasizing that its many varieties carry distinct meanings, and explains the crane's-bill, stork's-bill, and heron's-bill names. (printed pp. 146–147).",https://archive.org/details/florasymbolica00ingr/page/n173/mode/1up,,yes,https://archive.org/details/florasymbolica00ingr/page/n403/mode/1up
313,"Geranium, Silver-leavd.","Geranium, Silver-leavd.",Silver-leavd.,Recall.,Hatırlamak.,automatic_literal_gloss_needs_language_review,358,n403,left,include,Final Stage 1 candidate: passes the owner-approved everyday-flower rule and the source-specific narrative threshold.,yes,Geranium,146–147,n173,"Source-specific context: Ingram assigns deceit to the Geranium genus while emphasizing that its many varieties carry distinct meanings, and explains the crane's-bill, stork's-bill, and heron's-bill names. (printed pp. 146–147).",https://archive.org/details/florasymbolica00ingr/page/n173/mode/1up,,yes,https://archive.org/details/florasymbolica00ingr/page/n403/mode/1up
314,"Geranium, Wild",Geranium,Wild,Steadfast piety.,Sabit dindarlık.,automatic_literal_gloss_needs_language_review,358,n403,left,include,Final Stage 1 candidate: passes the owner-approved everyday-flower rule and the source-specific narrative threshold.,yes,Geranium,146–147,n173,"Source-specific context: Ingram assigns deceit to the Geranium genus while emphasizing that its many varieties carry distinct meanings, and explains the crane's-bill, stork's-bill, and heron's-bill names. (printed pp. 146–147).",https://archive.org/details/florasymbolica00ingr/page/n173/mode/1up,,yes,https://archive.org/details/florasymbolica00ingr/page/n403/mode/1up
331,"Heart’s-ease, or Pansy","Heart’s-ease, or Pansy",or Pansy,Thoughts.,Düşünceler.,automatic_literal_gloss_needs_language_review,358,n403,left,include,Final Stage 1 candidate: passes the owner-approved everyday-flower rule and the source-specific narrative threshold.,yes,Heart’s-ease,165–169,n194,"Source-specific context: Ingram links Heart's-ease or pansy with thought and remembrance through the French pensée and Shakespeare's floral symbolism, while contrasting its rich colours with the violet's fragrance. (printed pp. 165–169).",https://archive.org/details/florasymbolica00ingr/page/n194/mode/1up,,yes,https://archive.org/details/florasymbolica00ingr/page/n403/mode/1up
334,Heliotrope,Heliotrope,,"Devotion or, I turn to thee.",Adanmışlık ya da sana dönüyorum.,automatic_literal_gloss_needs_language_review,358,n403,left,include,Final Stage 1 candidate: passes the owner-approved everyday-flower rule and the source-specific narrative threshold.,yes,Heliotrope,112–113,n137,Source-specific context: Ingram links Heliotrope with devoted attachment through the belief that it turns toward the sun and the myth of Clytie's unchanging love for Apollo. (printed pp. 112–113).,https://archive.org/details/florasymbolica00ingr/page/n137/mode/1up,,yes,https://archive.org/details/florasymbolica00ingr/page/n403/mode/1up
344,Hollyhock,Hollyhock,,Ambition. Fecundity.,Tutku. Doğurganlık.,automatic_literal_gloss_needs_language_review,358,n403,left,include,Final Stage 1 candidate: passes the owner-approved everyday-flower rule and the source-specific narrative threshold.,yes,Hollyhock,213–214,n246,"Source-specific context: Ingram links the tall Hollyhock with ambition, discusses traditions of its introduction from Syria or China, and notes its use as a flowering boundary and late source of bee forage. (printed pp. 213–214).",https://archive.org/details/florasymbolica00ingr/page/n246/mode/1up,,yes,https://archive.org/details/florasymbolica00ingr/page/n403/mode/1up
360,Hyacinth,Hyacinth,,Sport. Game. Play.,Spor. Oyun. Oynamak.,automatic_literal_gloss_needs_language_review,358,n403,left,include,Final Stage 1 candidate: passes the owner-approved everyday-flower rule and the source-specific narrative threshold.,yes,Hyacinth,126–128,n151,Source-specific context: Ingram connects Hyacinth with game or play through the myth in which Hyacinthus dies during a discus game and Apollo causes the flower to spring from his blood. (printed pp. 126–128).,https://archive.org/details/florasymbolica00ingr/page/n151/mode/1up,,yes,https://archive.org/details/florasymbolica00ingr/page/n403/mode/1up
361,"Hyacinth, Purple",Hyacinth,Purple,Sorrowful.,Hüzünlü.,automatic_literal_gloss_needs_language_review,358,n403,left,include,Final Stage 1 candidate: passes the owner-approved everyday-flower rule and the source-specific narrative threshold.,yes,Hyacinth,126–128,n151,Source-specific context: Ingram connects Hyacinth with game or play through the myth in which Hyacinthus dies during a discus game and Apollo causes the flower to spring from his blood. (printed pp. 126–128).,https://archive.org/details/florasymbolica00ingr/page/n151/mode/1up,,yes,https://archive.org/details/florasymbolica00ingr/page/n403/mode/1up
362,"Hyacinth, White",Hyacinth,White,Unobtrusive loveliness.,Gösterişsiz bir sevimlilik.,automatic_literal_gloss_needs_language_review,358,n403,left,include,Final Stage 1 candidate: passes the owner-approved everyday-flower rule and the source-specific narrative threshold.,yes,Hyacinth,126–128,n151,Source-specific context: Ingram connects Hyacinth with game or play through the myth in which Hyacinthus dies during a discus game and Apollo causes the flower to spring from his blood. (printed pp. 126–128).,https://archive.org/details/florasymbolica00ingr/page/n151/mode/1up,,yes,https://archive.org/details/florasymbolica00ingr/page/n403/mode/1up
370,Indian Jasmine (Ipomœa),Indian Jasmine,Ipomœa,Attachment.,EK.,automatic_literal_gloss_needs_language_review,358,n403,right,include,Final Stage 1 candidate: passes the owner-approved everyday-flower rule and the source-specific narrative threshold.,yes,Jasmine,68–71,n87,"Source-specific context: Ingram favors amiability among Jasmine's many meanings, then distinguishes several fragrant varieties and recounts the plant's introduction and literary reputation. (printed pp. 68–71).",https://archive.org/details/florasymbolica00ingr/page/n87/mode/1up,,yes,https://archive.org/details/florasymbolica00ingr/page/n403/mode/1up
373,Iris,Iris,,Message.,Mesaj.,automatic_literal_gloss_needs_language_review,358,n403,right,include,Final Stage 1 candidate: passes the owner-approved everyday-flower rule and the source-specific narrative threshold.,yes,Iris,254–255,n289,"Source-specific context: Ingram presents Iris as a message because its varied colours recall the rainbow and the divine messenger Iris, then surveys several showy forms and their practical uses. (printed pp. 254–255).",https://archive.org/details/florasymbolica00ingr/page/n289/mode/1up,,yes,https://archive.org/details/florasymbolica00ingr/page/n403/mode/1up
374,"Iris, German",Iris,German,Flame.,Alev.,automatic_literal_gloss_needs_language_review,358,n403,right,include,Final Stage 1 candidate: passes the owner-approved everyday-flower rule and the source-specific narrative threshold.,yes,Iris,254–255,n289,"Source-specific context: Ingram presents Iris as a message because its varied colours recall the rainbow and the divine messenger Iris, then surveys several showy forms and their practical uses. (printed pp. 254–255).",https://archive.org/details/florasymbolica00ingr/page/n289/mode/1up,,yes,https://archive.org/details/florasymbolica00ingr/page/n403/mode/1up
380,Jasmine,Jasmine,,Amiability.,Dost canlısı.,automatic_literal_gloss_needs_language_review,358,n403,right,include,Final Stage 1 candidate: passes the owner-approved everyday-flower rule and the source-specific narrative threshold.,yes,Jasmine,68–71,n87,"Source-specific context: Ingram favors amiability among Jasmine's many meanings, then distinguishes several fragrant varieties and recounts the plant's introduction and literary reputation. (printed pp. 68–71).",https://archive.org/details/florasymbolica00ingr/page/n87/mode/1up,"JASMINE AND STRAWBERRY BLOSSOM — colour plate, IA n88 (between pp. 68–69)",no,https://archive.org/details/florasymbolica00ingr/page/n403/mode/1up
381,"Jasmine, Cape","Jasmine, Cape",Cape,Transport of joy.,Sevincin taşınması.,automatic_literal_gloss_needs_language_review,358,n403,right,include,Final Stage 1 candidate: passes the owner-approved everyday-flower rule and the source-specific narrative threshold.,yes,Jasmine,68–71,n87,"Source-specific context: Ingram favors amiability among Jasmine's many meanings, then distinguishes several fragrant varieties and recounts the plant's introduction and literary reputation. (printed pp. 68–71).",https://archive.org/details/florasymbolica00ingr/page/n87/mode/1up,,yes,https://archive.org/details/florasymbolica00ingr/page/n403/mode/1up
382,"Jasmine, Carolina","Jasmine, Carolina",Carolina,Separation.,Ayrılma.,automatic_literal_gloss_needs_language_review,358,n403,right,include,Final Stage 1 candidate: passes the owner-approved everyday-flower rule and the source-specific narrative threshold.,yes,Jasmine,68–71,n87,"Source-specific context: Ingram favors amiability among Jasmine's many meanings, then distinguishes several fragrant varieties and recounts the plant's introduction and literary reputation. (printed pp. 68–71).",https://archive.org/details/florasymbolica00ingr/page/n87/mode/1up,,yes,https://archive.org/details/florasymbolica00ingr/page/n403/mode/1up
383,"Jasmine, Indian",Jasmine,Indian,I attach myself to you.,Kendimi sana bağlıyorum.,automatic_literal_gloss_needs_language_review,358,n403,right,include,Final Stage 1 candidate: passes the owner-approved everyday-flower rule and the source-specific narrative threshold.,yes,Jasmine,68–71,n87,"Source-specific context: Ingram favors amiability among Jasmine's many meanings, then distinguishes several fragrant varieties and recounts the plant's introduction and literary reputation. (printed pp. 68–71).",https://archive.org/details/florasymbolica00ingr/page/n87/mode/1up,,yes,https://archive.org/details/florasymbolica00ingr/page/n403/mode/1up
384,"Jasmine, Spanish","Jasmine, Spanish",Spanish,Sensuality.,Duygusallık.,automatic_literal_gloss_needs_language_review,358,n403,right,include,Final Stage 1 candidate: passes the owner-approved everyday-flower rule and the source-specific narrative threshold.,yes,Jasmine,68–71,n87,"Source-specific context: Ingram favors amiability among Jasmine's many meanings, then distinguishes several fragrant varieties and recounts the plant's introduction and literary reputation. (printed pp. 68–71).",https://archive.org/details/florasymbolica00ingr/page/n87/mode/1up,,yes,https://archive.org/details/florasymbolica00ingr/page/n403/mode/1up
385,"Jasmine, Yellow",Jasmine,Yellow,Grace and elegance.,Zarafet ve zarafet.,automatic_literal_gloss_needs_language_review,358,n403,right,include,Final Stage 1 candidate: passes the owner-approved everyday-flower rule and the source-specific narrative threshold.,yes,Jasmine,68–71,n87,"Source-specific context: Ingram favors amiability among Jasmine's many meanings, then distinguishes several fragrant varieties and recounts the plant's introduction and literary reputation. (printed pp. 68–71).",https://archive.org/details/florasymbolica00ingr/page/n87/mode/1up,,yes,https://archive.org/details/florasymbolica00ingr/page/n403/mode/1up
406,Laurel-leavd. Magnolia,Laurel-leavd. Magnolia,,Dignity.,İtibar.,automatic_literal_gloss_needs_language_review,358,n403,right,include,Final Stage 1 candidate: passes the owner-approved everyday-flower rule and the source-specific narrative threshold.,yes,Magnolia,116–117,n141,"Source-specific context: Ingram presents Magnolia as magnificence, records its naming for Pierre Magnol and North American origin, and recounts the recovery of a long-neglected specimen near Nantes. (printed pp. 116–117).",https://archive.org/details/florasymbolica00ingr/page/n141/mode/1up,,yes,https://archive.org/details/florasymbolica00ingr/page/n403/mode/1up
411,Lemon Blossoms,Lemon Blossoms,,Fidelity in love.,Aşkta sadakat.,automatic_literal_gloss_needs_language_review,358,n403,right,include,Final Stage 1 candidate: passes the owner-approved everyday-flower rule and the source-specific narrative threshold.,yes,Lemon,302–303,n341,"Source-specific context: Ingram presents Lemon as zest, identifies it with the ancient Median apple or citron, and recounts classical claims about its medicinal and antidotal virtues. (printed pp. 302–303).",https://archive.org/details/florasymbolica00ingr/page/n341/mode/1up,,yes,https://archive.org/details/florasymbolica00ingr/page/n403/mode/1up
415,"Lilac, Field","Lilac, Field",Field,Humility.,Alçakgönüllülük.,automatic_literal_gloss_needs_language_review,358,n403,right,include,Final Stage 1 candidate: passes the owner-approved everyday-flower rule and the source-specific narrative threshold.,yes,Lilac,114–115,n139,Source-specific context: Ingram links Lilac with love's first emotions through its early fragrant bloom and recounts a tradition that a celebrated flower painter despaired of reproducing its harmonious colours. (printed pp. 114–115).,https://archive.org/details/florasymbolica00ingr/page/n139/mode/1up,,yes,https://archive.org/details/florasymbolica00ingr/page/n403/mode/1up
416,"Lilac, Purple",Lilac,Purple,First emotions of love.,Aşkın ilk duyguları.,automatic_literal_gloss_needs_language_review,358,n403,right,include,Final Stage 1 candidate: passes the owner-approved everyday-flower rule and the source-specific narrative threshold.,yes,Lilac,114–115,n139,Source-specific context: Ingram links Lilac with love's first emotions through its early fragrant bloom and recounts a tradition that a celebrated flower painter despaired of reproducing its harmonious colours. (printed pp. 114–115).,https://archive.org/details/florasymbolica00ingr/page/n139/mode/1up,,yes,https://archive.org/details/florasymbolica00ingr/page/n403/mode/1up
417,"Lilac, White",Lilac,White,Youthful innocence.,Gençlik masumiyeti.,automatic_literal_gloss_needs_language_review,358,n403,right,include,Final Stage 1 candidate: passes the owner-approved everyday-flower rule and the source-specific narrative threshold.,yes,Lilac,114–115,n139,Source-specific context: Ingram links Lilac with love's first emotions through its early fragrant bloom and recounts a tradition that a celebrated flower painter despaired of reproducing its harmonious colours. (printed pp. 114–115).,https://archive.org/details/florasymbolica00ingr/page/n139/mode/1up,,yes,https://archive.org/details/florasymbolica00ingr/page/n403/mode/1up
418,"Lily, Day","Lily, Day",Day,Coquetry.,Coquetry.,automatic_literal_gloss_needs_language_review,358,n403,right,include,Final Stage 1 candidate: passes the owner-approved everyday-flower rule and the source-specific narrative threshold.,yes,The Lily,272–275,n309,"Source-specific context: Ingram presents Lily as majesty through its dedication to Juno, biblical esteem, and temple ornament, while noting that individual lily varieties carry separate meanings. (printed pp. 272–275).",https://archive.org/details/florasymbolica00ingr/page/n309/mode/1up,,yes,https://archive.org/details/florasymbolica00ingr/page/n403/mode/1up
419,"Lily, Imperial","Lily, Imperial",Imperial,Majesty.,Majesteleri.,automatic_literal_gloss_needs_language_review,358,n403,right,include,Final Stage 1 candidate: passes the owner-approved everyday-flower rule and the source-specific narrative threshold.,yes,The Lily,272–275,n309,"Source-specific context: Ingram presents Lily as majesty through its dedication to Juno, biblical esteem, and temple ornament, while noting that individual lily varieties carry separate meanings. (printed pp. 272–275).",https://archive.org/details/florasymbolica00ingr/page/n309/mode/1up,,yes,https://archive.org/details/florasymbolica00ingr/page/n403/mode/1up
420,"Lily, White",Lily,White,Purity. Sweetness.,Saflık. Tatlılık.,automatic_literal_gloss_needs_language_review,358,n403,right,include,Final Stage 1 candidate: passes the owner-approved everyday-flower rule and the source-specific narrative threshold.,yes,The Lily,272–275,n309,"Source-specific context: Ingram presents Lily as majesty through its dedication to Juno, biblical esteem, and temple ornament, while noting that individual lily varieties carry separate meanings. (printed pp. 272–275).",https://archive.org/details/florasymbolica00ingr/page/n309/mode/1up,,yes,https://archive.org/details/florasymbolica00ingr/page/n403/mode/1up
421,"Lily, Yellow",Lily,Yellow,Falsehood. Gaiety.,Yalan. Neşe.,automatic_literal_gloss_needs_language_review,359,n404,left,include,Final Stage 1 candidate: passes the owner-approved everyday-flower rule and the source-specific narrative threshold.,yes,The Lily,272–275,n309,"Source-specific context: Ingram presents Lily as majesty through its dedication to Juno, biblical esteem, and temple ornament, while noting that individual lily varieties carry separate meanings. (printed pp. 272–275).",https://archive.org/details/florasymbolica00ingr/page/n309/mode/1up,,yes,https://archive.org/details/florasymbolica00ingr/page/n404/mode/1up
422,Lily of the Valley,Lily of the Valley,,Return of happiness. Unconscious sweetness.,Mutluluğun dönüşü. Bilinçsiz tatlılık.,automatic_literal_gloss_needs_language_review,359,n404,left,include,Final Stage 1 candidate: passes the owner-approved everyday-flower rule and the source-specific narrative threshold.,yes,Lily of the Valley,286–287,n323,Source-specific context: Ingram links Lily of the Valley with the return of happiness through its spring appearance and records names such as May Lily and Ladder to Heaven. (printed pp. 286–287).,https://archive.org/details/florasymbolica00ingr/page/n323/mode/1up,"LILY OF THE VALLEY — colour plate, IA n324 (between pp. 286–287)",no,https://archive.org/details/florasymbolica00ingr/page/n404/mode/1up
433,Lotus,Lotus,,Eloquence.,Güzel söz.,automatic_literal_gloss_needs_language_review,359,n404,left,include,Final Stage 1 candidate: passes the owner-approved everyday-flower rule and the source-specific narrative threshold.,yes,Lotus,215–219,n248,"Source-specific context: Ingram links Lotus with eloquence through Egyptian dedication to the sun, while surveying its sacred and architectural symbolism in Egypt, India, China, Tibet, and Nepal. (printed pp. 215–219).",https://archive.org/details/florasymbolica00ingr/page/n248/mode/1up,,yes,https://archive.org/details/florasymbolica00ingr/page/n404/mode/1up
434,Lotus Flower,Lotus Flower,,Estranged love.,Yabancılaşmış aşk.,automatic_literal_gloss_needs_language_review,359,n404,left,include,Final Stage 1 candidate: passes the owner-approved everyday-flower rule and the source-specific narrative threshold.,yes,Lotus,215–219,n248,"Source-specific context: Ingram links Lotus with eloquence through Egyptian dedication to the sun, while surveying its sacred and architectural symbolism in Egypt, India, China, Tibet, and Nepal. (printed pp. 215–219).",https://archive.org/details/florasymbolica00ingr/page/n248/mode/1up,,yes,https://archive.org/details/florasymbolica00ingr/page/n404/mode/1up
435,Lotus Leaf,Lotus Leaf,,Recantation.,Geri çekilme.,automatic_literal_gloss_needs_language_review,359,n404,left,include,Final Stage 1 candidate: passes the owner-approved everyday-flower rule and the source-specific narrative threshold.,yes,Lotus,215–219,n248,"Source-specific context: Ingram links Lotus with eloquence through Egyptian dedication to the sun, while surveying its sacred and architectural symbolism in Egypt, India, China, Tibet, and Nepal. (printed pp. 215–219).",https://archive.org/details/florasymbolica00ingr/page/n248/mode/1up,,yes,https://archive.org/details/florasymbolica00ingr/page/n404/mode/1up
441,Magnolia,Magnolia,,Love of nature. Magnificence.,Doğa sevgisi. Muhteşemlik.,automatic_literal_gloss_needs_language_review,359,n404,left,include,Final Stage 1 candidate: passes the owner-approved everyday-flower rule and the source-specific narrative threshold.,yes,Magnolia,116–117,n141,"Source-specific context: Ingram presents Magnolia as magnificence, records its naming for Pierre Magnol and North American origin, and recounts the recovery of a long-neglected specimen near Nantes. (printed pp. 116–117).",https://archive.org/details/florasymbolica00ingr/page/n141/mode/1up,,yes,https://archive.org/details/florasymbolica00ingr/page/n404/mode/1up
442,"Magnolia, Swamp",Magnolia,Swamp,Perseverance.,Sabır.,automatic_literal_gloss_needs_language_review,359,n404,left,include,Final Stage 1 candidate: passes the owner-approved everyday-flower rule and the source-specific narrative threshold.,yes,Magnolia,116–117,n141,"Source-specific context: Ingram presents Magnolia as magnificence, records its naming for Pierre Magnol and North American origin, and recounts the recovery of a long-neglected specimen near Nantes. (printed pp. 116–117).",https://archive.org/details/florasymbolica00ingr/page/n141/mode/1up,,yes,https://archive.org/details/florasymbolica00ingr/page/n404/mode/1up
452,Marygold,Marygold,,Grief.,Yas.,automatic_literal_gloss_needs_language_review,359,n404,left,include,Final Stage 1 candidate: passes the owner-approved everyday-flower rule and the source-specific narrative threshold.,yes,Marygold,129–131,n154,"Source-specific context: Ingram presents Marygold as grief, discusses the medieval formation of its name, and explains how combining it with roses, poppies, or cypress changes its floral message. (printed pp. 129–131).",https://archive.org/details/florasymbolica00ingr/page/n154/mode/1up,,yes,https://archive.org/details/florasymbolica00ingr/page/n404/mode/1up
453,"Marygold, African","Marygold, African",African,Vulgar minds.,Kaba beyinler.,automatic_literal_gloss_needs_language_review,359,n404,left,include,Final Stage 1 candidate: passes the owner-approved everyday-flower rule and the source-specific narrative threshold.,yes,Marygold,129–131,n154,"Source-specific context: Ingram presents Marygold as grief, discusses the medieval formation of its name, and explains how combining it with roses, poppies, or cypress changes its floral message. (printed pp. 129–131).",https://archive.org/details/florasymbolica00ingr/page/n154/mode/1up,,yes,https://archive.org/details/florasymbolica00ingr/page/n404/mode/1up
454,"Marygold, French",Marygold,French,Jealousy.,Kıskançlık.,automatic_literal_gloss_needs_language_review,359,n404,left,include,Final Stage 1 candidate: passes the owner-approved everyday-flower rule and the source-specific narrative threshold.,yes,Marygold,129–131,n154,"Source-specific context: Ingram presents Marygold as grief, discusses the medieval formation of its name, and explains how combining it with roses, poppies, or cypress changes its floral message. (printed pp. 129–131).",https://archive.org/details/florasymbolica00ingr/page/n154/mode/1up,,yes,https://archive.org/details/florasymbolica00ingr/page/n404/mode/1up
455,"Marygold, Prophetic","Marygold, Prophetic",Prophetic,Prediction.,Tahmin.,automatic_literal_gloss_needs_language_review,359,n404,left,include,Final Stage 1 candidate: passes the owner-approved everyday-flower rule and the source-specific narrative threshold.,yes,Marygold,129–131,n154,"Source-specific context: Ingram presents Marygold as grief, discusses the medieval formation of its name, and explains how combining it with roses, poppies, or cypress changes its floral message. (printed pp. 129–131).",https://archive.org/details/florasymbolica00ingr/page/n154/mode/1up,,yes,https://archive.org/details/florasymbolica00ingr/page/n404/mode/1up
458,Marvel of Peru,Marvel of Peru,,Timidity.,Çekingenlik.,automatic_literal_gloss_needs_language_review,359,n404,left,include,Final Stage 1 candidate: passes the owner-approved everyday-flower rule and the source-specific narrative threshold.,yes,Marvel of Peru,197–199,n228,"Source-specific context: Ingram presents Marvel of Peru as timidity or bashful love, emphasizing its many flower colours and its nocturnal habit of opening when most other plants sleep. (printed pp. 197–199).",https://archive.org/details/florasymbolica00ingr/page/n228/mode/1up,,yes,https://archive.org/details/florasymbolica00ingr/page/n404/mode/1up
465,Michaelmas Daisy,Michaelmas Daisy,,After-thought.,Sonradan düşünüldü.,automatic_literal_gloss_needs_language_review,359,n404,left,include,Final Stage 1 candidate: passes the owner-approved everyday-flower rule and the source-specific narrative threshold.,yes,Daisy,266–268,n303,"Source-specific context: Ingram treats Daisy as innocence and explains its exceptional poetic popularity through its persistence, its old name day's-eye, and its Marguerite associations in French courtly symbolism. (printed pp. 266–268).",https://archive.org/details/florasymbolica00ingr/page/n303/mode/1up,,yes,https://archive.org/details/florasymbolica00ingr/page/n404/mode/1up
466,Mignonette,Mignonette,,Your qualities surpass your charms.,Nitelikleriniz cazibenizi aşıyor.,automatic_literal_gloss_needs_language_review,359,n404,left,include,Final Stage 1 candidate: passes the owner-approved everyday-flower rule and the source-specific narrative threshold.,yes,Mignonette,279–279,n316,"Source-specific context: Ingram interprets Mignonette as qualities surpassing charms, contrasting its modest appearance with a fragrance that carried garden pleasure into urban homes and workrooms. (printed p. 279).",https://archive.org/details/florasymbolica00ingr/page/n316/mode/1up,,yes,https://archive.org/details/florasymbolica00ingr/page/n404/mode/1up
499,Narcissus,Narcissus,,Egotism.,Bencillik.,automatic_literal_gloss_needs_language_review,359,n404,right,include,Final Stage 1 candidate: passes the owner-approved everyday-flower rule and the source-specific narrative threshold.,yes,Narcissus,251–251,n286,"Source-specific context: Ingram presents Narcissus as self-love through the myth of the youth who falls in love with his reflection, dies, and is transformed into the flower bearing his name. (printed p. 251).",https://archive.org/details/florasymbolica00ingr/page/n286/mode/1up,,yes,https://archive.org/details/florasymbolica00ingr/page/n404/mode/1up
506,Night Convolvulus,Night Convolvulus,,Night.,Gece.,automatic_literal_gloss_needs_language_review,359,n404,right,include,Final Stage 1 candidate: passes the owner-approved everyday-flower rule and the source-specific narrative threshold.,yes,Convolvulus,318–319,n359,"Source-specific context: Ingram presents Convolvulus as night through its evening closure and sky-like colours, while distinguishing major and minor forms associated with extinguished hopes and repose. (printed pp. 318–319).",https://archive.org/details/florasymbolica00ingr/page/n359/mode/1up,,yes,https://archive.org/details/florasymbolica00ingr/page/n404/mode/1up
514,Orange Blossoms,Orange Blossoms,,Your purity equals your loveliness.,"Saflığınız, sevimliliğinize eşittir.",automatic_literal_gloss_needs_language_review,359,n404,right,include,Final Stage 1 candidate: passes the owner-approved everyday-flower rule and the source-specific narrative threshold.,yes,Orange-blossom,75–78,n96,"Source-specific context: Ingram links Orange-blossom with chastity through bridal wreath custom and notes the orange tree's simultaneous foliage, flowers, and fruit as an emblem of generosity. (printed pp. 75–78).",https://archive.org/details/florasymbolica00ingr/page/n96/mode/1up,,yes,https://archive.org/details/florasymbolica00ingr/page/n404/mode/1up
515,Orange Flowers,Orange Flowers,,Chastity. Bridal festivities.,İffet. Gelin şenlikleri.,automatic_literal_gloss_needs_language_review,359,n404,right,include,Final Stage 1 candidate: passes the owner-approved everyday-flower rule and the source-specific narrative threshold.,yes,Orange-blossom,75–78,n96,"Source-specific context: Ingram links Orange-blossom with chastity through bridal wreath custom and notes the orange tree's simultaneous foliage, flowers, and fruit as an emblem of generosity. (printed pp. 75–78).",https://archive.org/details/florasymbolica00ingr/page/n96/mode/1up,,yes,https://archive.org/details/florasymbolica00ingr/page/n404/mode/1up
522,Pansy,Pansy,,Thoughts.,Düşünceler.,automatic_literal_gloss_needs_language_review,359,n404,right,include,Final Stage 1 candidate: passes the owner-approved everyday-flower rule and the source-specific narrative threshold.,yes,Heart’s-ease,165–169,n194,"Source-specific context: Ingram links Heart's-ease or pansy with thought and remembrance through the French pensée and Shakespeare's floral symbolism, while contrasting its rich colours with the violet's fragrance. (printed pp. 165–169).",https://archive.org/details/florasymbolica00ingr/page/n194/mode/1up,,yes,https://archive.org/details/florasymbolica00ingr/page/n404/mode/1up
525,Passion Flower,Passion Flower,,"Religious superstition, when the flower is reversed, or Faith if erect.","Çiçek ters çevrildiğinde dini batıl inanç, dikildiğinde ise inanç.",automatic_literal_gloss_needs_language_review,359,n404,right,include,Final Stage 1 candidate: passes the owner-approved everyday-flower rule and the source-specific narrative threshold.,yes,Passion Flower,304–305,n343,"Source-specific context: Ingram presents Passion Flower as faith through the Christian interpretation of its floral structures as instruments and signs of the Passion, first emphasized by Spanish observers in South America. (printed pp. 304–305).",https://archive.org/details/florasymbolica00ingr/page/n343/mode/1up,"PASSION FLOWER — colour plate, IA n344 (between pp. 304–305)",no,https://archive.org/details/florasymbolica00ingr/page/n404/mode/1up
537,"Periwinkle, Blue",Periwinkle,Blue,Early friendship.,Erken dostluk.,automatic_literal_gloss_needs_language_review,360,n405,left,include,Final Stage 1 candidate: passes the owner-approved everyday-flower rule and the source-specific narrative threshold.,yes,Periwinkle,86–87,n109,Source-specific context: Ingram links Periwinkle with tender recollections through Rousseau's account of recognizing the flower after thirty years and recovering a vivid memory of Madame de Warens. (printed pp. 86–87).,https://archive.org/details/florasymbolica00ingr/page/n109/mode/1up,"WOOD ANEMONE AND PERIWINKLE — colour plate, IA n104",no,https://archive.org/details/florasymbolica00ingr/page/n405/mode/1up
538,"Periwinkle, White",Periwinkle,White,Pleasures of memory.,Hafızanın zevkleri.,automatic_literal_gloss_needs_language_review,360,n405,left,include,Final Stage 1 candidate: passes the owner-approved everyday-flower rule and the source-specific narrative threshold.,yes,Periwinkle,86–87,n109,Source-specific context: Ingram links Periwinkle with tender recollections through Rousseau's account of recognizing the flower after thirty years and recovering a vivid memory of Madame de Warens. (printed pp. 86–87).,https://archive.org/details/florasymbolica00ingr/page/n109/mode/1up,,yes,https://archive.org/details/florasymbolica00ingr/page/n405/mode/1up
541,Peruvian Heliotrope,Peruvian Heliotrope,,Devotion.,Özveri.,automatic_literal_gloss_needs_language_review,360,n405,left,include,Final Stage 1 candidate: passes the owner-approved everyday-flower rule and the source-specific narrative threshold.,yes,Heliotrope,112–113,n137,Source-specific context: Ingram links Heliotrope with devoted attachment through the belief that it turns toward the sun and the myth of Clytie's unchanging love for Apollo. (printed pp. 112–113).,https://archive.org/details/florasymbolica00ingr/page/n137/mode/1up,,yes,https://archive.org/details/florasymbolica00ingr/page/n405/mode/1up
546,Pimpernel,Pimpernel,,Change. Assignation.,Değiştirmek. Görev.,automatic_literal_gloss_needs_language_review,360,n405,left,include,Final Stage 1 candidate: passes the owner-approved everyday-flower rule and the source-specific narrative threshold.,yes,Pimpernel,233–234,n268,"Source-specific context: Ingram presents Pimpernel as change through the timed opening and weather-sensitive closing of its scarlet flowers, which earned names such as poor man's weather-glass. (printed pp. 233–234).",https://archive.org/details/florasymbolica00ingr/page/n268/mode/1up,,yes,https://archive.org/details/florasymbolica00ingr/page/n405/mode/1up
551,Pink,Pink,,Boldness.,Cesaret.,automatic_literal_gloss_needs_language_review,360,n405,left,include,Final Stage 1 candidate: passes the owner-approved everyday-flower rule and the source-specific narrative threshold.,yes,Pink,142–143,n169,"Source-specific context: Ingram links Pink with pure love, explains its classical names as the divine or Jove's flower, and distinguishes smaller pinks and gillyflowers from larger carnations. (printed pp. 142–143).",https://archive.org/details/florasymbolica00ingr/page/n169/mode/1up,,yes,https://archive.org/details/florasymbolica00ingr/page/n405/mode/1up
552,"Pink, Carnation","Pink, Carnation",Carnation,Woman’s love.,Kadının aşkı.,automatic_literal_gloss_needs_language_review,360,n405,left,include,Final Stage 1 candidate: passes the owner-approved everyday-flower rule and the source-specific narrative threshold.,yes,Pink,142–143,n169,"Source-specific context: Ingram links Pink with pure love, explains its classical names as the divine or Jove's flower, and distinguishes smaller pinks and gillyflowers from larger carnations. (printed pp. 142–143).",https://archive.org/details/florasymbolica00ingr/page/n169/mode/1up,,yes,https://archive.org/details/florasymbolica00ingr/page/n405/mode/1up
553,"Pink, Indian, Double",Pink,"Indian, Double",Always lovely.,Her zaman güzel.,automatic_literal_gloss_needs_language_review,360,n405,left,include,Final Stage 1 candidate: passes the owner-approved everyday-flower rule and the source-specific narrative threshold.,yes,Pink,142–143,n169,"Source-specific context: Ingram links Pink with pure love, explains its classical names as the divine or Jove's flower, and distinguishes smaller pinks and gillyflowers from larger carnations. (printed pp. 142–143).",https://archive.org/details/florasymbolica00ingr/page/n169/mode/1up,,yes,https://archive.org/details/florasymbolica00ingr/page/n405/mode/1up
554,"Pink, Indian, Single",Pink,"Indian, Single",Aversion.,Kaçınma.,automatic_literal_gloss_needs_language_review,360,n405,left,include,Final Stage 1 candidate: passes the owner-approved everyday-flower rule and the source-specific narrative threshold.,yes,Pink,142–143,n169,"Source-specific context: Ingram links Pink with pure love, explains its classical names as the divine or Jove's flower, and distinguishes smaller pinks and gillyflowers from larger carnations. (printed pp. 142–143).",https://archive.org/details/florasymbolica00ingr/page/n169/mode/1up,,yes,https://archive.org/details/florasymbolica00ingr/page/n405/mode/1up
555,"Pink, Mountain","Pink, Mountain",Mountain,Aspiring.,Hedefli.,automatic_literal_gloss_needs_language_review,360,n405,left,include,Final Stage 1 candidate: passes the owner-approved everyday-flower rule and the source-specific narrative threshold.,yes,Pink,142–143,n169,"Source-specific context: Ingram links Pink with pure love, explains its classical names as the divine or Jove's flower, and distinguishes smaller pinks and gillyflowers from larger carnations. (printed pp. 142–143).",https://archive.org/details/florasymbolica00ingr/page/n169/mode/1up,,yes,https://archive.org/details/florasymbolica00ingr/page/n405/mode/1up
556,"Pink, Red, Double",Pink,"Red, Double",Pure and ardent love.,Saf ve ateşli aşk.,automatic_literal_gloss_needs_language_review,360,n405,left,include,Final Stage 1 candidate: passes the owner-approved everyday-flower rule and the source-specific narrative threshold.,yes,Pink,142–143,n169,"Source-specific context: Ingram links Pink with pure love, explains its classical names as the divine or Jove's flower, and distinguishes smaller pinks and gillyflowers from larger carnations. (printed pp. 142–143).",https://archive.org/details/florasymbolica00ingr/page/n169/mode/1up,,yes,https://archive.org/details/florasymbolica00ingr/page/n405/mode/1up
557,"Pink, Single",Pink,Single,Pure love.,Saf aşk.,automatic_literal_gloss_needs_language_review,360,n405,left,include,Final Stage 1 candidate: passes the owner-approved everyday-flower rule and the source-specific narrative threshold.,yes,Pink,142–143,n169,"Source-specific context: Ingram links Pink with pure love, explains its classical names as the divine or Jove's flower, and distinguishes smaller pinks and gillyflowers from larger carnations. (printed pp. 142–143).",https://archive.org/details/florasymbolica00ingr/page/n169/mode/1up,,yes,https://archive.org/details/florasymbolica00ingr/page/n405/mode/1up
558,"Pink, Variegated",Pink,Variegated,Refusal.,Reddetme.,automatic_literal_gloss_needs_language_review,360,n405,left,include,Final Stage 1 candidate: passes the owner-approved everyday-flower rule and the source-specific narrative threshold.,yes,Pink,142–143,n169,"Source-specific context: Ingram links Pink with pure love, explains its classical names as the divine or Jove's flower, and distinguishes smaller pinks and gillyflowers from larger carnations. (printed pp. 142–143).",https://archive.org/details/florasymbolica00ingr/page/n169/mode/1up,,yes,https://archive.org/details/florasymbolica00ingr/page/n405/mode/1up
559,"Pink, White",Pink,White,Ingeniousness. Talent.,Yaratıcılık. Yetenek.,automatic_literal_gloss_needs_language_review,360,n405,left,include,Final Stage 1 candidate: passes the owner-approved everyday-flower rule and the source-specific narrative threshold.,yes,Pink,142–143,n169,"Source-specific context: Ingram links Pink with pure love, explains its classical names as the divine or Jove's flower, and distinguishes smaller pinks and gillyflowers from larger carnations. (printed pp. 142–143).",https://archive.org/details/florasymbolica00ingr/page/n169/mode/1up,,yes,https://archive.org/details/florasymbolica00ingr/page/n405/mode/1up
566,Polyanthus,Polyanthus,,Pride of riches.,Zenginliğin gururu.,automatic_literal_gloss_needs_language_review,360,n405,left,include,Final Stage 1 candidate: passes the owner-approved everyday-flower rule and the source-specific narrative threshold.,yes,Polyanthus,224–225,n257,"Source-specific context: Ingram treats Polyanthus as an early, many-coloured relative of the primrose and recounts the myth that it sprang from the ashes of a youth mourning Melicerta. (printed pp. 224–225).",https://archive.org/details/florasymbolica00ingr/page/n257/mode/1up,,yes,https://archive.org/details/florasymbolica00ingr/page/n405/mode/1up
567,"Polyanthus, Crimson","Polyanthus, Crimson",Crimson,The heart’s mystery.,Kalbin gizemi.,automatic_literal_gloss_needs_language_review,360,n405,left,include,Final Stage 1 candidate: passes the owner-approved everyday-flower rule and the source-specific narrative threshold.,yes,Polyanthus,224–225,n257,"Source-specific context: Ingram treats Polyanthus as an early, many-coloured relative of the primrose and recounts the myth that it sprang from the ashes of a youth mourning Melicerta. (printed pp. 224–225).",https://archive.org/details/florasymbolica00ingr/page/n257/mode/1up,,yes,https://archive.org/details/florasymbolica00ingr/page/n405/mode/1up
568,"Polyanthus, Lilac",Polyanthus,Lilac,Confidence.,Kendinden emin.,automatic_literal_gloss_needs_language_review,360,n405,left,include,Final Stage 1 candidate: passes the owner-approved everyday-flower rule and the source-specific narrative threshold.,yes,Lilac,114–115,n139,Source-specific context: Ingram links Lilac with love's first emotions through its early fragrant bloom and recounts a tradition that a celebrated flower painter despaired of reproducing its harmonious colours. (printed pp. 114–115).,https://archive.org/details/florasymbolica00ingr/page/n139/mode/1up,,yes,https://archive.org/details/florasymbolica00ingr/page/n405/mode/1up
574,"Poppy, Red",Poppy,Red,Consolation.,Teselli.,automatic_literal_gloss_needs_language_review,360,n405,left,include,Final Stage 1 candidate: passes the owner-approved everyday-flower rule and the source-specific narrative threshold.,yes,Poppy,140–141,n167,Source-specific context: Ingram links Poppy with consolation and oblivion through its sleep-inducing qualities and the myth that Ceres used it to soothe her grief while searching for Proserpine. (printed pp. 140–141).,https://archive.org/details/florasymbolica00ingr/page/n167/mode/1up,,yes,https://archive.org/details/florasymbolica00ingr/page/n405/mode/1up
575,"Poppy, Scarlet",Poppy,Scarlet,Fantastic extravagance.,Fantastik savurganlık.,automatic_literal_gloss_needs_language_review,360,n405,left,include,Final Stage 1 candidate: passes the owner-approved everyday-flower rule and the source-specific narrative threshold.,yes,Poppy,140–141,n167,Source-specific context: Ingram links Poppy with consolation and oblivion through its sleep-inducing qualities and the myth that Ceres used it to soothe her grief while searching for Proserpine. (printed pp. 140–141).,https://archive.org/details/florasymbolica00ingr/page/n167/mode/1up,,yes,https://archive.org/details/florasymbolica00ingr/page/n405/mode/1up
576,"Poppy, White",Poppy,White,Sleep. My bane.,Uyumak. Benim felaketim.,automatic_literal_gloss_needs_language_review,360,n405,left,include,Final Stage 1 candidate: passes the owner-approved everyday-flower rule and the source-specific narrative threshold.,yes,Poppy,140–141,n167,Source-specific context: Ingram links Poppy with consolation and oblivion through its sleep-inducing qualities and the myth that Ceres used it to soothe her grief while searching for Proserpine. (printed pp. 140–141).,https://archive.org/details/florasymbolica00ingr/page/n167/mode/1up,,yes,https://archive.org/details/florasymbolica00ingr/page/n405/mode/1up
581,Primrose,Primrose,,Early youth and sadness.,Erken gençlik ve üzüntü.,automatic_literal_gloss_needs_language_review,360,n405,left,include,Final Stage 1 candidate: passes the owner-approved everyday-flower rule and the source-specific narrative threshold.,yes,Primrose,262–265,n299,"Source-specific context: Ingram presents Primrose as youth and supports the association with English poetry that treats the early, pale, fragile flower as an emblem of young life and early death. (printed pp. 262–265).",https://archive.org/details/florasymbolica00ingr/page/n299/mode/1up,"PRIMROSE, HEATH AND VIOLET — colour plate, IA n292 (between pp. 256–257)",no,https://archive.org/details/florasymbolica00ingr/page/n405/mode/1up
582,"Primrose, Evening","Primrose, Evening",Evening,Inconstancy.,Tutarsızlık.,automatic_literal_gloss_needs_language_review,360,n405,left,include,Final Stage 1 candidate: passes the owner-approved everyday-flower rule and the source-specific narrative threshold.,yes,Primrose,262–265,n299,"Source-specific context: Ingram presents Primrose as youth and supports the association with English poetry that treats the early, pale, fragile flower as an emblem of young life and early death. (printed pp. 262–265).",https://archive.org/details/florasymbolica00ingr/page/n299/mode/1up,,yes,https://archive.org/details/florasymbolica00ingr/page/n405/mode/1up
583,"Primrose, Red",Primrose,Red,Unpatronized merit.,Patronize edilmemiş liyakat.,automatic_literal_gloss_needs_language_review,360,n405,left,include,Final Stage 1 candidate: passes the owner-approved everyday-flower rule and the source-specific narrative threshold.,yes,Primrose,262–265,n299,"Source-specific context: Ingram presents Primrose as youth and supports the association with English poetry that treats the early, pale, fragile flower as an emblem of young life and early death. (printed pp. 262–265).",https://archive.org/details/florasymbolica00ingr/page/n299/mode/1up,,yes,https://archive.org/details/florasymbolica00ingr/page/n405/mode/1up
585,Purple Clover,Purple Clover,,Provident.,İhtiyatlı.,automatic_literal_gloss_needs_language_review,360,n405,left,include,Final Stage 1 candidate: passes the owner-approved everyday-flower rule and the source-specific narrative threshold.,yes,Clover,235–236,n270,"Source-specific context: Ingram links white Clover or shamrock with promise and surveys its Irish national and religious symbolism, including the tradition that St. Patrick used the trefoil to explain the Trinity. (printed pp. 235–236).",https://archive.org/details/florasymbolica00ingr/page/n270/mode/1up,,yes,https://archive.org/details/florasymbolica00ingr/page/n405/mode/1up
603,Rose,Rose,,Love.,Aşk.,automatic_literal_gloss_needs_language_review,360,n405,right,include,Final Stage 1 candidate: passes the owner-approved everyday-flower rule and the source-specific narrative threshold.,yes,Rose,23–48,n40,"Source-specific context: Ingram presents Rose as the universal emblem of love and builds an extensive literary, historical, religious, and mythological survey around its beauty, fragrance, colours, and varieties. (printed pp. 23–48).",https://archive.org/details/florasymbolica00ingr/page/n40/mode/1up,"ROSE — colour plate, IA n38 (between pp. 22–23); LILY AND ROSE — colour plate, IA n58 (between pp. 40–41)",no,https://archive.org/details/florasymbolica00ingr/page/n405/mode/1up
604,"Rose, Austrian","Rose, Austrian",Austrian,Thou art all that is lovely.,Sen güzel olan her şeysin.,automatic_literal_gloss_needs_language_review,360,n405,right,include,Final Stage 1 candidate: passes the owner-approved everyday-flower rule and the source-specific narrative threshold.,yes,Rose,23–48,n40,"Source-specific context: Ingram presents Rose as the universal emblem of love and builds an extensive literary, historical, religious, and mythological survey around its beauty, fragrance, colours, and varieties. (printed pp. 23–48).",https://archive.org/details/florasymbolica00ingr/page/n40/mode/1up,,yes,https://archive.org/details/florasymbolica00ingr/page/n405/mode/1up
605,"Rose, Bridal","Rose, Bridal",Bridal,Happy love.,Mutlu aşk.,automatic_literal_gloss_needs_language_review,360,n405,right,include,Final Stage 1 candidate: passes the owner-approved everyday-flower rule and the source-specific narrative threshold.,yes,Rose,23–48,n40,"Source-specific context: Ingram presents Rose as the universal emblem of love and builds an extensive literary, historical, religious, and mythological survey around its beauty, fragrance, colours, and varieties. (printed pp. 23–48).",https://archive.org/details/florasymbolica00ingr/page/n40/mode/1up,,yes,https://archive.org/details/florasymbolica00ingr/page/n405/mode/1up
606,"Rose, Burgundy","Rose, Burgundy",Burgundy,Unconscious beauty.,Bilinçsiz güzellik.,automatic_literal_gloss_needs_language_review,360,n405,right,include,Final Stage 1 candidate: passes the owner-approved everyday-flower rule and the source-specific narrative threshold.,yes,Rose,23–48,n40,"Source-specific context: Ingram presents Rose as the universal emblem of love and builds an extensive literary, historical, religious, and mythological survey around its beauty, fragrance, colours, and varieties. (printed pp. 23–48).",https://archive.org/details/florasymbolica00ingr/page/n40/mode/1up,,yes,https://archive.org/details/florasymbolica00ingr/page/n405/mode/1up
607,"Rose, Cabbage","Rose, Cabbage",Cabbage,A mbassador of love.,Bir aşk elçisi.,automatic_literal_gloss_needs_language_review,360,n405,right,include,Final Stage 1 candidate: passes the owner-approved everyday-flower rule and the source-specific narrative threshold.,yes,Rose,23–48,n40,"Source-specific context: Ingram presents Rose as the universal emblem of love and builds an extensive literary, historical, religious, and mythological survey around its beauty, fragrance, colours, and varieties. (printed pp. 23–48).",https://archive.org/details/florasymbolica00ingr/page/n40/mode/1up,,yes,https://archive.org/details/florasymbolica00ingr/page/n405/mode/1up
608,"Rose, Campion","Rose, Campion",Campion,Only deserve my love.,Sadece sevgimi hak et.,automatic_literal_gloss_needs_language_review,360,n405,right,include,Final Stage 1 candidate: passes the owner-approved everyday-flower rule and the source-specific narrative threshold.,yes,Rose,23–48,n40,"Source-specific context: Ingram presents Rose as the universal emblem of love and builds an extensive literary, historical, religious, and mythological survey around its beauty, fragrance, colours, and varieties. (printed pp. 23–48).",https://archive.org/details/florasymbolica00ingr/page/n40/mode/1up,,yes,https://archive.org/details/florasymbolica00ingr/page/n405/mode/1up
609,"Rose, Carolina","Rose, Carolina",Carolina,Love is dangerous.,Aşk tehlikelidir.,automatic_literal_gloss_needs_language_review,360,n405,right,include,Final Stage 1 candidate: passes the owner-approved everyday-flower rule and the source-specific narrative threshold.,yes,Rose,23–48,n40,"Source-specific context: Ingram presents Rose as the universal emblem of love and builds an extensive literary, historical, religious, and mythological survey around its beauty, fragrance, colours, and varieties. (printed pp. 23–48).",https://archive.org/details/florasymbolica00ingr/page/n40/mode/1up,,yes,https://archive.org/details/florasymbolica00ingr/page/n405/mode/1up
610,"Rose, China","Rose, China",China,Beauty always new.,Güzellik her zaman yenidir.,automatic_literal_gloss_needs_language_review,360,n405,right,include,Final Stage 1 candidate: passes the owner-approved everyday-flower rule and the source-specific narrative threshold.,yes,Rose,23–48,n40,"Source-specific context: Ingram presents Rose as the universal emblem of love and builds an extensive literary, historical, religious, and mythological survey around its beauty, fragrance, colours, and varieties. (printed pp. 23–48).",https://archive.org/details/florasymbolica00ingr/page/n40/mode/1up,,yes,https://archive.org/details/florasymbolica00ingr/page/n405/mode/1up
611,"Rose, Christmas","Rose, Christmas",Christmas,Tranquillize my anxiety.,Kaygımı yatıştır.,automatic_literal_gloss_needs_language_review,360,n405,right,include,Final Stage 1 candidate: passes the owner-approved everyday-flower rule and the source-specific narrative threshold.,yes,Rose,23–48,n40,"Source-specific context: Ingram presents Rose as the universal emblem of love and builds an extensive literary, historical, religious, and mythological survey around its beauty, fragrance, colours, and varieties. (printed pp. 23–48).",https://archive.org/details/florasymbolica00ingr/page/n40/mode/1up,,yes,https://archive.org/details/florasymbolica00ingr/page/n405/mode/1up
612,"Rose, Daily","Rose, Daily",Daily,Thy smile I aspire to.,Senin arzuladığım gülüşün.,automatic_literal_gloss_needs_language_review,360,n405,right,include,Final Stage 1 candidate: passes the owner-approved everyday-flower rule and the source-specific narrative threshold.,yes,Rose,23–48,n40,"Source-specific context: Ingram presents Rose as the universal emblem of love and builds an extensive literary, historical, religious, and mythological survey around its beauty, fragrance, colours, and varieties. (printed pp. 23–48).",https://archive.org/details/florasymbolica00ingr/page/n40/mode/1up,,yes,https://archive.org/details/florasymbolica00ingr/page/n405/mode/1up
613,"Rose, Damask","Rose, Damask",Damask,Brilliant complexion.,Parlak ten rengi.,automatic_literal_gloss_needs_language_review,360,n405,right,include,Final Stage 1 candidate: passes the owner-approved everyday-flower rule and the source-specific narrative threshold.,yes,Rose,23–48,n40,"Source-specific context: Ingram presents Rose as the universal emblem of love and builds an extensive literary, historical, religious, and mythological survey around its beauty, fragrance, colours, and varieties. (printed pp. 23–48).",https://archive.org/details/florasymbolica00ingr/page/n40/mode/1up,,yes,https://archive.org/details/florasymbolica00ingr/page/n405/mode/1up
614,"Rose, Deep Red",Rose,Deep Red,Bashful shame.,Utangaç bir utanç.,automatic_literal_gloss_needs_language_review,360,n405,right,include,Final Stage 1 candidate: passes the owner-approved everyday-flower rule and the source-specific narrative threshold.,yes,Rose,23–48,n40,"Source-specific context: Ingram presents Rose as the universal emblem of love and builds an extensive literary, historical, religious, and mythological survey around its beauty, fragrance, colours, and varieties. (printed pp. 23–48).",https://archive.org/details/florasymbolica00ingr/page/n40/mode/1up,,yes,https://archive.org/details/florasymbolica00ingr/page/n405/mode/1up
615,"Rose, Dog","Rose, Dog",Dog,Pleasure and pain.,Zevk ve acı.,automatic_literal_gloss_needs_language_review,360,n405,right,include,Final Stage 1 candidate: passes the owner-approved everyday-flower rule and the source-specific narrative threshold.,yes,Rose,23–48,n40,"Source-specific context: Ingram presents Rose as the universal emblem of love and builds an extensive literary, historical, religious, and mythological survey around its beauty, fragrance, colours, and varieties. (printed pp. 23–48).",https://archive.org/details/florasymbolica00ingr/page/n40/mode/1up,,yes,https://archive.org/details/florasymbolica00ingr/page/n405/mode/1up
616,"Rose, Guelder","Rose, Guelder",Guelder,Winter. Age.,Kış. Yaş.,automatic_literal_gloss_needs_language_review,360,n405,right,include,Final Stage 1 candidate: passes the owner-approved everyday-flower rule and the source-specific narrative threshold.,yes,Rose,23–48,n40,"Source-specific context: Ingram presents Rose as the universal emblem of love and builds an extensive literary, historical, religious, and mythological survey around its beauty, fragrance, colours, and varieties. (printed pp. 23–48).",https://archive.org/details/florasymbolica00ingr/page/n40/mode/1up,,yes,https://archive.org/details/florasymbolica00ingr/page/n405/mode/1up
617,"Rose, Hundred-leaved","Rose, Hundred-leaved",Hundred-leaved,Pride.,Gurur.,automatic_literal_gloss_needs_language_review,360,n405,right,include,Final Stage 1 candidate: passes the owner-approved everyday-flower rule and the source-specific narrative threshold.,yes,Rose,23–48,n40,"Source-specific context: Ingram presents Rose as the universal emblem of love and builds an extensive literary, historical, religious, and mythological survey around its beauty, fragrance, colours, and varieties. (printed pp. 23–48).",https://archive.org/details/florasymbolica00ingr/page/n40/mode/1up,,yes,https://archive.org/details/florasymbolica00ingr/page/n405/mode/1up
618,"Rose, Japan","Rose, Japan",Japan,Beauty is your only attraction.,Güzellik sizin tek çekiciliğinizdir.,automatic_literal_gloss_needs_language_review,360,n405,right,include,Final Stage 1 candidate: passes the owner-approved everyday-flower rule and the source-specific narrative threshold.,yes,Rose,23–48,n40,"Source-specific context: Ingram presents Rose as the universal emblem of love and builds an extensive literary, historical, religious, and mythological survey around its beauty, fragrance, colours, and varieties. (printed pp. 23–48).",https://archive.org/details/florasymbolica00ingr/page/n40/mode/1up,,yes,https://archive.org/details/florasymbolica00ingr/page/n405/mode/1up
619,"Rose, Maiden-blush","Rose, Maiden-blush",Maiden-blush,If you love me you will find it out.,Eğer beni seviyorsan bunu anlayacaksın.,automatic_literal_gloss_needs_language_review,360,n405,right,include,Final Stage 1 candidate: passes the owner-approved everyday-flower rule and the source-specific narrative threshold.,yes,Rose,23–48,n40,"Source-specific context: Ingram presents Rose as the universal emblem of love and builds an extensive literary, historical, religious, and mythological survey around its beauty, fragrance, colours, and varieties. (printed pp. 23–48).",https://archive.org/details/florasymbolica00ingr/page/n40/mode/1up,,yes,https://archive.org/details/florasymbolica00ingr/page/n405/mode/1up
620,"Rose, Montiflora","Rose, Montiflora",Montiflora,Grace.,Lütuf.,automatic_literal_gloss_needs_language_review,360,n405,right,include,Final Stage 1 candidate: passes the owner-approved everyday-flower rule and the source-specific narrative threshold.,yes,Rose,23–48,n40,"Source-specific context: Ingram presents Rose as the universal emblem of love and builds an extensive literary, historical, religious, and mythological survey around its beauty, fragrance, colours, and varieties. (printed pp. 23–48).",https://archive.org/details/florasymbolica00ingr/page/n40/mode/1up,,yes,https://archive.org/details/florasymbolica00ingr/page/n405/mode/1up
621,"Rose, Mundi","Rose, Mundi",Mundi,Variety.,Çeşitlilik.,automatic_literal_gloss_needs_language_review,360,n405,right,include,Final Stage 1 candidate: passes the owner-approved everyday-flower rule and the source-specific narrative threshold.,yes,Rose,23–48,n40,"Source-specific context: Ingram presents Rose as the universal emblem of love and builds an extensive literary, historical, religious, and mythological survey around its beauty, fragrance, colours, and varieties. (printed pp. 23–48).",https://archive.org/details/florasymbolica00ingr/page/n40/mode/1up,,yes,https://archive.org/details/florasymbolica00ingr/page/n405/mode/1up
622,"Rose, Musk","Rose, Musk",Musk,Capricious beauty.,Kaprisli güzellik.,automatic_literal_gloss_needs_language_review,360,n405,right,include,Final Stage 1 candidate: passes the owner-approved everyday-flower rule and the source-specific narrative threshold.,yes,Rose,23–48,n40,"Source-specific context: Ingram presents Rose as the universal emblem of love and builds an extensive literary, historical, religious, and mythological survey around its beauty, fragrance, colours, and varieties. (printed pp. 23–48).",https://archive.org/details/florasymbolica00ingr/page/n40/mode/1up,,yes,https://archive.org/details/florasymbolica00ingr/page/n405/mode/1up
623,"Rose, Musk, Cluster","Rose, Musk, Cluster","Musk, Cluster",Charming.,Alımlı.,automatic_literal_gloss_needs_language_review,360,n405,right,include,Final Stage 1 candidate: passes the owner-approved everyday-flower rule and the source-specific narrative threshold.,yes,Rose,23–48,n40,"Source-specific context: Ingram presents Rose as the universal emblem of love and builds an extensive literary, historical, religious, and mythological survey around its beauty, fragrance, colours, and varieties. (printed pp. 23–48).",https://archive.org/details/florasymbolica00ingr/page/n40/mode/1up,,yes,https://archive.org/details/florasymbolica00ingr/page/n405/mode/1up
624,"Rose, Single",Rose,Single,Simplicity.,Sadelik.,automatic_literal_gloss_needs_language_review,360,n405,right,include,Final Stage 1 candidate: passes the owner-approved everyday-flower rule and the source-specific narrative threshold.,yes,Rose,23–48,n40,"Source-specific context: Ingram presents Rose as the universal emblem of love and builds an extensive literary, historical, religious, and mythological survey around its beauty, fragrance, colours, and varieties. (printed pp. 23–48).",https://archive.org/details/florasymbolica00ingr/page/n40/mode/1up,,yes,https://archive.org/details/florasymbolica00ingr/page/n405/mode/1up
625,"Rose, Thornless","Rose, Thornless",Thornless,Early attachment.,Erken bağlanma.,automatic_literal_gloss_needs_language_review,360,n405,right,include,Final Stage 1 candidate: passes the owner-approved everyday-flower rule and the source-specific narrative threshold.,yes,Rose,23–48,n40,"Source-specific context: Ingram presents Rose as the universal emblem of love and builds an extensive literary, historical, religious, and mythological survey around its beauty, fragrance, colours, and varieties. (printed pp. 23–48).",https://archive.org/details/florasymbolica00ingr/page/n40/mode/1up,,yes,https://archive.org/details/florasymbolica00ingr/page/n405/mode/1up
626,"Rose, Unique","Rose, Unique",Unique,Call me not beautiful.,Bana güzel değil de.,automatic_literal_gloss_needs_language_review,360,n405,right,include,Final Stage 1 candidate: passes the owner-approved everyday-flower rule and the source-specific narrative threshold.,yes,Rose,23–48,n40,"Source-specific context: Ingram presents Rose as the universal emblem of love and builds an extensive literary, historical, religious, and mythological survey around its beauty, fragrance, colours, and varieties. (printed pp. 23–48).",https://archive.org/details/florasymbolica00ingr/page/n40/mode/1up,,yes,https://archive.org/details/florasymbolica00ingr/page/n405/mode/1up
627,"Rose, White",Rose,White,I am worthy of you.,Ben sana layıkım.,automatic_literal_gloss_needs_language_review,360,n405,right,include,Final Stage 1 candidate: passes the owner-approved everyday-flower rule and the source-specific narrative threshold.,yes,Rose,23–48,n40,"Source-specific context: Ingram presents Rose as the universal emblem of love and builds an extensive literary, historical, religious, and mythological survey around its beauty, fragrance, colours, and varieties. (printed pp. 23–48).",https://archive.org/details/florasymbolica00ingr/page/n40/mode/1up,,yes,https://archive.org/details/florasymbolica00ingr/page/n405/mode/1up
628,"Rose, White (withered)",Rose,White (withered),Transient impression.,Geçici izlenim.,automatic_literal_gloss_needs_language_review,360,n405,right,include,Final Stage 1 candidate: passes the owner-approved everyday-flower rule and the source-specific narrative threshold.,yes,Rose,23–48,n40,"Source-specific context: Ingram presents Rose as the universal emblem of love and builds an extensive literary, historical, religious, and mythological survey around its beauty, fragrance, colours, and varieties. (printed pp. 23–48).",https://archive.org/details/florasymbolica00ingr/page/n40/mode/1up,,yes,https://archive.org/details/florasymbolica00ingr/page/n405/mode/1up
629,"Rose, Yellow",Rose,Yellow,Decrease of love. Jealousy.,Sevginin azalması. Kıskançlık.,automatic_literal_gloss_needs_language_review,360,n405,right,include,Final Stage 1 candidate: passes the owner-approved everyday-flower rule and the source-specific narrative threshold.,yes,Rose,23–48,n40,"Source-specific context: Ingram presents Rose as the universal emblem of love and builds an extensive literary, historical, religious, and mythological survey around its beauty, fragrance, colours, and varieties. (printed pp. 23–48).",https://archive.org/details/florasymbolica00ingr/page/n40/mode/1up,,yes,https://archive.org/details/florasymbolica00ingr/page/n405/mode/1up
630,"Rose, York & Lancaster","Rose, York & Lancaster",York & Lancaster,War.,Savaş.,automatic_literal_gloss_needs_language_review,360,n405,right,include,Final Stage 1 candidate: passes the owner-approved everyday-flower rule and the source-specific narrative threshold.,yes,Rose,23–48,n40,"Source-specific context: Ingram presents Rose as the universal emblem of love and builds an extensive literary, historical, religious, and mythological survey around its beauty, fragrance, colours, and varieties. (printed pp. 23–48).",https://archive.org/details/florasymbolica00ingr/page/n40/mode/1up,,yes,https://archive.org/details/florasymbolica00ingr/page/n405/mode/1up
634,"Rosebud, Red",Rosebud,Red,Pure and lovely.,Saf ve sevimli.,automatic_literal_gloss_needs_language_review,360,n405,right,include,Final Stage 1 candidate: passes the owner-approved everyday-flower rule and the source-specific narrative threshold.,yes,Rose,23–48,n40,"Source-specific context: Ingram presents Rose as the universal emblem of love and builds an extensive literary, historical, religious, and mythological survey around its beauty, fragrance, colours, and varieties. (printed pp. 23–48).",https://archive.org/details/florasymbolica00ingr/page/n40/mode/1up,,yes,https://archive.org/details/florasymbolica00ingr/page/n405/mode/1up
635,"Rosebud, White",Rosebud,White,Girlhood.,Kızlık çağı.,automatic_literal_gloss_needs_language_review,360,n405,right,include,Final Stage 1 candidate: passes the owner-approved everyday-flower rule and the source-specific narrative threshold.,yes,Rose,23–48,n40,"Source-specific context: Ingram presents Rose as the universal emblem of love and builds an extensive literary, historical, religious, and mythological survey around its beauty, fragrance, colours, and varieties. (printed pp. 23–48).",https://archive.org/details/florasymbolica00ingr/page/n40/mode/1up,,yes,https://archive.org/details/florasymbolica00ingr/page/n405/mode/1up
636,"Rosebud, Moss","Rosebud, Moss",Moss,Confession of love.,Aşk itirafı.,automatic_literal_gloss_needs_language_review,360,n405,right,include,Final Stage 1 candidate: passes the owner-approved everyday-flower rule and the source-specific narrative threshold.,yes,Rose,23–48,n40,"Source-specific context: Ingram presents Rose as the universal emblem of love and builds an extensive literary, historical, religious, and mythological survey around its beauty, fragrance, colours, and varieties. (printed pp. 23–48).",https://archive.org/details/florasymbolica00ingr/page/n40/mode/1up,,yes,https://archive.org/details/florasymbolica00ingr/page/n405/mode/1up
644,Saffron Crocus,Saffron Crocus,,Mirth.,Neşe.,automatic_literal_gloss_needs_language_review,361,n406,left,include,Final Stage 1 candidate: passes the owner-approved everyday-flower rule and the source-specific narrative threshold.,yes,Crocus,107–109,n130,"Source-specific context: Ingram links Crocus with cheerfulness while reviewing its thread or saffron etymology, the myth of the transformed lover Crocus, and traditions about saffron's arrival in England. (printed pp. 107–109).",https://archive.org/details/florasymbolica00ingr/page/n130/mode/1up,,yes,https://archive.org/details/florasymbolica00ingr/page/n406/mode/1up
666,Snowdrop,Snowdrop,,Hope.,Umut.,automatic_literal_gloss_needs_language_review,361,n406,left,include,Final Stage 1 candidate: passes the owner-approved everyday-flower rule and the source-specific narrative threshold.,yes,Snowdrop,156–157,n183,Source-specific context: Ingram presents Snowdrop chiefly as hope and friendship in adversity because its fragile bloom rises through winter frost and snow before other wild flowers. (printed pp. 156–157).,https://archive.org/details/florasymbolica00ingr/page/n183/mode/1up,,yes,https://archive.org/details/florasymbolica00ingr/page/n406/mode/1up
671,Spanish Jasmine,Spanish Jasmine,,Sensuality.,Duygusallık.,automatic_literal_gloss_needs_language_review,361,n406,left,include,Final Stage 1 candidate: passes the owner-approved everyday-flower rule and the source-specific narrative threshold.,yes,Jasmine,68–71,n87,"Source-specific context: Ingram favors amiability among Jasmine's many meanings, then distinguishes several fragrant varieties and recounts the plant's introduction and literary reputation. (printed pp. 68–71).",https://archive.org/details/florasymbolica00ingr/page/n87/mode/1up,,yes,https://archive.org/details/florasymbolica00ingr/page/n406/mode/1up
673,Speedwell,Speedwell,,Female fidelity.,Kadın sadakati.,automatic_literal_gloss_needs_language_review,361,n406,left,include,Final Stage 1 candidate: passes the owner-approved everyday-flower rule and the source-specific narrative threshold.,yes,Speedwell,249–250,n284,Source-specific context: Ingram links Speedwell with fidelity and derives Veronica from the medieval legend of Saint Veronica's cloth bearing the true image of Christ's face. (printed pp. 249–250).,https://archive.org/details/florasymbolica00ingr/page/n284/mode/1up,,yes,https://archive.org/details/florasymbolica00ingr/page/n406/mode/1up
674,"Speedwell, Germander",Speedwell,Germander,Facility.,Tesis.,automatic_literal_gloss_needs_language_review,361,n406,left,include,Final Stage 1 candidate: passes the owner-approved everyday-flower rule and the source-specific narrative threshold.,yes,Speedwell,249–250,n284,Source-specific context: Ingram links Speedwell with fidelity and derives Veronica from the medieval legend of Saint Veronica's cloth bearing the true image of Christ's face. (printed pp. 249–250).,https://archive.org/details/florasymbolica00ingr/page/n284/mode/1up,,yes,https://archive.org/details/florasymbolica00ingr/page/n406/mode/1up
675,"Speedwell, Spiked","Speedwell, Spiked",Spiked,Semblance.,Benzerlik.,automatic_literal_gloss_needs_language_review,361,n406,left,include,Final Stage 1 candidate: passes the owner-approved everyday-flower rule and the source-specific narrative threshold.,yes,Speedwell,249–250,n284,Source-specific context: Ingram links Speedwell with fidelity and derives Veronica from the medieval legend of Saint Veronica's cloth bearing the true image of Christ's face. (printed pp. 249–250).,https://archive.org/details/florasymbolica00ingr/page/n284/mode/1up,,yes,https://archive.org/details/florasymbolica00ingr/page/n406/mode/1up
681,Starwort,Starwort,,After-thought.,Sonradan düşünüldü.,automatic_literal_gloss_needs_language_review,361,n406,left,include,Final Stage 1 candidate: passes the owner-approved everyday-flower rule and the source-specific narrative threshold.,yes,Aster,132–133,n157,"Source-specific context: Ingram explains Aster as an after-thought because it flowers when most other blooms are scarce, and notes the star-shaped name and its vivid autumn garden display. (printed pp. 132–133).",https://archive.org/details/florasymbolica00ingr/page/n157/mode/1up,,yes,https://archive.org/details/florasymbolica00ingr/page/n406/mode/1up
682,"Starwort, American",Starwort,American,Cheerfulness in old age.,Yaşlılıkta neşe.,automatic_literal_gloss_needs_language_review,361,n406,left,include,Final Stage 1 candidate: passes the owner-approved everyday-flower rule and the source-specific narrative threshold.,yes,Aster,132–133,n157,"Source-specific context: Ingram explains Aster as an after-thought because it flowers when most other blooms are scarce, and notes the star-shaped name and its vivid autumn garden display. (printed pp. 132–133).",https://archive.org/details/florasymbolica00ingr/page/n157/mode/1up,,yes,https://archive.org/details/florasymbolica00ingr/page/n406/mode/1up
684,St. John’s Wort,St. John’s Wort,,Superstition.,Batıl inanç.,automatic_literal_gloss_needs_language_review,361,n406,left,include,Final Stage 1 candidate: passes the owner-approved everyday-flower rule and the source-specific narrative threshold.,yes,St. John’s Wort,194–196,n225,Source-specific context: Ingram links St. John's Wort with superstition through traditions that it repelled evil spirits and protected homes when gathered around the saint's feast day. (printed pp. 194–196).,https://archive.org/details/florasymbolica00ingr/page/n225/mode/1up,,yes,https://archive.org/details/florasymbolica00ingr/page/n406/mode/1up
685,Stock,Stock,,Lasting beauty.,Kalıcı güzellik.,automatic_literal_gloss_needs_language_review,361,n406,left,include,Final Stage 1 candidate: passes the owner-approved everyday-flower rule and the source-specific narrative threshold.,yes,Stock,288–289,n327,"Source-specific context: Ingram presents Stock as lasting beauty, reviews the disputed historical scope of the name gillyflower, and describes centuries of cultivation that enlarged a modest seaside flower. (printed pp. 288–289).",https://archive.org/details/florasymbolica00ingr/page/n327/mode/1up,,yes,https://archive.org/details/florasymbolica00ingr/page/n406/mode/1up
686,"Stock, Ten-week","Stock, Ten-week",Ten-week,Promptness.,Hızlılık.,automatic_literal_gloss_needs_language_review,361,n406,left,include,Final Stage 1 candidate: passes the owner-approved everyday-flower rule and the source-specific narrative threshold.,yes,Stock,288–289,n327,"Source-specific context: Ingram presents Stock as lasting beauty, reviews the disputed historical scope of the name gillyflower, and describes centuries of cultivation that enlarged a modest seaside flower. (printed pp. 288–289).",https://archive.org/details/florasymbolica00ingr/page/n327/mode/1up,,yes,https://archive.org/details/florasymbolica00ingr/page/n406/mode/1up
692,"Sultan, Lilac",Sultan,Lilac,I forgive you.,Seni affediyorum.,automatic_literal_gloss_needs_language_review,361,n406,left,include,Final Stage 1 candidate: passes the owner-approved everyday-flower rule and the source-specific narrative threshold.,yes,Lilac,114–115,n139,Source-specific context: Ingram links Lilac with love's first emotions through its early fragrant bloom and recounts a tradition that a celebrated flower painter despaired of reproducing its harmonious colours. (printed pp. 114–115).,https://archive.org/details/florasymbolica00ingr/page/n139/mode/1up,,yes,https://archive.org/details/florasymbolica00ingr/page/n406/mode/1up
696,"Sunflower, Dwarf",Sunflower,Dwarf,Adoration.,Hayranlık.,automatic_literal_gloss_needs_language_review,361,n406,left,include,Final Stage 1 candidate: passes the owner-approved everyday-flower rule and the source-specific narrative threshold.,yes,Sunflower,320–323,n361,Source-specific context: Ingram presents Sunflower as false riches while reviewing the old belief that its bloom follows the sun and contrasting meanings assigned in other floral traditions. (printed pp. 320–323).,https://archive.org/details/florasymbolica00ingr/page/n361/mode/1up,,yes,https://archive.org/details/florasymbolica00ingr/page/n406/mode/1up
697,"Sunflower, Tall",Sunflower,Tall,Haughtiness. False riches.,Kibir. Sahte zenginlikler.,automatic_literal_gloss_needs_language_review,361,n406,left,include,Final Stage 1 candidate: passes the owner-approved everyday-flower rule and the source-specific narrative threshold.,yes,Sunflower,320–323,n361,Source-specific context: Ingram presents Sunflower as false riches while reviewing the old belief that its bloom follows the sun and contrasting meanings assigned in other floral traditions. (printed pp. 320–323).,https://archive.org/details/florasymbolica00ingr/page/n361/mode/1up,,yes,https://archive.org/details/florasymbolica00ingr/page/n406/mode/1up
700,"Sweetbriar, American",Sweetbriar,American,Simplicity.,Sadelik.,automatic_literal_gloss_needs_language_review,361,n406,left,include,Final Stage 1 candidate: passes the owner-approved everyday-flower rule and the source-specific narrative threshold.,yes,Rose,23–48,n40,"Source-specific context: Ingram presents Rose as the universal emblem of love and builds an extensive literary, historical, religious, and mythological survey around its beauty, fragrance, colours, and varieties. (printed pp. 23–48).",https://archive.org/details/florasymbolica00ingr/page/n40/mode/1up,,yes,https://archive.org/details/florasymbolica00ingr/page/n406/mode/1up
701,"Sweetbriar, European","Sweetbriar, European",European,I wound to heal.,İyileşmek için yaralandım.,automatic_literal_gloss_needs_language_review,361,n406,left,include,Final Stage 1 candidate: passes the owner-approved everyday-flower rule and the source-specific narrative threshold.,yes,Rose,23–48,n40,"Source-specific context: Ingram presents Rose as the universal emblem of love and builds an extensive literary, historical, religious, and mythological survey around its beauty, fragrance, colours, and varieties. (printed pp. 23–48).",https://archive.org/details/florasymbolica00ingr/page/n40/mode/1up,,yes,https://archive.org/details/florasymbolica00ingr/page/n406/mode/1up
702,"Sweetbriar, Yellow",Sweetbriar,Yellow,Decrease of love.,Sevginin azalması.,automatic_literal_gloss_needs_language_review,361,n406,left,include,Final Stage 1 candidate: passes the owner-approved everyday-flower rule and the source-specific narrative threshold.,yes,Rose,23–48,n40,"Source-specific context: Ingram presents Rose as the universal emblem of love and builds an extensive literary, historical, religious, and mythological survey around its beauty, fragrance, colours, and varieties. (printed pp. 23–48).",https://archive.org/details/florasymbolica00ingr/page/n40/mode/1up,,yes,https://archive.org/details/florasymbolica00ingr/page/n406/mode/1up
705,Sweet William,Sweet William,,Gallantry. Dexterity.,Cesaret. El becerisi.,automatic_literal_gloss_needs_language_review,361,n406,left,include,Final Stage 1 candidate: passes the owner-approved everyday-flower rule and the source-specific narrative threshold.,yes,Sweet William,290–290,n329,"Source-specific context: Ingram links Sweet William with finesse and dexterity through its neatly clustered, patterned blossoms and records names including Bearded Pink and poet's eye. (printed p. 290).",https://archive.org/details/florasymbolica00ingr/page/n329/mode/1up,,yes,https://archive.org/details/florasymbolica00ingr/page/n406/mode/1up
707,Syringa,Syringa,,Memory. Fraternal sympathy.,Hafıza. Kardeşçe sempati.,automatic_literal_gloss_needs_language_review,361,n406,right,include,Final Stage 1 candidate: passes the owner-approved everyday-flower rule and the source-specific narrative threshold.,yes,Syringa,306–306,n347,Source-specific context: Ingram links Syringa with fraternal love through the name Philadelphus and the tradition of Ptolemy Philadelphus's devotion to his brother. (printed p. 306).,https://archive.org/details/florasymbolica00ingr/page/n347/mode/1up,,yes,https://archive.org/details/florasymbolica00ingr/page/n406/mode/1up
708,"Syringa, Carolina are","Syringa, Carolina are",Carolina are,Disappointment.,Hayal kırıklığı.,automatic_literal_gloss_needs_language_review,361,n406,right,include,Final Stage 1 candidate: passes the owner-approved everyday-flower rule and the source-specific narrative threshold.,yes,Syringa,306–306,n347,Source-specific context: Ingram links Syringa with fraternal love through the name Philadelphus and the tradition of Ptolemy Philadelphus's devotion to his brother. (printed p. 306).,https://archive.org/details/florasymbolica00ingr/page/n347/mode/1up,,yes,https://archive.org/details/florasymbolica00ingr/page/n406/mode/1up
713,"Thistle, Common",Thistle,Common,Austerity. Independence.,Kemer sıkma. Bağımsızlık.,automatic_literal_gloss_needs_language_review,361,n406,right,include,Final Stage 1 candidate: passes the owner-approved everyday-flower rule and the source-specific narrative threshold.,yes,Thistle,269–271,n306,"Source-specific context: Ingram presents Thistle as independence through its Scottish national symbolism, heraldic motto, and traditions concerning its adoption by Scotland. (printed pp. 269–271).",https://archive.org/details/florasymbolica00ingr/page/n306/mode/1up,,yes,https://archive.org/details/florasymbolica00ingr/page/n406/mode/1up
714,"Thistle, Fuller’s","Thistle, Fuller’s",Fuller’s,Misanthropy.,Misantropi.,automatic_literal_gloss_needs_language_review,361,n406,right,include,Final Stage 1 candidate: passes the owner-approved everyday-flower rule and the source-specific narrative threshold.,yes,Thistle,269–271,n306,"Source-specific context: Ingram presents Thistle as independence through its Scottish national symbolism, heraldic motto, and traditions concerning its adoption by Scotland. (printed pp. 269–271).",https://archive.org/details/florasymbolica00ingr/page/n306/mode/1up,,yes,https://archive.org/details/florasymbolica00ingr/page/n406/mode/1up
715,"Thistle, Scotch","Thistle, Scotch",Scotch,R etaliation.,Misilleme.,automatic_literal_gloss_needs_language_review,361,n406,right,include,Final Stage 1 candidate: passes the owner-approved everyday-flower rule and the source-specific narrative threshold.,yes,Thistle,269–271,n306,"Source-specific context: Ingram presents Thistle as independence through its Scottish national symbolism, heraldic motto, and traditions concerning its adoption by Scotland. (printed pp. 269–271).",https://archive.org/details/florasymbolica00ingr/page/n306/mode/1up,,yes,https://archive.org/details/florasymbolica00ingr/page/n406/mode/1up
730,Tuberose,Tuberose,,Dangerous pleasures.,Tehlikeli zevkler,automatic_literal_gloss_needs_language_review,361,n406,right,include,Final Stage 1 candidate: passes the owner-approved everyday-flower rule and the source-specific narrative threshold.,yes,Tuberose,134–135,n159,"Source-specific context: Ingram presents Tuberose as dangerous pleasures through the flower's exceptionally strong perfume, while explaining that its name derives from Polianthes tuberosa rather than tubes or roses. (printed pp. 134–135).",https://archive.org/details/florasymbolica00ingr/page/n159/mode/1up,,yes,https://archive.org/details/florasymbolica00ingr/page/n406/mode/1up
731,"Tulip, Red",Tulip,Red,Declaration of love.,Aşk beyanı.,automatic_literal_gloss_needs_language_review,361,n406,right,include,Final Stage 1 candidate: passes the owner-approved everyday-flower rule and the source-specific narrative threshold.,yes,Tulip,208–210,n241,"Source-specific context: Ingram presents Tulip chiefly as a declaration of love, traces its Persian name and European introduction, and recounts the seventeenth-century Dutch speculative mania for rare bulbs. (printed pp. 208–210).",https://archive.org/details/florasymbolica00ingr/page/n241/mode/1up,,yes,https://archive.org/details/florasymbolica00ingr/page/n406/mode/1up
732,"Tulip, Variegated",Tulip,Variegated,Beautiful eyes.,Güzel gözler.,automatic_literal_gloss_needs_language_review,361,n406,right,include,Final Stage 1 candidate: passes the owner-approved everyday-flower rule and the source-specific narrative threshold.,yes,Tulip,208–210,n241,"Source-specific context: Ingram presents Tulip chiefly as a declaration of love, traces its Persian name and European introduction, and recounts the seventeenth-century Dutch speculative mania for rare bulbs. (printed pp. 208–210).",https://archive.org/details/florasymbolica00ingr/page/n241/mode/1up,,yes,https://archive.org/details/florasymbolica00ingr/page/n406/mode/1up
733,"Tulip, Yellow",Tulip,Yellow,Hopeless love.,Umutsuz aşk.,automatic_literal_gloss_needs_language_review,361,n406,right,include,Final Stage 1 candidate: passes the owner-approved everyday-flower rule and the source-specific narrative threshold.,yes,Tulip,208–210,n241,"Source-specific context: Ingram presents Tulip chiefly as a declaration of love, traces its Persian name and European introduction, and recounts the seventeenth-century Dutch speculative mania for rare bulbs. (printed pp. 208–210).",https://archive.org/details/florasymbolica00ingr/page/n241/mode/1up,,yes,https://archive.org/details/florasymbolica00ingr/page/n406/mode/1up
748,Vervain,Vervain,,Enchantment.,Büyü.,automatic_literal_gloss_needs_language_review,361,n406,right,include,Final Stage 1 candidate: passes the owner-approved everyday-flower rule and the source-specific narrative threshold.,yes,Vervain,72–74,n93,"Source-specific context: Ingram links Vervain with enchantment through Greek, Roman, and Druidic beliefs, including its ceremonial use by envoys seeking peace or reconciliation. (printed pp. 72–74).",https://archive.org/details/florasymbolica00ingr/page/n93/mode/1up,,yes,https://archive.org/details/florasymbolica00ingr/page/n406/mode/1up
750,"Violet, Blue",Violet,Blue,Faithfulness.,Sadakat.,automatic_literal_gloss_needs_language_review,361,n406,right,include,Final Stage 1 candidate: passes the owner-approved everyday-flower rule and the source-specific narrative threshold.,yes,Violet,256–261,n291,"Source-specific context: Ingram presents Violet chiefly as modesty while acknowledging faithfulness as a rival meaning and surveys the flower's exceptional place in Greek identity, myth, and European poetry. (printed pp. 256–261).",https://archive.org/details/florasymbolica00ingr/page/n291/mode/1up,,yes,https://archive.org/details/florasymbolica00ingr/page/n406/mode/1up
751,"Violet, Dame","Violet, Dame",Dame,Watchfulness.,Dikkatli olmak.,automatic_literal_gloss_needs_language_review,361,n406,right,include,Final Stage 1 candidate: passes the owner-approved everyday-flower rule and the source-specific narrative threshold.,yes,Violet,256–261,n291,"Source-specific context: Ingram presents Violet chiefly as modesty while acknowledging faithfulness as a rival meaning and surveys the flower's exceptional place in Greek identity, myth, and European poetry. (printed pp. 256–261).",https://archive.org/details/florasymbolica00ingr/page/n291/mode/1up,,yes,https://archive.org/details/florasymbolica00ingr/page/n406/mode/1up
752,"Violet, Sweet","Violet, Sweet",Sweet,Modesty.,Alçakgönüllülük.,automatic_literal_gloss_needs_language_review,361,n406,right,include,Final Stage 1 candidate: passes the owner-approved everyday-flower rule and the source-specific narrative threshold.,yes,Violet,256–261,n291,"Source-specific context: Ingram presents Violet chiefly as modesty while acknowledging faithfulness as a rival meaning and surveys the flower's exceptional place in Greek identity, myth, and European poetry. (printed pp. 256–261).",https://archive.org/details/florasymbolica00ingr/page/n291/mode/1up,,yes,https://archive.org/details/florasymbolica00ingr/page/n406/mode/1up
753,"Violet, Yellow",Violet,Yellow,Rural happiness.,Kırsal mutluluk.,automatic_literal_gloss_needs_language_review,361,n406,right,include,Final Stage 1 candidate: passes the owner-approved everyday-flower rule and the source-specific narrative threshold.,yes,Violet,256–261,n291,"Source-specific context: Ingram presents Violet chiefly as modesty while acknowledging faithfulness as a rival meaning and surveys the flower's exceptional place in Greek identity, myth, and European poetry. (printed pp. 256–261).",https://archive.org/details/florasymbolica00ingr/page/n291/mode/1up,,yes,https://archive.org/details/florasymbolica00ingr/page/n406/mode/1up
759,Wallflower,Wallflower,,Fidelity in adversity.,Zorluklarda sadakat.,automatic_literal_gloss_needs_language_review,361,n406,right,include,Final Stage 1 candidate: passes the owner-approved everyday-flower rule and the source-specific narrative threshold.,yes,Wallflower,284–285,n321,Source-specific context: Ingram links Wallflower with fidelity in misfortune through medieval traditions in which troubadours wore it as a sign of unchanging affection. (printed pp. 284–285).,https://archive.org/details/florasymbolica00ingr/page/n321/mode/1up,,yes,https://archive.org/details/florasymbolica00ingr/page/n406/mode/1up
767,White Jasmine,White Jasmine,,Amiableness.,Dost canlısı.,automatic_literal_gloss_needs_language_review,362,n407,left,include,Final Stage 1 candidate: passes the owner-approved everyday-flower rule and the source-specific narrative threshold.,yes,Jasmine,68–71,n87,"Source-specific context: Ingram favors amiability among Jasmine's many meanings, then distinguishes several fragrant varieties and recounts the plant's introduction and literary reputation. (printed pp. 68–71).",https://archive.org/details/florasymbolica00ingr/page/n87/mode/1up,,yes,https://archive.org/details/florasymbolica00ingr/page/n407/mode/1up
