record_id,source_entry_id,source_heading,source_plant_wording,working_normalized_name,variant_or_color,original_sentiment,turkish_literal_gloss,printed_pages,classification,classification_reason,contextual_material,context_pages,source_illustration,botanical_image_missing,primary_scan_url,verification_note
P1825-002,P1825-E002,ACCOMMODATING DISPOSITION.,Valerian. — Valeriana Rubra.,Valerian,,ACCOMMODATING DISPOSITION.,Uyumlu mizaç,56–57,include,Final Stage 1 candidate: passes the owner-approved everyday-flower rule and the source-specific narrative threshold.,"This plant propagates itself with equal facility in the rich borders of the parterre, or in the dry crevices of old walls, hence the emblem.",56–57,,yes — no botanical image file acquired in Stage 1,https://archive.org/details/floralemblems00philrich/page/n109/mode/1up,UC 1825 primary scan sequence and linked page image are controlling; IA OCR was used for discovery.
P1825-005,P1825-E005,ADROITNESS.,Spider Ophrys. — Ophrys aranifera.,Spider Ophrys,,ADROITNESS.,Beceriklilik,59,include,Final Stage 1 candidate: passes the owner-approved everyday-flower rule and the source-specific narrative threshold.,"Feels at each thread, and lives along the line.",59,,yes — no botanical image file acquired in Stage 1,https://archive.org/details/floralemblems00philrich/page/n112/mode/1up,UC 1825 primary scan sequence and linked page image are controlling; IA OCR was used for discovery. Cornell 1831 and UIUC 1825 used only to resolve unclear letterforms.
P1825-006,P1825-E006,AFTERTHOUGHT.,Catesby's Star-wort. — Aster grandiflorus.,Catesby's Star-wort,,AFTERTHOUGHT.,Sonradan düşünme,59–60,include,Final Stage 1 candidate: passes the owner-approved everyday-flower rule and the source-specific narrative threshold.,"This North American plant has been made to represent afterthought, because it sends forth its flowers in the month of November, when most others have disappeared.",59–60,,yes — no botanical image file acquired in Stage 1,https://archive.org/details/floralemblems00philrich/page/n112/mode/1up,UC 1825 primary scan sequence and linked page image are controlling; IA OCR was used for discovery.
P1825-008,P1825-E008,AMIABLENESS.,White Jasmine. — Jasminum Officinale.,White Jasmine,white,AMIABLENESS.,Sevimlilik,62–63,include,Final Stage 1 candidate: passes the owner-approved everyday-flower rule and the source-specific narrative threshold.,"The jessamine, with which the queen of flowers To charm her god, adorns his favourite bowers ; Which brides by the plain hand of neatness drest, Unenvied rival !",62–63,,yes — no botanical image file acquired in Stage 1,https://archive.org/details/floralemblems00philrich/page/n115/mode/1up,UC 1825 primary scan sequence and linked page image are controlling; IA OCR was used for discovery. Cornell 1831 and UIUC 1825 used only to resolve unclear letterforms.
P1825-009,P1825-E009,ARCHITECTURE.,Candy-tuft. — Iberis.,Candy-tuft,,ARCHITECTURE.,Mimarlık,63–64,include,Final Stage 1 candidate: passes the owner-approved everyday-flower rule and the source-specific narrative threshold.,"Our father's next, in architecture skill'd Cities for use, and forts for safety build : Then palaces and lofty domes arose ; These for devotion, and for pleasure those.",63–64,,yes — no botanical image file acquired in Stage 1,https://archive.org/details/floralemblems00philrich/page/n116/mode/1up,UC 1825 primary scan sequence and linked page image are controlling; IA OCR was used for discovery.
P1825-010,P1825-E010,ARDOUR.,Cuckow-pint. — Arum maculatum.,Cuckow-pint,,ARDOUR.,Coşku,64,include,Final Stage 1 candidate: passes the owner-approved everyday-flower rule and the source-specific narrative threshold.,"The phenomenon which this plant displays at the period of impregnation, determined the poets to make it the emblem of ardour.",64,,yes — no botanical image file acquired in Stage 1,https://archive.org/details/floralemblems00philrich/page/n117/mode/1up,UC 1825 primary scan sequence and linked page image are controlling; IA OCR was used for discovery. Cornell 1831 and UIUC 1825 used only to resolve unclear letterforms.
P1825-013,P1825-E013,ARTIFICE.,Virgin's-bower. — Clematis flammula.,Virgin's-bower,,ARTIFICE.,Hile,66–67,include,Final Stage 1 candidate: passes the owner-approved everyday-flower rule and the source-specific narrative threshold.,"When artifice is innocently resorted to for the purpose of giving pleasure, it may be compared to the agreeable fragrance of the sweet clematis.",66–67,,yes — no botanical image file acquired in Stage 1,https://archive.org/details/floralemblems00philrich/page/n119/mode/1up,UC 1825 primary scan sequence and linked page image are controlling; IA OCR was used for discovery.
P1825-014,P1825-E014,ASSIDUITY.,Lavender. — Lavendula Spica.,Lavender,,ASSIDUITY.,Gayret,67–68,include,Final Stage 1 candidate: passes the owner-approved everyday-flower rule and the source-specific narrative threshold.,"And lavender, whose spikes of azure bloom Shall be erewhile in arid bundles bound.",67–68,,yes — no botanical image file acquired in Stage 1,https://archive.org/details/floralemblems00philrich/page/n120/mode/1up,UC 1825 primary scan sequence and linked page image are controlling; IA OCR was used for discovery.
P1825-015,P1825-E015,ASSIGNATION.,Pimpernel. — Anagallis.,Pimpernel,,ASSIGNATION.,Buluşma,68–69,include,Final Stage 1 candidate: passes the owner-approved everyday-flower rule and the source-specific narrative threshold.,"Phillips explains that the pimpernel closes before wet weather and opens in fair, dry conditions, making it a natural signal for an assignation.",68–69,,yes — no botanical image file acquired in Stage 1,https://archive.org/details/floralemblems00philrich/page/n121/mode/1up,UC 1825 primary scan sequence and linked page image are controlling; IA OCR was used for discovery.
P1825-017,P1825-E017,ATTACHMENT.,Scarlet-flowered Ipomœa. — Ipomœa coccinea.,Scarlet-flowered Ipomœa,scarlet,ATTACHMENT.,Bağlılık,70,include,Final Stage 1 candidate: passes the owner-approved everyday-flower rule and the source-specific narrative threshold.,"This beautiful plant is made the emblem of attachment from its entwining nature ; which, like the bind weed of our fields, fixes itself to the first prop within its reach ; recompensing well The strength they borrow with the grace they lend.",70,,yes — no botanical image file acquired in Stage 1,https://archive.org/details/floralemblems00philrich/page/n123/mode/1up,UC 1825 primary scan sequence and linked page image are controlling; IA OCR was used for discovery. Cornell 1831 and UIUC 1825 used only to resolve unclear letterforms.
P1825-018,P1825-E018,AUSTERITY.,Fuller's Teasel. — Dipsacus fullonum.,Fuller's Teasel,,AUSTERITY.,Sertlik,70–71,include,Final Stage 1 candidate: passes the owner-approved everyday-flower rule and the source-specific narrative threshold.,"This plant is made the emblem of austerity from the extreme roughness of its conical receptacle, which is used to raise the nap upon woollen cloths, and hence its English name.",70–71,,yes — no botanical image file acquired in Stage 1,https://archive.org/details/floralemblems00philrich/page/n123/mode/1up,UC 1825 primary scan sequence and linked page image are controlling; IA OCR was used for discovery.
P1825-019,P1825-E019,AVERSION.,China or Indian Pink. — Dianthus Chinensis.,China or Indian Pink,,AVERSION.,Kaçınma,71–72,include,Final Stage 1 candidate: passes the owner-approved everyday-flower rule and the source-specific narrative threshold.,"We presume the China pink has been placed in floral hieroglyphics to represent aversion, in allusion to the custom of the Chinese, who wish to avoid all intercourse with other nations.",71–72,,yes — no botanical image file acquired in Stage 1,https://archive.org/details/floralemblems00philrich/page/n124/mode/1up,UC 1825 primary scan sequence and linked page image are controlling; IA OCR was used for discovery.
P1825-021,P1825-E021,BASHFUL SHAME.,Pæony. — Pæony.,Pæony,,BASHFUL SHAME.,Mahcup utanç,73–74,include,Final Stage 1 candidate: passes the owner-approved everyday-flower rule and the source-specific narrative threshold.,The blushing petals of this flower are made symbolical of the countenance that is rouged with conscious shame.,73–74,,yes — no botanical image file acquired in Stage 1,https://archive.org/details/floralemblems00philrich/page/n126/mode/1up,UC 1825 primary scan sequence and linked page image are controlling; IA OCR was used for discovery. Cornell 1831 and UIUC 1825 used only to resolve unclear letterforms.
P1825-022,P1825-E022,BEAUTY.,Full-blown Rose. — Rosa.,Full-blown Rose,full-blown,BEAUTY.,Güzellik,74–75,include,Final Stage 1 candidate: passes the owner-approved everyday-flower rule and the source-specific narrative threshold.,for to thee it is That passion likens woman's loveliness.,74–75,"Plate 11, Youth and Beauty united by the Bonds of Love, scan n137",yes — no botanical image file acquired in Stage 1,https://archive.org/details/floralemblems00philrich/page/n127/mode/1up,UC 1825 primary scan sequence and linked page image are controlling; IA OCR was used for discovery.
P1825-023,P1825-E023,BEAUTY ALWAYS NEW.,China Rose. — Rosa Semperflorens.,China Rose,,BEAUTY ALWAYS NEW.,Daima yeni güzellik,75–76,include,Final Stage 1 candidate: passes the owner-approved everyday-flower rule and the source-specific narrative threshold.,The accompanying verse praises a rose that returns nature's gifts as incense and blooms through the seasons.,75–76,,yes — no botanical image file acquired in Stage 1,https://archive.org/details/floralemblems00philrich/page/n128/mode/1up,UC 1825 primary scan sequence and linked page image are controlling; IA OCR was used for discovery.
P1825-024,P1825-E024,BEAUTY IS YOUR ONLY ATTRACTION.,Japan Rose. — Camellia Japonica.,Japan Rose,,BEAUTY IS YOUR ONLY ATTRACTION.,Tek çekiciliğiniz güzelliğiniz,76–77,include,Final Stage 1 candidate: passes the owner-approved everyday-flower rule and the source-specific narrative threshold.,"Of colours, changing from the splendid rose, To the pale violets dejected hue.",76–77,,yes — no botanical image file acquired in Stage 1,https://archive.org/details/floralemblems00philrich/page/n129/mode/1up,UC 1825 primary scan sequence and linked page image are controlling; IA OCR was used for discovery.
P1825-026,P1825-E026,BIRTH.,Dittany. — Origanum Dictamus.,Dittany,,BIRTH.,Doğum,78–79,include,Final Stage 1 candidate: passes the owner-approved everyday-flower rule and the source-specific narrative threshold.,Which in the Cretan fields with care she sought.,78–79,,yes — no botanical image file acquired in Stage 1,https://archive.org/details/floralemblems00philrich/page/n131/mode/1up,UC 1825 primary scan sequence and linked page image are controlling; IA OCR was used for discovery. Cornell 1831 and UIUC 1825 used only to resolve unclear letterforms.
P1825-028,P1825-E028,BLUNTNESS OR ROUGHNESS OF MANNERS.,Borage. — Borago.,Borage,,BLUNTNESS OR ROUGHNESS OF MANNERS.,Görgüde kabalık ya da hoyratlık,79–80,include,Final Stage 1 candidate: passes the owner-approved everyday-flower rule and the source-specific narrative threshold.,"This stimulating plant, has its stalks and leaves covered with a rough hairy substance, and is therefore chosen for this emblem.",79–80,,yes — no botanical image file acquired in Stage 1,https://archive.org/details/floralemblems00philrich/page/n132/mode/1up,UC 1825 primary scan sequence and linked page image are controlling; IA OCR was used for discovery.
P1825-030,P1825-E030,BOASTER.,Hydrangea. — Hydrangea Hortensis.,Hydrangea,,BOASTER.,Böbürlenen kişi,81–82,include,Final Stage 1 candidate: passes the owner-approved everyday-flower rule and the source-specific narrative threshold.,"This Chinese Guelder rose is presented as the emblem of a boaster, because its magnificent flowers are never succeeded by fruit, thus resembling the vaunting words of a braggadocio, which are not followed by suitable results.",81–82,,yes — no botanical image file acquired in Stage 1,https://archive.org/details/floralemblems00philrich/page/n134/mode/1up,UC 1825 primary scan sequence and linked page image are controlling; IA OCR was used for discovery. Cornell 1831 and UIUC 1825 used only to resolve unclear letterforms.
P1825-032,P1825-E032,BOND OF LOVE,Honeysuckle or Woodbine. — Lonicera.,Honeysuckle or Woodbine,,BOND OF LOVE,Sevgi bağı,83,include,Final Stage 1 candidate: passes the owner-approved everyday-flower rule and the source-specific narrative threshold.,"So doth the woodbine, the sweet honeysuckle Gently entwine.",83,"Plate 11, Youth and Beauty united by the Bonds of Love, scan n137",yes — no botanical image file acquired in Stage 1,https://archive.org/details/floralemblems00philrich/page/n140/mode/1up,UC 1825 primary scan sequence and linked page image are controlling; IA OCR was used for discovery. Cornell 1831 and UIUC 1825 used only to resolve unclear letterforms.
P1825-034,P1825-E034,CALM REPOSE.,Buckbean. — Menyanthes.,Buckbean,,CALM REPOSE.,Huzurlu dinleniş,84,include,Final Stage 1 candidate: passes the owner-approved everyday-flower rule and the source-specific narrative threshold.,"Phillips describes an aquatic plant whose flowers float in unruffled water, explaining calm repose.",84,,yes — no botanical image file acquired in Stage 1,https://archive.org/details/floralemblems00philrich/page/n141/mode/1up,UC 1825 primary scan sequence and linked page image are controlling; IA OCR was used for discovery. Cornell 1831 and UIUC 1825 used only to resolve unclear letterforms.
P1825-036,P1825-E036,CANDOUR AND INNOCENCE.,Sweet White Violet. — Viola odorata.,Sweet White Violet,white,CANDOUR AND INNOCENCE.,Açıklık ve masumiyet,85–86,include,Final Stage 1 candidate: passes the owner-approved everyday-flower rule and the source-specific narrative threshold.,The daughters of the flood have search'd the mead For violets pale.,85–86,,yes — no botanical image file acquired in Stage 1,https://archive.org/details/floralemblems00philrich/page/n142/mode/1up,UC 1825 primary scan sequence and linked page image are controlling; IA OCR was used for discovery. Cornell 1831 and UIUC 1825 used only to resolve unclear letterforms.
P1825-037,P1825-E037,CAPRICIOUS BEAUTY.,Musk Rose. — Rosa moschata.,Musk Rose,,CAPRICIOUS BEAUTY.,Kaprisli güzellik,86,include,Final Stage 1 candidate: passes the owner-approved everyday-flower rule and the source-specific narrative threshold.,This Barbary rose seems to have thrown off its vegetable fragrance in favour of animal perfume ; And each inconstant breeze that blows.,86,,yes — no botanical image file acquired in Stage 1,https://archive.org/details/floralemblems00philrich/page/n143/mode/1up,UC 1825 primary scan sequence and linked page image are controlling; IA OCR was used for discovery.
P1825-038,P1825-E038,CELIBACY.,"Rosebay Willow Herb, or French Willow. — Epilobium Angustifolium.","Rosebay Willow Herb, or French Willow",,CELIBACY.,Bekârlık,86–87,include,Final Stage 1 candidate: passes the owner-approved everyday-flower rule and the source-specific narrative threshold.,"The French name Laurier Saint Antoine links the plant to Saint Antony, presented as the first founder of monastic institutions and therefore to celibacy.",86–87,,yes — no botanical image file acquired in Stage 1,https://archive.org/details/floralemblems00philrich/page/n143/mode/1up,UC 1825 primary scan sequence and linked page image are controlling; IA OCR was used for discovery. Cornell 1831 and UIUC 1825 used only to resolve unclear letterforms.
P1825-041,P1825-E041,CHASTITY.,Orange Flowers. — Citrus Aurantium.,Orange Flowers,,CHASTITY.,İffet,89–90,include,Final Stage 1 candidate: passes the owner-approved everyday-flower rule and the source-specific narrative threshold.,"The white, fragrant orange blossoms symbolize purity; the tree may bear flowers and fruit at the same time.",89–90,,yes — no botanical image file acquired in Stage 1,https://archive.org/details/floralemblems00philrich/page/n146/mode/1up,UC 1825 primary scan sequence and linked page image are controlling; IA OCR was used for discovery.
P1825-042,P1825-E042,CHEERFULNESS IN OLD AGE.,Michaelmas Daisy. — Aster Tradescanti.,Michaelmas Daisy,,CHEERFULNESS IN OLD AGE.,Yaşlılıkta neşe,90–91,include,Final Stage 1 candidate: passes the owner-approved everyday-flower rule and the source-specific narrative threshold.,"We present these flowers as the happy emblem of cheerfulness in old age, since, like that blessing, it lengthens the summer of our days, and contributes towards the enlivening of all who compose its circle.",90–91,,yes — no botanical image file acquired in Stage 1,https://archive.org/details/floralemblems00philrich/page/n147/mode/1up,UC 1825 primary scan sequence and linked page image are controlling; IA OCR was used for discovery.
P1825-043,P1825-E043,CHEERFULNESS UNDER ADVERSITY.,Chinese Chrysanthemum. — Chrysanthemum Indicum.,Chinese Chrysanthemum,,CHEERFULNESS UNDER ADVERSITY.,Zorluk karşısında neşe,91–92,include,Final Stage 1 candidate: passes the owner-approved everyday-flower rule and the source-specific narrative threshold.,"It brightens the parterre after other flowers have withdrawn, making cheerfulness a shield against adversity.",91–92,,yes — no botanical image file acquired in Stage 1,https://archive.org/details/floralemblems00philrich/page/n148/mode/1up,UC 1825 primary scan sequence and linked page image are controlling; IA OCR was used for discovery. Cornell 1831 and UIUC 1825 used only to resolve unclear letterforms.
P1825-044,P1825-E044,CHILDISHNESS.,Butter-cups. — Ranunculus bulbosus.,Butter-cups,,CHILDISHNESS.,Çocuksuluk,92–93,include,Final Stage 1 candidate: passes the owner-approved everyday-flower rule and the source-specific narrative threshold.,"And gain their wish as soon as thought ; Who oft, I ween, the children's way.",92–93,,yes — no botanical image file acquired in Stage 1,https://archive.org/details/floralemblems00philrich/page/n149/mode/1up,UC 1825 primary scan sequence and linked page image are controlling; IA OCR was used for discovery.
P1825-048,P1825-E048,CONFIDENCE.,"Hepatica, or Noble Liver Wort. — Anemone Hepatica.","Hepatica, or Noble Liver Wort",,CONFIDENCE.,Güven,96,include,Final Stage 1 candidate: passes the owner-approved everyday-flower rule and the source-specific narrative threshold.,Where frosts have whiten'd all the naked groves.,96,,yes — no botanical image file acquired in Stage 1,https://archive.org/details/floralemblems00philrich/page/n153/mode/1up,UC 1825 primary scan sequence and linked page image are controlling; IA OCR was used for discovery. Cornell 1831 and UIUC 1825 used only to resolve unclear letterforms.
P1825-050,P1825-E050,CONSOLATION.,Snow-drop. — Galanthus nivalis.,Snow-drop,,CONSOLATION.,Teselli,97–98,include,Final Stage 1 candidate: passes the owner-approved everyday-flower rule and the source-specific narrative threshold.,Phillips explains the snow-drop as the first flower to awaken after winter and includes literary quotations.,97–98,"Plate 19, Consolation arising from Thoughts, scan n390",yes — no botanical image file acquired in Stage 1,https://archive.org/details/floralemblems00philrich/page/n154/mode/1up,UC 1825 primary scan sequence and linked page image are controlling; IA OCR was used for discovery.
P1825-051,P1825-E051,CONSOLATION TO THE SICK.,Poppy. — Papaver.,Poppy,,CONSOLATION TO THE SICK.,Hastaya teselli,98–99,include,Final Stage 1 candidate: passes the owner-approved everyday-flower rule and the source-specific narrative threshold.,"In floral language, the poppy is made the symbol of consolation to the sick, since it procures ease and sleep to the restless invalid.",98–99,,yes — no botanical image file acquired in Stage 1,https://archive.org/details/floralemblems00philrich/page/n155/mode/1up,UC 1825 primary scan sequence and linked page image are controlling; IA OCR was used for discovery.
P1825-052,P1825-E052,CONSTANCY.,Blue Pyramidal Bell Flower. — Campanula pyramidalis.,Blue Pyramidal Bell Flower,blue,CONSTANCY.,Sebat,99–100,include,Final Stage 1 candidate: passes the owner-approved everyday-flower rule and the source-specific narrative threshold.,"The blue campanula represents constancy on account of its colour, reinforced by a description of constancy as stable and enduring friendship.",99–100,,yes — no botanical image file acquired in Stage 1,https://archive.org/details/floralemblems00philrich/page/n156/mode/1up,UC 1825 primary scan sequence and linked page image are controlling; IA OCR was used for discovery. Cornell 1831 and UIUC 1825 used only to resolve unclear letterforms.
P1825-053,P1825-E053,COQUETRY.,Yellow Day Lily. — Hemerocallis Flava.,Yellow Day Lily,yellow,COQUETRY.,Cilve,100–101,include,Final Stage 1 candidate: passes the owner-approved everyday-flower rule and the source-specific narrative threshold.,"This fragile beauty is made the emblem of coquetry, because its flowers seldom last a second day.",100–101,"Plate 12, Danger accompanying Coquetry, scan n160",yes — no botanical image file acquired in Stage 1,https://archive.org/details/floralemblems00philrich/page/n157/mode/1up,UC 1825 primary scan sequence and linked page image are controlling; IA OCR was used for discovery. Cornell 1831 and UIUC 1825 used only to resolve unclear letterforms.
P1825-055,P1825-E055,CRAFTINESS.,Sweet-william. — Dianthus Barbatus.,Sweet-william,,CRAFTINESS.,Kurnazlık,101–102,include,Final Stage 1 candidate: passes the owner-approved everyday-flower rule and the source-specific narrative threshold.,Like that sweet flower that yields great Jove delight.,101–102,,yes — no botanical image file acquired in Stage 1,https://archive.org/details/floralemblems00philrich/page/n162/mode/1up,UC 1825 primary scan sequence and linked page image are controlling; IA OCR was used for discovery. Cornell 1831 and UIUC 1825 used only to resolve unclear letterforms.
P1825-060,P1825-E060,DANGER.,Rhododendron. — Rhododendron.,Rhododendron,,DANGER.,Tehlike,106–107,include,Final Stage 1 candidate: passes the owner-approved everyday-flower rule and the source-specific narrative threshold.,"O'er pine-clad hills, and dusky plains, In silent state rhododendron reigns.",106–107,"Plate 12, Danger accompanying Coquetry, scan n160",yes — no botanical image file acquired in Stage 1,https://archive.org/details/floralemblems00philrich/page/n167/mode/1up,UC 1825 primary scan sequence and linked page image are controlling; IA OCR was used for discovery.
P1825-061,P1825-E061,DANGEROUS INSINUATION.,Great Bindweed. — Convolvulus Sepium.,Great Bindweed,,DANGEROUS INSINUATION.,Tehlikeli ima,107–108,include,Final Stage 1 candidate: passes the owner-approved everyday-flower rule and the source-specific narrative threshold.,"Phillips makes bindweed an emblem of dangerous insinuation because its attractive, entwining growth is difficult to eradicate once admitted to a garden and can destroy neighbouring plants.",107–108,,yes — no botanical image file acquired in Stage 1,https://archive.org/details/floralemblems00philrich/page/n168/mode/1up,UC 1825 primary scan sequence and linked page image are controlling; IA OCR was used for discovery. Cornell 1831 and UIUC 1825 used only to resolve unclear letterforms.
P1825-062,P1825-E062,DAUNTLESSNESS.,"Thrift, or Sea Pink. — Statice Armeria.","Thrift, or Sea Pink",,DAUNTLESSNESS.,Gözüpeklik,108,include,Final Stage 1 candidate: passes the owner-approved everyday-flower rule and the source-specific narrative threshold.,"This plant, which seeks the sea shore, and Stems the bold torrent with a dauntless breast.",108,,yes — no botanical image file acquired in Stage 1,https://archive.org/details/floralemblems00philrich/page/n169/mode/1up,UC 1825 primary scan sequence and linked page image are controlling; IA OCR was used for discovery.
P1825-064,P1825-E064,DEATH SAID TO BE PREFERABLE TO THE LOSS OF INNOCENCE.,A white Rose dried.,Rose,white; dried,DEATH SAID TO BE PREFERABLE TO THE LOSS OF INNOCENCE.,Masumiyeti kaybetmektense ölüm yeğdir,109–110,include,Final Stage 1 candidate: passes the owner-approved everyday-flower rule and the source-specific narrative threshold.,A poem on Edward IV and the Wars of the Roses contrasts the raised white rose with the trampled red; a sermon excerpt places death before loss of innocence.,109–110,,yes — no botanical image file acquired in Stage 1,https://archive.org/details/floralemblems00philrich/page/n170/mode/1up,UC 1825 primary scan sequence and linked page image are controlling; IA OCR was used for discovery. Cornell 1831 and UIUC 1825 used only to resolve unclear letterforms.
P1825-065,P1825-E065,DECEITFUL CHARMS.,Thorn-apple. — Datura Stramonium.,Thorn-apple,,DECEITFUL CHARMS.,Aldatıcı cazibeler,110–111,include,Final Stage 1 candidate: passes the owner-approved everyday-flower rule and the source-specific narrative threshold.,"The thorn-apple's elegant foliage and graceful white corollas conceal its harmful narcotic nature, which supplies the rationale for deceitful charms.",110–111,"Plate 13, Deceitful Charms, scan n185",no,https://archive.org/details/floralemblems00philrich/page/n171/mode/1up,UC 1825 primary scan sequence and linked page image are controlling; IA OCR was used for discovery.
P1825-066,P1825-E066,DECEITFUL HOPE.,Daffodil. — Narcissus Pseudo.,Daffodil,,DECEITFUL HOPE.,Aldatıcı umut,111–112,include,Final Stage 1 candidate: passes the owner-approved everyday-flower rule and the source-specific narrative threshold.,"And vales are deck'd with daffodils, I hail the new reviving year.",111–112,,yes — no botanical image file acquired in Stage 1,https://archive.org/details/floralemblems00philrich/page/n172/mode/1up,UC 1825 primary scan sequence and linked page image are controlling; IA OCR was used for discovery.
P1825-068,P1825-E068,DECLARATION OF LOVE.,Tulip. — Tulipa.,Tulip,,DECLARATION OF LOVE.,Aşk ilanı,112–113,include,Final Stage 1 candidate: passes the owner-approved everyday-flower rule and the source-specific narrative threshold.,"Then comes the tulip race, where beauty plays Her idle freaks.",112–113,"Plate 1, Declaration of Love (frontispiece), scan n7",yes — no botanical image file acquired in Stage 1,https://archive.org/details/floralemblems00philrich/page/n173/mode/1up,UC 1825 primary scan sequence and linked page image are controlling; IA OCR was used for discovery.
P1825-070,P1825-E070,DELICACY.,Blue Bottle Centaury. — Centaurea Cyanus.,Blue Bottle Centaury,blue,DELICACY.,Narinlik,114–115,include,Final Stage 1 candidate: passes the owner-approved everyday-flower rule and the source-specific narrative threshold.,"There is a flower, a purple flower Sown by the wind, nursed by the shower.",114–115,,yes — no botanical image file acquired in Stage 1,https://archive.org/details/floralemblems00philrich/page/n175/mode/1up,UC 1825 primary scan sequence and linked page image are controlling; IA OCR was used for discovery.
P1825-071,P1825-E071,DELICATE PLEASURE.,Sweet-pea. — Lathyrus Odoratus.,Sweet-pea,,DELICATE PLEASURE.,Narin haz,115,include,Final Stage 1 candidate: passes the owner-approved everyday-flower rule and the source-specific narrative threshold.,"The wings of gentle flush, o'er delicate white.",115,"Plate 16, Delicate and Lasting Pleasures, scan n264",yes — no botanical image file acquired in Stage 1,https://archive.org/details/floralemblems00philrich/page/n176/mode/1up,UC 1825 primary scan sequence and linked page image are controlling; IA OCR was used for discovery. Cornell 1831 and UIUC 1825 used only to resolve unclear letterforms.
P1825-074,P1825-E074,DESPAIR.,Marygold. — Calendula Officinalis.,Marygold,,DESPAIR.,Umutsuzluk,117–118,include,Final Stage 1 candidate: passes the owner-approved everyday-flower rule and the source-specific narrative threshold.,"The petals of this flower were formerly in high repute, as a cordial medicine for raising the spirits and lessening the too violent palpitation of the heart ; and being given to those in despair it became the emblem of that malady.",117–118,,yes — no botanical image file acquired in Stage 1,https://archive.org/details/floralemblems00philrich/page/n178/mode/1up,UC 1825 primary scan sequence and linked page image are controlling; IA OCR was used for discovery.
P1825-076,P1825-E076,DIFFIDENCE.,Cyclamen. — Cyclamen.,Cyclamen,,DIFFIDENCE.,Çekingenlik,119–120,include,Final Stage 1 candidate: passes the owner-approved everyday-flower rule and the source-specific narrative threshold.,"As modest diffidence adds attractions to beauty, so does this graceful flower engage our notice by its unassuming carriage, for the cyclamen, although it expands its petals in an upright direction, never rears its head to the sun.",119–120,,yes — no botanical image file acquired in Stage 1,https://archive.org/details/floralemblems00philrich/page/n180/mode/1up,UC 1825 primary scan sequence and linked page image are controlling; IA OCR was used for discovery.
P1825-077,P1825-E077,DIGNITY.,Laurel-leaved Magnolia. — Magnolia grandiflora.,Laurel-leaved Magnolia,laurel-leaved,DIGNITY.,Vakar,120–121,include,Final Stage 1 candidate: passes the owner-approved everyday-flower rule and the source-specific narrative threshold.,"The grandeur of this flower is appropriate to the elevated station which it takes in the vegetable kingdom, for in its native soil it advances itself above the forest trees, displaying its dignity, and dispensing its fragrance throughout the woods of Florida.",120–121,,yes — no botanical image file acquired in Stage 1,https://archive.org/details/floralemblems00philrich/page/n181/mode/1up,UC 1825 primary scan sequence and linked page image are controlling; IA OCR was used for discovery.
P1825-078,P1825-E078,DISDAIN.,Yellow Carnation. — Dianthus Caryophyllus.,Yellow Carnation,yellow,DISDAIN.,Küçümseme,121–122,include,Final Stage 1 candidate: passes the owner-approved everyday-flower rule and the source-specific narrative threshold.,"Phillips relates yellow carnation to disdain through contemporary associations of yellow dress, including a Sultan Selim anecdote.",121–122,,yes — no botanical image file acquired in Stage 1,https://archive.org/details/floralemblems00philrich/page/n182/mode/1up,UC 1825 primary scan sequence and linked page image are controlling; IA OCR was used for discovery. Cornell 1831 and UIUC 1825 used only to resolve unclear letterforms.
P1825-079,P1825-E079,DISGUST.,Frog Ophrys. — Habenaria viridis.,Frog Ophrys,,DISGUST.,İğrenme,122–123,include,Final Stage 1 candidate: passes the owner-approved everyday-flower rule and the source-specific narrative threshold.,The flower's supposed resemblance to a frog supplies the emblem of disgust.,122–123,,yes — no botanical image file acquired in Stage 1,https://archive.org/details/floralemblems00philrich/page/n183/mode/1up,UC 1825 primary scan sequence and linked page image are controlling; IA OCR was used for discovery. Cornell 1831 and UIUC 1825 used only to resolve unclear letterforms.
P1825-080,P1825-E080,DISTINCTION.,Cardinal's Flower. — Lobelia Cardinalis.,Cardinal's Flower,,DISTINCTION.,Ayrıcalık,123–124,include,Final Stage 1 candidate: passes the owner-approved everyday-flower rule and the source-specific narrative threshold.,"This beautiful Mexican plant obtained the name of cardinal's flower from the bright red colour of its corollas, on which account we place it as the symbol of distinction.",123–124,"Plate 13, Distinction, scan n185",no,https://archive.org/details/floralemblems00philrich/page/n188/mode/1up,UC 1825 primary scan sequence and linked page image are controlling; IA OCR was used for discovery.
P1825-082,P1825-E082,DO NOT ABUSE.,Saffron Flower. — Crocus sativus.,Saffron Flower,,DO NOT ABUSE.,Kötüye kullanma,125–126,include,Final Stage 1 candidate: passes the owner-approved everyday-flower rule and the source-specific narrative threshold.,"Too liberal a use of this cordial and stimulating flower, is said to destroy the reason, or cause the death of those who indulge in it.",125–126,,yes — no botanical image file acquired in Stage 1,https://archive.org/details/floralemblems00philrich/page/n190/mode/1up,UC 1825 primary scan sequence and linked page image are controlling; IA OCR was used for discovery.
P1825-085,P1825-E085,EARLY YOUTH.,Primrose. — Primula.,Primrose,,EARLY YOUTH.,Erken gençlik,128–129,include,Final Stage 1 candidate: passes the owner-approved everyday-flower rule and the source-specific narrative threshold.,The primrose represents the age between childhood and womanhood: an early blossom whose delicate perfume and modest colour attend the path to summer.,128–129,,yes — no botanical image file acquired in Stage 1,https://archive.org/details/floralemblems00philrich/page/n193/mode/1up,UC 1825 primary scan sequence and linked page image are controlling; IA OCR was used for discovery.
P1825-086,P1825-E086,EGOTISM AND SELF-LOVE.,Narcissus. — Narcissus.,Narcissus,,EGOTISM AND SELF-LOVE.,Benmerkezcilik ve özsevgi,129–130,include,Final Stage 1 candidate: passes the owner-approved everyday-flower rule and the source-specific narrative threshold.,From Ovid's beautiful metamorphosis of the lovely and coy Narcissus into this flower has originated the emblem.,129–130,,yes — no botanical image file acquired in Stage 1,https://archive.org/details/floralemblems00philrich/page/n198/mode/1up,UC 1825 primary scan sequence and linked page image are controlling; IA OCR was used for discovery.
P1825-089,P1825-E089,ELOQUENCE.,Iris or Flag-flower. — Iris.,Iris or Flag-flower,,ELOQUENCE.,Belagat,132,include,Final Stage 1 candidate: passes the owner-approved everyday-flower rule and the source-specific narrative threshold.,"The iris's harmonized colours are compared with fine oratory, explaining its ancient use as an emblem of eloquence.",132,,yes — no botanical image file acquired in Stage 1,https://archive.org/details/floralemblems00philrich/page/n201/mode/1up,UC 1825 primary scan sequence and linked page image are controlling; IA OCR was used for discovery.
P1825-090,P1825-E090,EMBARRASSMENT.,Love in a puzzle. — Nigella Damascena.,Love in a puzzle,,EMBARRASSMENT.,Mahcubiyet,132–133,include,Final Stage 1 candidate: passes the owner-approved everyday-flower rule and the source-specific narrative threshold.,"The flowers sit within a defensive-looking tangle of foliage, prompting the emblem of embarrassment.",132–133,,yes — no botanical image file acquired in Stage 1,https://archive.org/details/floralemblems00philrich/page/n201/mode/1up,UC 1825 primary scan sequence and linked page image are controlling; IA OCR was used for discovery.
P1825-092,P1825-E092,ERROR.,Fly Orchis. — Ophrys muscifera.,Fly Orchis,,ERROR.,Yanılgı,134–135,include,Final Stage 1 candidate: passes the owner-approved everyday-flower rule and the source-specific narrative threshold.,The fly orchis is treated as though Flora mistakenly sprinkled a stem with flies instead of flowers.,134–135,"Plate 14, Folly and Error, scan n196",yes — no botanical image file acquired in Stage 1,https://archive.org/details/floralemblems00philrich/page/n203/mode/1up,UC 1825 primary scan sequence and linked page image are controlling; IA OCR was used for discovery. Cornell 1831 and UIUC 1825 used only to resolve unclear letterforms.
P1825-094,P1825-E094,EXTINGUISHED HOPES.,Convolvulus Major. — Convolvulus purpreus.,Convolvulus Major,,EXTINGUISHED HOPES.,Sönmüş umutlar,136–137,include,Final Stage 1 candidate: passes the owner-approved everyday-flower rule and the source-specific narrative threshold.,"This flower is given to the ladies, that when they have made their happy choice, they may have an appropriate flower to bestow on their hopeless suitors, so as to extinguish the flame their charms have created.",136–137,,yes — no botanical image file acquired in Stage 1,https://archive.org/details/floralemblems00philrich/page/n205/mode/1up,UC 1825 primary scan sequence and linked page image are controlling; IA OCR was used for discovery. Cornell 1831 and UIUC 1825 used only to resolve unclear letterforms.
P1825-095,P1825-E095,FALSEHOOD.,Bugloss. — Anchusa.,Bugloss,,FALSEHOOD.,Yalan,137–138,include,Final Stage 1 candidate: passes the owner-approved everyday-flower rule and the source-specific narrative threshold.,Phillips grounds falsehood in the dye obtained from bugloss roots and adds literary examples.,137–138,,yes — no botanical image file acquired in Stage 1,https://archive.org/details/floralemblems00philrich/page/n206/mode/1up,UC 1825 primary scan sequence and linked page image are controlling; IA OCR was used for discovery. Cornell 1831 and UIUC 1825 used only to resolve unclear letterforms.
P1825-096,P1825-E096,FALSE RICHES.,Sun-flower. — Helianthus.,Sun-flower,,FALSE RICHES.,Sahte zenginlik,138–139,include,Final Stage 1 candidate: passes the owner-approved everyday-flower rule and the source-specific narrative threshold.,"Uplift, proud sun-flower, to thy favorite orb That disk whereon his brightness loves to dwell ; And as thou seem'st his radiance to absorb.",138–139,"Plate 13, False Riches, scan n185",no,https://archive.org/details/floralemblems00philrich/page/n207/mode/1up,UC 1825 primary scan sequence and linked page image are controlling; IA OCR was used for discovery. Cornell 1831 and UIUC 1825 used only to resolve unclear letterforms.
P1825-099,P1825-E099,FECUNDITY.,Hollyhock. — Alcea Rosea.,Hollyhock,,FECUNDITY.,Verimlilik,141,include,Final Stage 1 candidate: passes the owner-approved everyday-flower rule and the source-specific narrative threshold.,"From the nectaries of hollyhocks The humble bee, e'en till he faints, will sip.",141,,yes — no botanical image file acquired in Stage 1,https://archive.org/details/floralemblems00philrich/page/n210/mode/1up,UC 1825 primary scan sequence and linked page image are controlling; IA OCR was used for discovery.
P1825-100,P1825-E100,FELICITY.,"Sweet Sultan, or Centaury. — Centaurea moschata.","Sweet Sultan, or Centaury",,FELICITY.,Mutluluk,141–142,include,Final Stage 1 candidate: passes the owner-approved everyday-flower rule and the source-specific narrative threshold.,"Phillips makes the honey-scented sweet sultan an emblem of felicity, emphasizing its fragrance and associations with Persian fields.",141–142,,yes — no botanical image file acquired in Stage 1,https://archive.org/details/floralemblems00philrich/page/n210/mode/1up,UC 1825 primary scan sequence and linked page image are controlling; IA OCR was used for discovery.
P1825-101,P1825-E101,FIDELITY.,Wall Speedwell. — Veronica arvensis.,Wall Speedwell,,FIDELITY.,Sadakat,142–143,include,Final Stage 1 candidate: passes the owner-approved everyday-flower rule and the source-specific narrative threshold.,"This beautiful plant, that attaches itself to old walls, And decks his branch with blossoms over all ; reflecting in its petals the azure of the heavens, is made the symbol of fidelity.",142–143,,yes — no botanical image file acquired in Stage 1,https://archive.org/details/floralemblems00philrich/page/n211/mode/1up,UC 1825 primary scan sequence and linked page image are controlling; IA OCR was used for discovery.
P1825-104,P1825-E104,FIDELITY IN MISFORTUNE.,Wall-flower. — Cheiranthus Cheiri.,Wall-flower,,FIDELITY IN MISFORTUNE.,Talihsizlikte sadakat,145–146,include,Final Stage 1 candidate: passes the owner-approved everyday-flower rule and the source-specific narrative threshold.,The wall-flower represents fidelity in misfortune because it clings to desolate ruins and enlivens structures damaged by time and neglect.,145–146,,yes — no botanical image file acquired in Stage 1,https://archive.org/details/floralemblems00philrich/page/n214/mode/1up,UC 1825 primary scan sequence and linked page image are controlling; IA OCR was used for discovery.
P1825-105,P1825-E105,"FLAME, OR PASSION OF LOVE.",Yellow Iris. — Pseud-Acorus.,Yellow Iris,yellow,"FLAME, OR PASSION OF LOVE.",Aşk ateşi ya da tutkusu,146–147,include,Final Stage 1 candidate: passes the owner-approved everyday-flower rule and the source-specific narrative threshold.,"The yellow iris rises amid sword-like leaves in flaming gold, lending itself to flame or passion.",146–147,,yes — no botanical image file acquired in Stage 1,https://archive.org/details/floralemblems00philrich/page/n215/mode/1up,UC 1825 primary scan sequence and linked page image are controlling; IA OCR was used for discovery. Cornell 1831 and UIUC 1825 used only to resolve unclear letterforms.
P1825-106,P1825-E106,FLATTERY.,Venus's Looking-glass. — Campanula Speculum.,Venus's Looking-glass,,FLATTERY.,Dalkavukluk,147–148,include,Final Stage 1 candidate: passes the owner-approved everyday-flower rule and the source-specific narrative threshold.,Phillips connects the flower's brilliant corollas and looking-glass name with reflection and flattery; the accompanying verse presents flattery as an intoxicating appeal to unguarded self-love.,147–148,,yes — no botanical image file acquired in Stage 1,https://archive.org/details/floralemblems00philrich/page/n216/mode/1up,UC 1825 primary scan sequence and linked page image are controlling; IA OCR was used for discovery.
P1825-107,P1825-E107,FOLLY.,Columbine. — Aquilegia.,Columbine,,FOLLY.,Budalalık,148–149,include,Final Stage 1 candidate: passes the owner-approved everyday-flower rule and the source-specific narrative threshold.,"And entwine The white, the blue, the flesh-like columbine.",148–149,"Plate 14, Folly and Error, scan n196",yes — no botanical image file acquired in Stage 1,https://archive.org/details/floralemblems00philrich/page/n217/mode/1up,UC 1825 primary scan sequence and linked page image are controlling; IA OCR was used for discovery.
P1825-110,P1825-E110,FORGET ME NOT.,Mouse-ear Scorpion Grass. — Myosotis Palustris.,Mouse-ear Scorpion Grass,,FORGET ME NOT.,Beni unutma,151–152,include,Final Stage 1 candidate: passes the owner-approved everyday-flower rule and the source-specific narrative threshold.,Its celebration in German love songs as Vergiss mich nicht led European sonnet writers to adopt the plant as the emblem 'forget me not.',151–152,,yes — no botanical image file acquired in Stage 1,https://archive.org/details/floralemblems00philrich/page/n220/mode/1up,UC 1825 primary scan sequence and linked page image are controlling; IA OCR was used for discovery.
P1825-111,P1825-E111,FORSAKEN.,Lilac. — Syringa.,Lilac,,FORSAKEN.,Terk edilmiş,152–153,include,Final Stage 1 candidate: passes the owner-approved everyday-flower rule and the source-specific narrative threshold.,"Phillips says eastern lovers offer lilac to their mistresses when abandoning them, explaining the emblem of the forsaken.",152–153,,yes — no botanical image file acquired in Stage 1,https://archive.org/details/floralemblems00philrich/page/n221/mode/1up,UC 1825 primary scan sequence and linked page image are controlling; IA OCR was used for discovery.
P1825-113,P1825-E113,"FRESHNESS, OR BLOOM OF COMPLEXION.","Damask Rose, or the Rose of Damascus.","Damask Rose, or the Rose of Damascus",,"FRESHNESS, OR BLOOM OF COMPLEXION.",Tazelik ya da tenin canlılığı,153–154,include,Final Stage 1 candidate: passes the owner-approved everyday-flower rule and the source-specific narrative threshold.,"This emblem, which is so conformable to nature, is sanctioned by the poets of every age.",153–154,,yes — no botanical image file acquired in Stage 1,https://archive.org/details/floralemblems00philrich/page/n222/mode/1up,UC 1825 primary scan sequence and linked page image are controlling; IA OCR was used for discovery.
P1825-116,P1825-E116,GAIETY.,Butterfly Orchis. — Habenaria bifolia.,Butterfly Orchis,,GAIETY.,Neşe,156–157,include,Final Stage 1 candidate: passes the owner-approved everyday-flower rule and the source-specific narrative threshold.,And mock the exploring bee or fly's aerial form.,156–157,,yes — no botanical image file acquired in Stage 1,https://archive.org/details/floralemblems00philrich/page/n225/mode/1up,UC 1825 primary scan sequence and linked page image are controlling; IA OCR was used for discovery.
P1825-119,P1825-E119,"GENTEEL, PRETTY.",Rose. — Pompone.,Rose,,"GENTEEL, PRETTY.","Zarif, hoş",158,include,Final Stage 1 candidate: passes the owner-approved everyday-flower rule and the source-specific narrative threshold.,"This compact, pretty little offspring of the provins rose, comes about as near to its parent as the term genteel does to elegant, or pretty to beautiful.",158,,yes — no botanical image file acquired in Stage 1,https://archive.org/details/floralemblems00philrich/page/n227/mode/1up,UC 1825 primary scan sequence and linked page image are controlling; IA OCR was used for discovery.
P1825-122,P1825-E122,GOOD-NATURE.,White Mullein. — Verbaseum Lychnities.,White Mullein,white,GOOD-NATURE.,İyi huyluluk,159–160,include,Final Stage 1 candidate: passes the owner-approved everyday-flower rule and the source-specific narrative threshold.,"This medicinal plant was formerly in great repute on account of its power to soothe and mitigate pain ; and from hence, we presume, the emblem.",159–160,,yes — no botanical image file acquired in Stage 1,https://archive.org/details/floralemblems00philrich/page/n228/mode/1up,UC 1825 primary scan sequence and linked page image are controlling; IA OCR was used for discovery. Cornell 1831 and UIUC 1825 used only to resolve unclear letterforms.
P1825-124,P1825-E124,GOSSIP.,Cobæa. — Cobæa scandens.,Cobæa,,GOSSIP.,Dedikodu,160–161,include,Final Stage 1 candidate: passes the owner-approved everyday-flower rule and the source-specific narrative threshold.,"The Mexican plant's flowers recall tea-table equipment, while its tendrils are likened to a gossip's tongue that lets nothing it meets escape.",160–161,,yes — no botanical image file acquired in Stage 1,https://archive.org/details/floralemblems00philrich/page/n229/mode/1up,UC 1825 primary scan sequence and linked page image are controlling; IA OCR was used for discovery. Cornell 1831 and UIUC 1825 used only to resolve unclear letterforms.
P1825-125,P1825-E125,GRACE.,Hundred-leaved Rose. — Rosa centifolia.,Hundred-leaved Rose,hundred-leaved,GRACE.,Zarafet,161–162,include,Final Stage 1 candidate: passes the owner-approved everyday-flower rule and the source-specific narrative threshold.,"This is the rose with which painters choose to represent Love and Hymen ; but, why it is selected from amongst the roses as the emblem of Grace we know not, since the regularity by which its petals are placed, renders it less graceful than several other roses.",161–162,,yes — no botanical image file acquired in Stage 1,https://archive.org/details/floralemblems00philrich/page/n230/mode/1up,UC 1825 primary scan sequence and linked page image are controlling; IA OCR was used for discovery.
P1825-128,P1825-E128,GRATITUDE.,Small White Bell Flower. — Campanula.,Small White Bell Flower,white,GRATITUDE.,Minnettarlık,164–165,include,Final Stage 1 candidate: passes the owner-approved everyday-flower rule and the source-specific narrative threshold.,"This little bell flower is made the emblem of Gratitude, in allusion to its simplicity and salutary virtues ; or from the name which it bears in France of Religieuse des Champs.",164–165,,yes — no botanical image file acquired in Stage 1,https://archive.org/details/floralemblems00philrich/page/n233/mode/1up,UC 1825 primary scan sequence and linked page image are controlling; IA OCR was used for discovery.
P1825-130,P1825-E130,A HEART IGNORANT OF LOVE.,Bud of a white Rose.,Rose,bud; white,A HEART IGNORANT OF LOVE.,Aşktan habersiz bir kalp,166–167,include,Final Stage 1 candidate: passes the owner-approved everyday-flower rule and the source-specific narrative threshold.,Mythology says the rose was originally white until the blood of Venus gave it a warmer tint.,166–167,,yes — no botanical image file acquired in Stage 1,https://archive.org/details/floralemblems00philrich/page/n235/mode/1up,UC 1825 primary scan sequence and linked page image are controlling; IA OCR was used for discovery. Cornell 1831 and UIUC 1825 used only to resolve unclear letterforms.
P1825-132,P1825-E132,HONESTY.,Honesty. — Lunaria.,Honesty,,HONESTY.,Dürüstlük,168–169,include,Final Stage 1 candidate: passes the owner-approved everyday-flower rule and the source-specific narrative threshold.,"This pretty flower owes its valuable name to the nature of its singular seed vessel, that honestly shews its number of seeds.",168–169,,yes — no botanical image file acquired in Stage 1,https://archive.org/details/floralemblems00philrich/page/n237/mode/1up,UC 1825 primary scan sequence and linked page image are controlling; IA OCR was used for discovery.
P1825-136,P1825-E136,HUMANITY.,Marsh-mallow. — Althæa officinalis.,Marsh-mallow,,HUMANITY.,İnsanlık,171–172,include,Final Stage 1 candidate: passes the owner-approved everyday-flower rule and the source-specific narrative threshold.,"This plant, so celebrated for relieving the wounds of our ancestors, and decorating their graves, is also made the emblem of a sweet or mild disposition.",171–172,,yes — no botanical image file acquired in Stage 1,https://archive.org/details/floralemblems00philrich/page/n244/mode/1up,UC 1825 primary scan sequence and linked page image are controlling; IA OCR was used for discovery. Cornell 1831 and UIUC 1825 used only to resolve unclear letterforms.
P1825-141,P1825-E141,IMMORTALITY.,Amaranth. — Amaranthus.,Amaranth,,IMMORTALITY.,Ölümsüzlük,176–177,include,Final Stage 1 candidate: passes the owner-approved everyday-flower rule and the source-specific narrative threshold.,"a flower which once In Paradise, fast by the tree of life.",176–177,,yes — no botanical image file acquired in Stage 1,https://archive.org/details/floralemblems00philrich/page/n249/mode/1up,UC 1825 primary scan sequence and linked page image are controlling; IA OCR was used for discovery.
P1825-142,P1825-E142,IMPATIENCE.,Balsam. — Impatiens Balsamina.,Balsam,,IMPATIENCE.,Sabırsızlık,177–178,include,Final Stage 1 candidate: passes the owner-approved everyday-flower rule and the source-specific narrative threshold.,"This emblem is given on account of the elasticity of the capsule when ripe, which darts out its seed the moment it is touched.",177–178,,yes — no botanical image file acquired in Stage 1,https://archive.org/details/floralemblems00philrich/page/n250/mode/1up,UC 1825 primary scan sequence and linked page image are controlling; IA OCR was used for discovery.
P1825-145,P1825-E145,INCONSTANCY.,Great-flowered Evening Primrose. — Œnothera grandiflora.,Great-flowered Evening Primrose,great-flowered,INCONSTANCY.,Döneklik,180–181,include,Final Stage 1 candidate: passes the owner-approved everyday-flower rule and the source-specific narrative threshold.,"This flower, that shuns the day as if it could not face the truth, is made the emblem of inconstancy.",180–181,,yes — no botanical image file acquired in Stage 1,https://archive.org/details/floralemblems00philrich/page/n253/mode/1up,UC 1825 primary scan sequence and linked page image are controlling; IA OCR was used for discovery. Cornell 1831 and UIUC 1825 used only to resolve unclear letterforms.
P1825-148,P1825-E148,INDIFFERENCE.,Ever-flowering Candy-tuft. — Iberis semperflorens.,Ever-flowering Candy-tuft,ever-flowering,INDIFFERENCE.,Kayıtsızlık,184–185,include,Final Stage 1 candidate: passes the owner-approved everyday-flower rule and the source-specific narrative threshold.,"In the floral language of Persia, this plant is made the emblem of indifference, because it blossoms alike through the heat of the summer months, and the severity of the winter's frost, equally disregarding the rays of Sol, and the breath of Boreas.",184–185,,yes — no botanical image file acquired in Stage 1,https://archive.org/details/floralemblems00philrich/page/n257/mode/1up,UC 1825 primary scan sequence and linked page image are controlling; IA OCR was used for discovery. Cornell 1831 and UIUC 1825 used only to resolve unclear letterforms.
P1825-149,P1825-E149,INDUSTRY.,Bee Orchis. — Ophrys apifera.,Bee Orchis,,INDUSTRY.,Çalışkanlık,185–186,include,Final Stage 1 candidate: passes the owner-approved everyday-flower rule and the source-specific narrative threshold.,"The bee orchis represents industry because the flower resembles the bee, an established symbol of industrious habit.",185–186,,yes — no botanical image file acquired in Stage 1,https://archive.org/details/floralemblems00philrich/page/n258/mode/1up,UC 1825 primary scan sequence and linked page image are controlling; IA OCR was used for discovery.
P1825-150,P1825-E150,INFIDELITY.,Yellow Rose. — Rosa lutea.,Yellow Rose,yellow,INFIDELITY.,Sadakatsizlik,186,include,Final Stage 1 candidate: passes the owner-approved everyday-flower rule and the source-specific narrative threshold.,"The colour of this flower, so terrible to lovers, is the highest mark of distinction in Eastern countries.",186,"Plate 20, Infidelity, scan n409",no,https://archive.org/details/floralemblems00philrich/page/n259/mode/1up,UC 1825 primary scan sequence and linked page image are controlling; IA OCR was used for discovery.
P1825-151,P1825-E151,INGENUOUS SIMPLICITY.,Mouse-ear Chickweed. — Cerastium.,Mouse-ear Chickweed,,INGENUOUS SIMPLICITY.,İçten saflık,186–187,include,Final Stage 1 candidate: passes the owner-approved everyday-flower rule and the source-specific narrative threshold.,"Ingenuous simplicity is represented by these little white flowers, which are more frequently found in neglected banks than in cultivated grounds.",186–187,,yes — no botanical image file acquired in Stage 1,https://archive.org/details/floralemblems00philrich/page/n259/mode/1up,UC 1825 primary scan sequence and linked page image are controlling; IA OCR was used for discovery. Cornell 1831 and UIUC 1825 used only to resolve unclear letterforms.
P1825-152,P1825-E152,INGRATITUDE.,Yellow Gentian. — Gentiana lutea.,Yellow Gentian,yellow,INGRATITUDE.,Nankörlük,187–188,include,Final Stage 1 candidate: passes the owner-approved everyday-flower rule and the source-specific narrative threshold.,The strictest care and the greatest art of the florist is seldom sufficient to make this plant thrive in the parterre ; on which account the emblem has been devised.,187–188,,yes — no botanical image file acquired in Stage 1,https://archive.org/details/floralemblems00philrich/page/n260/mode/1up,UC 1825 primary scan sequence and linked page image are controlling; IA OCR was used for discovery.
P1825-154,P1825-E154,INNOCENCE.,Daisy. — Bellis perennis.,Daisy,,INNOCENCE.,Masumiyet,188–189,include,Final Stage 1 candidate: passes the owner-approved everyday-flower rule and the source-specific narrative threshold.,The daisy represents innocence because it forms one of infancy's earliest floral amusements.,188–189,"Plate 16, Innocence, scan n264",no,https://archive.org/details/floralemblems00philrich/page/n261/mode/1up,UC 1825 primary scan sequence and linked page image are controlling; IA OCR was used for discovery.
P1825-155,P1825-E155,INSPIRATION.,Angelica. — Angelica.,Angelica,,INSPIRATION.,İlham,189–190,include,Final Stage 1 candidate: passes the owner-approved everyday-flower rule and the source-specific narrative threshold.,"Parkinson says, this plant was named Angelica from the angel-like properties therein.",189–190,,yes — no botanical image file acquired in Stage 1,https://archive.org/details/floralemblems00philrich/page/n266/mode/1up,UC 1825 primary scan sequence and linked page image are controlling; IA OCR was used for discovery.
P1825-156,P1825-E156,INSTABILITY.,Dahlia. — Dahlia.,Dahlia,,INSTABILITY.,İstikrarsızlık,190–191,include,Final Stage 1 candidate: passes the owner-approved everyday-flower rule and the source-specific narrative threshold.,"Phillips links the dahlia's introduction during the French Revolution, disappearance, and reintroduction when Napoleon became emperor with the emblem of instability.",190–191,,yes — no botanical image file acquired in Stage 1,https://archive.org/details/floralemblems00philrich/page/n267/mode/1up,UC 1825 primary scan sequence and linked page image are controlling; IA OCR was used for discovery.
P1825-157,P1825-E157,INTOXICATED WITH PLEASURE.,Peruvian Heliotrope. — Heliotropium peruvianum.,Peruvian Heliotrope,,INTOXICATED WITH PLEASURE.,Hazla sarhoş,191–193,include,Final Stage 1 candidate: passes the owner-approved everyday-flower rule and the source-specific narrative threshold.,The botanist who found this fragrant flower in the Cordilleras is described as intoxicated with delight; its later value in France reinforces the emblem.,191–193,,yes — no botanical image file acquired in Stage 1,https://archive.org/details/floralemblems00philrich/page/n268/mode/1up,UC 1825 primary scan sequence and linked page image are controlling; IA OCR was used for discovery. Cornell 1831 and UIUC 1825 used only to resolve unclear letterforms.
P1825-158,P1825-E158,JEALOUSY.,French Marygold. — Tagetes Patula.,French Marygold,,JEALOUSY.,Kıskançlık,193,include,Final Stage 1 candidate: passes the owner-approved everyday-flower rule and the source-specific narrative threshold.,Phillips makes colour the rationale for jealousy and supplies French and Shakespearean quotations.,193,,yes — no botanical image file acquired in Stage 1,https://archive.org/details/floralemblems00philrich/page/n270/mode/1up,UC 1825 primary scan sequence and linked page image are controlling; IA OCR was used for discovery. Cornell 1831 and UIUC 1825 used only to resolve unclear letterforms.
P1825-160,P1825-E160,JUSTICE.,Rudbeckia. — Rudbeckia.,Rudbeckia,,JUSTICE.,Adalet,194–195,include,Final Stage 1 candidate: passes the owner-approved everyday-flower rule and the source-specific narrative threshold.,Phillips explains the name Rudbeckia as honouring Olaus Rudbeck and connects it to justice.,194–195,,yes — no botanical image file acquired in Stage 1,https://archive.org/details/floralemblems00philrich/page/n271/mode/1up,UC 1825 primary scan sequence and linked page image are controlling; IA OCR was used for discovery. Cornell 1831 and UIUC 1825 used only to resolve unclear letterforms.
P1825-161,P1825-E161,KNIGHT ERRANTRY.,"Monk's-hood, or Helmet-flower. — Aconitum Napellus.","Monk's-hood, or Helmet-flower",,KNIGHT ERRANTRY.,Gezgin şövalyelik,195–196,include,Final Stage 1 candidate: passes the owner-approved everyday-flower rule and the source-specific narrative threshold.,"We present this flower as the emblem of knight-errantry, because it rears its threatening helmet as if to protect the gayer favourites of Flora.",195–196,,yes — no botanical image file acquired in Stage 1,https://archive.org/details/floralemblems00philrich/page/n272/mode/1up,UC 1825 primary scan sequence and linked page image are controlling; IA OCR was used for discovery. Cornell 1831 and UIUC 1825 used only to resolve unclear letterforms.
P1825-163,P1825-E163,LASTING BEAUTY.,"Stock, or Gillyflower. — Mathiola.","Stock, or Gillyflower",,LASTING BEAUTY.,Kalıcı güzellik,197–198,include,Final Stage 1 candidate: passes the owner-approved everyday-flower rule and the source-specific narrative threshold.,"The stock is praised for durable charms and a fragrance that scents the garden, supporting the emblem of lasting beauty.",197–198,,yes — no botanical image file acquired in Stage 1,https://archive.org/details/floralemblems00philrich/page/n274/mode/1up,UC 1825 primary scan sequence and linked page image are controlling; IA OCR was used for discovery. Cornell 1831 and UIUC 1825 used only to resolve unclear letterforms.
P1825-164,P1825-E164,LASTING PLEASURE.,Everlasting Pea. — Lathyrus Latifolius.,Everlasting Pea,,LASTING PLEASURE.,Kalıcı haz,198–199,include,Final Stage 1 candidate: passes the owner-approved everyday-flower rule and the source-specific narrative threshold.,The perennial everlasting pea represents lasting pleasure because its beautiful flower clusters are renewed every year.,198–199,"Plate 16, Delicate and Lasting Pleasures, scan n264",yes — no botanical image file acquired in Stage 1,https://archive.org/details/floralemblems00philrich/page/n275/mode/1up,UC 1825 primary scan sequence and linked page image are controlling; IA OCR was used for discovery. Cornell 1831 and UIUC 1825 used only to resolve unclear letterforms.
P1825-166,P1825-E166,"LIGHTNESS, LEVITY, FICKLENESS.",Larkspur. — Delphinium Ajacis.,Larkspur,,"LIGHTNESS, LEVITY, FICKLENESS.","Hafiflik, uçarılık, döneklik",200–201,include,Final Stage 1 candidate: passes the owner-approved everyday-flower rule and the source-specific narrative threshold.,"The graceful airiness of this elegant flower, which varies so much both in shape and colour, is made emblematical as above.",200–201,,yes — no botanical image file acquired in Stage 1,https://archive.org/details/floralemblems00philrich/page/n277/mode/1up,UC 1825 primary scan sequence and linked page image are controlling; IA OCR was used for discovery.
P1825-167,P1825-E167,LIVELY AND PURE LOVE.,Red Pink. — Dianthus.,Red Pink,red,LIVELY AND PURE LOVE.,Canlı ve saf aşk,201–202,include,Final Stage 1 candidate: passes the owner-approved everyday-flower rule and the source-specific narrative threshold.,The entry pairs the red pink with lively and pure love and supports the floral association with a verse naming pinks and columbines.,201–202,,yes — no botanical image file acquired in Stage 1,https://archive.org/details/floralemblems00philrich/page/n278/mode/1up,UC 1825 primary scan sequence and linked page image are controlling; IA OCR was used for discovery.
P1825-169,P1825-E169,A LOVE MATCH.,"London-pride, or None-so-pretty. — Saxifraga Umbrosa.","London-pride, or None-so-pretty",,A LOVE MATCH.,Aşk evliliği,203–204,include,Final Stage 1 candidate: passes the owner-approved everyday-flower rule and the source-specific narrative threshold.,"This pretty little flower, which the French call amourette, is made the emblem of those love affairs which generally meet with the most opposition.",203–204,,yes — no botanical image file acquired in Stage 1,https://archive.org/details/floralemblems00philrich/page/n280/mode/1up,UC 1825 primary scan sequence and linked page image are controlling; IA OCR was used for discovery. Cornell 1831 and UIUC 1825 used only to resolve unclear letterforms.
P1825-170,P1825-E170,LUSTRE.,"Aconite-leaved Crowfoot, or Fair Maids of France. — Ranunculus Aconitifolius.","Aconite-leaved Crowfoot, or Fair Maids of France",aconite-leaved,LUSTRE.,Işıltı,204–205,include,Final Stage 1 candidate: passes the owner-approved everyday-flower rule and the source-specific narrative threshold.,"The alpine plant's white petals shine in the parterre, supplying the emblem of lustre.",204–205,,yes — no botanical image file acquired in Stage 1,https://archive.org/details/floralemblems00philrich/page/n281/mode/1up,UC 1825 primary scan sequence and linked page image are controlling; IA OCR was used for discovery. Cornell 1831 and UIUC 1825 used only to resolve unclear letterforms.
P1825-172,P1825-E172,MAJESTY AND POWER.,Crown Imperial.- Fritillaria imperialis.,Crown Imperial.- Fritillaria imperialis,,MAJESTY AND POWER.,Haşmet ve kudret,206–207,include,Final Stage 1 candidate: passes the owner-approved everyday-flower rule and the source-specific narrative threshold.,"This Persian flower, that towers above the more humble plants of the parterre, holds a high rank in floral emblems.",206–207,,yes — no botanical image file acquired in Stage 1,https://archive.org/details/floralemblems00philrich/page/n283/mode/1up,UC 1825 primary scan sequence and linked page image are controlling; IA OCR was used for discovery.
P1825-173,P1825-E173,MATERNAL LOVE.,"Mossy Saxifrage, or Ladies Cushion. — Saxifraga hypnoides.","Mossy Saxifrage, or Ladies Cushion",mossy,MATERNAL LOVE.,Anne sevgisi,207–208,include,Final Stage 1 candidate: passes the owner-approved everyday-flower rule and the source-specific narrative threshold.,"Its habit of clothing the naked rocks of Cheddar, Snowdon, and Ben Lomond supplies the source's image of instinctive maternal love.",207–208,,yes — no botanical image file acquired in Stage 1,https://archive.org/details/floralemblems00philrich/page/n284/mode/1up,UC 1825 primary scan sequence and linked page image are controlling; IA OCR was used for discovery. Cornell 1831 and UIUC 1825 used only to resolve unclear letterforms.
P1825-177,P1825-E177,MEMORY.,"Syringa, or Mock Orange. — Philadelphus.","Syringa, or Mock Orange",,MEMORY.,Hatıra,211–212,include,Final Stage 1 candidate: passes the owner-approved everyday-flower rule and the source-specific narrative threshold.,Syringa represents memory because its penetrating fragrance continues to dwell on the senses after it is inhaled.,211–212,,yes — no botanical image file acquired in Stage 1,https://archive.org/details/floralemblems00philrich/page/n288/mode/1up,UC 1825 primary scan sequence and linked page image are controlling; IA OCR was used for discovery.
P1825-178,P1825-E178,"MESSAGE, OR MESSENGER.",Iris. — Iris.,Iris,,"MESSAGE, OR MESSENGER.",Mesaj ya da haberci,212–213,include,Final Stage 1 candidate: passes the owner-approved everyday-flower rule and the source-specific narrative threshold.,"This flower, which the poets have chosen as the emblem of the messenger of the gods, takes its name from the celestial bow, on account of its various colours.",212–213,,yes — no botanical image file acquired in Stage 1,https://archive.org/details/floralemblems00philrich/page/n289/mode/1up,UC 1825 primary scan sequence and linked page image are controlling; IA OCR was used for discovery.
P1825-179,P1825-E179,"MIRTH, OR LAUGHTER.",Saffron Crocus.,Saffron Crocus,,"MIRTH, OR LAUGHTER.",Neşe ya da kahkaha,213–214,include,Final Stage 1 candidate: passes the owner-approved everyday-flower rule and the source-specific narrative threshold.,Is represented in floral language by a saffron crocus with its petals turned down so as to show the whole of the stamina.,213–214,,yes — no botanical image file acquired in Stage 1,https://archive.org/details/floralemblems00philrich/page/n290/mode/1up,UC 1825 primary scan sequence and linked page image are controlling; IA OCR was used for discovery. Cornell 1831 and UIUC 1825 used only to resolve unclear letterforms.
P1825-180,P1825-E180,MISANTHROPY.,Fullers Teasel. — Dipsacus fullonum.,Fullers Teasel,,MISANTHROPY.,İnsanlardan nefret,214–215,include,Final Stage 1 candidate: passes the owner-approved everyday-flower rule and the source-specific narrative threshold.,"These unhappy dispositions are represented in floral emblems by the prickly head of the dipsacus, a plant so disagreeable to animals in general, that even the ass refuses it.",214–215,,yes — no botanical image file acquired in Stage 1,https://archive.org/details/floralemblems00philrich/page/n291/mode/1up,UC 1825 primary scan sequence and linked page image are controlling; IA OCR was used for discovery.
P1825-181,P1825-E181,MODESTY.,Sweet Violet. — Viola odorata.,Sweet Violet,,MODESTY.,Tevazu,215–216,include,Final Stage 1 candidate: passes the owner-approved everyday-flower rule and the source-specific narrative threshold.,"This unobtrusive flower is no less honoured by its emblem than the rose or the myrtle, to which it is so essential to complete the delights they can inspire.",215–216,,yes — no botanical image file acquired in Stage 1,https://archive.org/details/floralemblems00philrich/page/n292/mode/1up,UC 1825 primary scan sequence and linked page image are controlling; IA OCR was used for discovery.
P1825-182,P1825-E182,MOMENTARY HAPPINESS.,Virginian Spider-wort. — Tradescantia virginica.,Virginian Spider-wort,,MOMENTARY HAPPINESS.,Anlık mutluluk,216–217,include,Final Stage 1 candidate: passes the owner-approved everyday-flower rule and the source-specific narrative threshold.,"The emblem refers to the spiderwort's fragile flowers, which wither almost as soon as they are fully formed.",216–217,,yes — no botanical image file acquired in Stage 1,https://archive.org/details/floralemblems00philrich/page/n293/mode/1up,UC 1825 primary scan sequence and linked page image are controlling; IA OCR was used for discovery.
P1825-185,P1825-E184,MY BEST DAYS ARE PAST.,"Colchicum, or Meadow-saffron. — Colchicum Autumnale.","Colchicum, or Meadow-saffron",,MY BEST DAYS ARE PAST.,En iyi günlerim geçti,218–219,include,Final Stage 1 candidate: passes the owner-approved everyday-flower rule and the source-specific narrative threshold.,"This autumnal flower announces the loss of fine days and the approach of a cheerless season, unlike the hopeful crocus.",218–219,,yes — no botanical image file acquired in Stage 1,https://archive.org/details/floralemblems00philrich/page/n295/mode/1up,UC 1825 primary scan sequence and linked page image are controlling; IA OCR was used for discovery. Cornell 1831 and UIUC 1825 used only to resolve unclear letterforms.
P1825-186,P1825-E185,MY REGRETS WILL FOLLOW YOU TO THE GRAVE.,Asphodel. — Asphodelus.,Asphodel,,MY REGRETS WILL FOLLOW YOU TO THE GRAVE.,Pişmanlıklarım mezara kadar peşinizden gelecek,219–220,include,Final Stage 1 candidate: passes the owner-approved everyday-flower rule and the source-specific narrative threshold.,Phillips discusses asphodel roots as food and the ancient practice of planting asphodel on graves.,219–220,,yes — no botanical image file acquired in Stage 1,https://archive.org/details/floralemblems00philrich/page/n296/mode/1up,UC 1825 primary scan sequence and linked page image are controlling; IA OCR was used for discovery. Cornell 1831 and UIUC 1825 used only to resolve unclear letterforms.
P1825-188,P1825-E187,NEGLECTED BEAUTY.,Throat-wort. — Trachelium.,Throat-wort,,NEGLECTED BEAUTY.,İhmal edilmiş güzellik,220–221,include,Final Stage 1 candidate: passes the owner-approved everyday-flower rule and the source-specific narrative threshold.,"Because poets, painters, and most florists had overlooked this beautiful flower, the author offers it as an emblem of neglected beauty.",220–221,,yes — no botanical image file acquired in Stage 1,https://archive.org/details/floralemblems00philrich/page/n297/mode/1up,UC 1825 primary scan sequence and linked page image are controlling; IA OCR was used for discovery.
P1825-189,P1825-E188,NEVER-CEASING REMEMBRANCE.,"Everlasting, or Cud-weed. — Gnaphalium.","Everlasting, or Cud-weed",,NEVER-CEASING REMEMBRANCE.,Bitmeyen hatırlayış,221–222,include,Final Stage 1 candidate: passes the owner-approved everyday-flower rule and the source-specific narrative threshold.,Phillips derives the emblem from the everlasting flower's name and its continental use in decorating monuments and graves of departed friends.,221–222,,yes — no botanical image file acquired in Stage 1,https://archive.org/details/floralemblems00philrich/page/n298/mode/1up,UC 1825 primary scan sequence and linked page image are controlling; IA OCR was used for discovery.
P1825-190,P1825-E189,NIGHT.,Convolvulus Minor. — Convolvulus Tricolor.,Convolvulus Minor,,NIGHT.,Gece,222–223,include,Final Stage 1 candidate: passes the owner-approved everyday-flower rule and the source-specific narrative threshold.,"Now sunk the sun; the closing hour of day Came onward, mantled o'er with sober gray ; Nature in silence, bid the world repose.",222–223,,yes — no botanical image file acquired in Stage 1,https://archive.org/details/floralemblems00philrich/page/n299/mode/1up,UC 1825 primary scan sequence and linked page image are controlling; IA OCR was used for discovery.
P1825-192,P1825-E191,OBSTINACY.,Small Bindweed. — Convolvulus Arvensis.,Small Bindweed,,OBSTINACY.,İnatçılık,223–224,include,Final Stage 1 candidate: passes the owner-approved everyday-flower rule and the source-specific narrative threshold.,The small bindweed is presented as a formidable farm weed that is difficult to dispossess once established.,223–224,,yes — no botanical image file acquired in Stage 1,https://archive.org/details/floralemblems00philrich/page/n300/mode/1up,UC 1825 primary scan sequence and linked page image are controlling; IA OCR was used for discovery.
P1825-194,P1825-E193,ORACLE.,Dandelion. — Leontodon.,Dandelion,,ORACLE.,Kehanet,225–226,include,Final Stage 1 candidate: passes the owner-approved everyday-flower rule and the source-specific narrative threshold.,The entry contrasts the dandelion's brief golden display with its later seed head and says a familiar name arising from its medicinal reputation helped originate the oracle emblem.,225–226,,yes — no botanical image file acquired in Stage 1,https://archive.org/details/floralemblems00philrich/page/n302/mode/1up,UC 1825 primary scan sequence and linked page image are controlling; IA OCR was used for discovery.
P1825-197,P1825-E196,PAINTING.,Auricula. — Primula Auricula.,Auricula,,PAINTING.,Resim,228–229,include,Final Stage 1 candidate: passes the owner-approved everyday-flower rule and the source-specific narrative threshold.,"Phillips describes the difficulty of choosing a flower worthy of painting and selects the auricula, celebrated as a queen of the snowy Alps, for the emblem.",228–229,,yes — no botanical image file acquired in Stage 1,https://archive.org/details/floralemblems00philrich/page/n305/mode/1up,UC 1825 primary scan sequence and linked page image are controlling; IA OCR was used for discovery.
P1825-198,P1825-E197,"PARTICIPATION, OR, I PARTAKE YOUR SENTIMENTS.",Double Daisy. — Bellis hortus.,Double Daisy,double,"PARTICIPATION, OR, I PARTAKE YOUR SENTIMENTS.",Duygularınıza katılıyorum,229–230,include,Final Stage 1 candidate: passes the owner-approved everyday-flower rule and the source-specific narrative threshold.,"The cultivated daisy is made the emblem of participation, because its multiplied petals all partake of one receptacle.",229–230,,yes — no botanical image file acquired in Stage 1,https://archive.org/details/floralemblems00philrich/page/n306/mode/1up,UC 1825 primary scan sequence and linked page image are controlling; IA OCR was used for discovery. Cornell 1831 and UIUC 1825 used only to resolve unclear letterforms.
P1825-199,P1825-E198,PATERNAL ERROR.,"Cardamine. Cuckoo-flower, or Lady's Smock. — Nasturtium Pratensis.","Cardamine. Cuckoo-flower, or Lady's Smock",,PATERNAL ERROR.,Baba hatası,230–231,include,Final Stage 1 candidate: passes the owner-approved everyday-flower rule and the source-specific narrative threshold.,"Cardamine appeared in King Lear's crown after he surrendered his diadem to his children, prompting the emblem of paternal error.",230–231,,yes — no botanical image file acquired in Stage 1,https://archive.org/details/floralemblems00philrich/page/n307/mode/1up,UC 1825 primary scan sequence and linked page image are controlling; IA OCR was used for discovery. Cornell 1831 and UIUC 1825 used only to resolve unclear letterforms.
P1825-202,P1825-E201,PENSIVENESS.,Cowslip. — Primula veris.,Cowslip,,PENSIVENESS.,Düşüncelilik,233–234,include,Final Stage 1 candidate: passes the owner-approved everyday-flower rule and the source-specific narrative threshold.,"Poetic descriptions of the cowslip's drooping, pensive head and melancholy love underlie the emblem.",233–234,"Plate 18, Pensiveness arising from Solitude, scan n367",yes — no botanical image file acquired in Stage 1,https://archive.org/details/floralemblems00philrich/page/n310/mode/1up,UC 1825 primary scan sequence and linked page image are controlling; IA OCR was used for discovery.
P1825-205,P1825-E204,PERSECUTION.,Chequered Fritillary. — Fritillaria Meleagris.,Chequered Fritillary,,PERSECUTION.,Zulüm,236,include,Final Stage 1 candidate: passes the owner-approved everyday-flower rule and the source-specific narrative threshold.,"Persecution is represented by this flower, whose chequered petals are too frequently emblematical of the events of life.",236,,yes — no botanical image file acquired in Stage 1,https://archive.org/details/floralemblems00philrich/page/n313/mode/1up,UC 1825 primary scan sequence and linked page image are controlling; IA OCR was used for discovery.
P1825-207,P1825-E206,PERSUASION.,Althæa Frutex. — Hibiscus syriacus.,Althæa Frutex,,PERSUASION.,İkna,237–238,include,Final Stage 1 candidate: passes the owner-approved everyday-flower rule and the source-specific narrative threshold.,Beauty will frequently gain over what all the arts of fine persuasion has failed to accomplish.,237–238,,yes — no botanical image file acquired in Stage 1,https://archive.org/details/floralemblems00philrich/page/n314/mode/1up,UC 1825 primary scan sequence and linked page image are controlling; IA OCR was used for discovery. Cornell 1831 and UIUC 1825 used only to resolve unclear letterforms.
P1825-208,P1825-E207,"PLAY, OR GAMES.",Hyacinth. — Hyacinthus.,Hyacinth,,"PLAY, OR GAMES.",Oyun ya da oyunlar,238–239,include,Final Stage 1 candidate: passes the owner-approved everyday-flower rule and the source-specific narrative threshold.,"The hyacinth, so celebrated by the poets from the time of Homer to the present day, is made the emblem of play, or games, in allusion to the fable which tells us, that this flower sprang from the blood of young Hyacinthus, the favourite of Apollo.",238–239,,yes — no botanical image file acquired in Stage 1,https://archive.org/details/floralemblems00philrich/page/n315/mode/1up,UC 1825 primary scan sequence and linked page image are controlling; IA OCR was used for discovery.
P1825-209,P1825-E208,PLEASURES OF MEMORY.,Periwinkle. — Vinca.,Periwinkle,,PLEASURES OF MEMORY.,Hafızanın hazları,239–240,include,Final Stage 1 candidate: passes the owner-approved everyday-flower rule and the source-specific narrative threshold.,The text associates periwinkle with admirers of Rousseau and memories of former friendships.,239–240,,yes — no botanical image file acquired in Stage 1,https://archive.org/details/floralemblems00philrich/page/n316/mode/1up,UC 1825 primary scan sequence and linked page image are controlling; IA OCR was used for discovery.
P1825-210,P1825-E209,POETRY.,"Sweet Briar, or Eglantine. — Rosa rubiginosa, or Eglanteria.","Sweet Briar, or Eglantine",,POETRY.,Şiir,240–241,include,Final Stage 1 candidate: passes the owner-approved everyday-flower rule and the source-specific narrative threshold.,Convey the jasmin's breath divine ; Convey the woodbine's rich perfume.,240–241,,yes — no botanical image file acquired in Stage 1,https://archive.org/details/floralemblems00philrich/page/n317/mode/1up,UC 1825 primary scan sequence and linked page image are controlling; IA OCR was used for discovery. Cornell 1831 and UIUC 1825 used only to resolve unclear letterforms.
P1825-211,P1825-E210,POPULAR FAVOUR.,"Cistus, or Rock Rose. — Cistus.","Cistus, or Rock Rose",,POPULAR FAVOUR.,Halkın teveccühü,241–242,include,Final Stage 1 candidate: passes the owner-approved everyday-flower rule and the source-specific narrative threshold.,"Admire we then, Or popularity, or stars, or strings.",241–242,"Plate 13, Desire not Popular Favour, scan n185",yes — no botanical image file acquired in Stage 1,https://archive.org/details/floralemblems00philrich/page/n318/mode/1up,UC 1825 primary scan sequence and linked page image are controlling; IA OCR was used for discovery. Cornell 1831 and UIUC 1825 used only to resolve unclear letterforms.
P1825-212,P1825-E211,POVERTY.,Evergreen Clematis. — Clematis cirrhosa.,Evergreen Clematis,,POVERTY.,Yoksulluk,242–243,include,Final Stage 1 candidate: passes the owner-approved everyday-flower rule and the source-specific narrative threshold.,This plant represents in floral language the scale which weighs the sincerity of friendship.,242–243,"Plate 20, Poverty, scan n409",no,https://archive.org/details/floralemblems00philrich/page/n319/mode/1up,UC 1825 primary scan sequence and linked page image are controlling; IA OCR was used for discovery.
P1825-213,P1825-E212,PRECAUTION.,Golden Rod. — Solidago.,Golden Rod,,PRECAUTION.,Tedbir,243,include,Final Stage 1 candidate: passes the owner-approved everyday-flower rule and the source-specific narrative threshold.,"This flower is presented as the emblem of precaution, nature having so carefully enveloped these little florets in a silky down, as to shield their nectar from the ravages of the bee.",243,,yes — no botanical image file acquired in Stage 1,https://archive.org/details/floralemblems00philrich/page/n320/mode/1up,UC 1825 primary scan sequence and linked page image are controlling; IA OCR was used for discovery.
P1825-214,P1825-E213,PRECOCITY.,May Rose. — Rosa cinnamoma.,May Rose,,PRECOCITY.,Erken gelişmişlik,243–244,include,Final Stage 1 candidate: passes the owner-approved everyday-flower rule and the source-specific narrative threshold.,"This early, aromatic rose usually displays its beauty and scent when the nightingale begins to sing.",243–244,,yes — no botanical image file acquired in Stage 1,https://archive.org/details/floralemblems00philrich/page/n320/mode/1up,UC 1825 primary scan sequence and linked page image are controlling; IA OCR was used for discovery. Cornell 1831 and UIUC 1825 used only to resolve unclear letterforms.
P1825-215,P1825-E214,PREFERENCE.,Scarlet Geranium.,Scarlet Geranium,scarlet,PREFERENCE.,Tercih,244–245,include,Final Stage 1 candidate: passes the owner-approved everyday-flower rule and the source-specific narrative threshold.,The emblem originated in the preference florists showed for cultivating scarlet geraniums.,244–245,,yes — no botanical image file acquired in Stage 1,https://archive.org/details/floralemblems00philrich/page/n321/mode/1up,UC 1825 primary scan sequence and linked page image are controlling; IA OCR was used for discovery. Cornell 1831 and UIUC 1825 used only to resolve unclear letterforms.
P1825-216,P1825-E215,PRESUMPTION.,Snap-dragon. — Antirrhinum.,Snap-dragon,,PRESUMPTION.,Kendini beğenmişlik,245–246,include,Final Stage 1 candidate: passes the owner-approved everyday-flower rule and the source-specific narrative threshold.,"This singular flower is made the symbol of presumption, from its monopetalous corolla forming a mask, which resembles the face of an animal.",245–246,,yes — no botanical image file acquired in Stage 1,https://archive.org/details/floralemblems00philrich/page/n322/mode/1up,UC 1825 primary scan sequence and linked page image are controlling; IA OCR was used for discovery.
P1825-218,P1825-E217,PRIDE.,Amaryllis. — Amaryllis.,Amaryllis,,PRIDE.,Gurur,246–248,include,Final Stage 1 candidate: passes the owner-approved everyday-flower rule and the source-specific narrative threshold.,In all the liveries deck'd of summer's pride.,246–248,"Plate 17, Hope separated from Love by Pride and Cruelty, scan n326",yes — no botanical image file acquired in Stage 1,https://archive.org/details/floralemblems00philrich/page/n323/mode/1up,UC 1825 primary scan sequence and linked page image are controlling; IA OCR was used for discovery. Cornell 1831 and UIUC 1825 used only to resolve unclear letterforms.
P1825-221,P1825-E220,PROMPTITUDE.,Ten Weeks' Stock. — Cheiranthus Annuus.,Ten Weeks' Stock,,PROMPTITUDE.,Çabukluk,250,include,Final Stage 1 candidate: passes the owner-approved everyday-flower rule and the source-specific narrative threshold.,The plant's rapid growth and flowering supply the source's rationale for promptitude.,250,,yes — no botanical image file acquired in Stage 1,https://archive.org/details/floralemblems00philrich/page/n331/mode/1up,UC 1825 primary scan sequence and linked page image are controlling; IA OCR was used for discovery. Cornell 1831 and UIUC 1825 used only to resolve unclear letterforms.
P1825-222,P1825-E221,PROTECTION.,Bearded Crepis. — Crepis Barbata.,Bearded Crepis,,PROTECTION.,Koruma,250–251,include,Final Stage 1 candidate: passes the owner-approved everyday-flower rule and the source-specific narrative threshold.,"The flower-buds of this plant are protected by the linear leaves that form the beard, which has given rise to the emblem.",250–251,,yes — no botanical image file acquired in Stage 1,https://archive.org/details/floralemblems00philrich/page/n331/mode/1up,UC 1825 primary scan sequence and linked page image are controlling; IA OCR was used for discovery. Cornell 1831 and UIUC 1825 used only to resolve unclear letterforms.
P1825-223,P1825-E222,PROVIDENT.,Purple Clover. — Trifolium pratense.,Purple Clover,purple,PROVIDENT.,Tedbirli,251–253,include,Final Stage 1 candidate: passes the owner-approved everyday-flower rule and the source-specific narrative threshold.,The provident husbandman stores clover hay for winter cattle and relies on it again as nutritious early spring pasture.,251–253,,yes — no botanical image file acquired in Stage 1,https://archive.org/details/floralemblems00philrich/page/n332/mode/1up,UC 1825 primary scan sequence and linked page image are controlling; IA OCR was used for discovery.
P1825-225,P1825-E224,PURITY AND MODESTY.,White Lily. — Lilium Candidum.,White Lily,white,PURITY AND MODESTY.,Saflık ve tevazu,254–255,include,Final Stage 1 candidate: passes the owner-approved everyday-flower rule and the source-specific narrative threshold.,All nations and ages agree in making this flower the symbol of purity and modesty ; and its beauty and delicacy has ever been the theme of admiration with the poets from the time of Solomon to the present day.,254–255,,yes — no botanical image file acquired in Stage 1,https://archive.org/details/floralemblems00philrich/page/n335/mode/1up,UC 1825 primary scan sequence and linked page image are controlling; IA OCR was used for discovery.
P1825-226,P1825-E225,PURITY OF SENTIMENT.,White Violet. — Viola alba.,White Violet,white,PURITY OF SENTIMENT.,Duygu saflığı,255–256,include,Final Stage 1 candidate: passes the owner-approved everyday-flower rule and the source-specific narrative threshold.,A Shakespearean passage likens music's dying fall to sweet breath moving over a bank of violets; the white violet is paired with purity of sentiment.,255–256,,yes — no botanical image file acquired in Stage 1,https://archive.org/details/floralemblems00philrich/page/n336/mode/1up,UC 1825 primary scan sequence and linked page image are controlling; IA OCR was used for discovery.
P1825-227,P1825-E226,QUICK-SIGHTEDNESS.,Hawkweed. — Hieracium.,Hawkweed,,QUICK-SIGHTEDNESS.,Keskin görüş,256,include,Final Stage 1 candidate: passes the owner-approved everyday-flower rule and the source-specific narrative threshold.,"Hawkweed was formerly given to hawks in the belief that it sharpened their sight, a tradition also used to explain its name.",256,,yes — no botanical image file acquired in Stage 1,https://archive.org/details/floralemblems00philrich/page/n337/mode/1up,UC 1825 primary scan sequence and linked page image are controlling; IA OCR was used for discovery. Cornell 1831 and UIUC 1825 used only to resolve unclear letterforms.
P1825-229,P1825-E228,REASON.,Goat's Rue. — Galega officinalis.,Goat's Rue,,REASON.,Akıl,258–259,include,Final Stage 1 candidate: passes the owner-approved everyday-flower rule and the source-specific narrative threshold.,"Dim, as the borrowed beams of moon and stars.",258–259,,yes — no botanical image file acquired in Stage 1,https://archive.org/details/floralemblems00philrich/page/n339/mode/1up,UC 1825 primary scan sequence and linked page image are controlling; IA OCR was used for discovery. Cornell 1831 and UIUC 1825 used only to resolve unclear letterforms.
P1825-231,P1825-E230,REFUSAL.,"Striped Pink, or Carnation. — Dianthus.","Striped Pink, or Carnation",striped,REFUSAL.,Ret,260–261,include,Final Stage 1 candidate: passes the owner-approved everyday-flower rule and the source-specific narrative threshold.,"Which some call, nature's bastards : of that kind Our rustic garden's barren ; and I care not To get slips of them.",260–261,,yes — no botanical image file acquired in Stage 1,https://archive.org/details/floralemblems00philrich/page/n341/mode/1up,UC 1825 primary scan sequence and linked page image are controlling; IA OCR was used for discovery.
P1825-232,P1825-E231,RELIGIOUS ENTHUSIASM.,Lychnis. — Lychnis.,Lychnis,,RELIGIOUS ENTHUSIASM.,Dinsel coşku,261–262,include,Final Stage 1 candidate: passes the owner-approved everyday-flower rule and the source-specific narrative threshold.,Phillips notes Jerusalem-cross names for lychnis across several European languages and links its reputed introduction by crusaders with religious enthusiasm.,261–262,,yes — no botanical image file acquired in Stage 1,https://archive.org/details/floralemblems00philrich/page/n342/mode/1up,UC 1825 primary scan sequence and linked page image are controlling; IA OCR was used for discovery.
P1825-233,P1825-E232,RELIGIOUS SUPERSTITION.,Passion Flower. — Passiflora.,Passion Flower,,RELIGIOUS SUPERSTITION.,Dinsel hurafe,262–263,include,Final Stage 1 candidate: passes the owner-approved everyday-flower rule and the source-specific narrative threshold.,Some fair enthusiast views the sainted flower.,262–263,,yes — no botanical image file acquired in Stage 1,https://archive.org/details/floralemblems00philrich/page/n343/mode/1up,UC 1825 primary scan sequence and linked page image are controlling; IA OCR was used for discovery. Cornell 1831 and UIUC 1825 used only to resolve unclear letterforms.
P1825-236,P1825-E235,RESEMBLANCE.,Spiked Speedwell. — Veronica Spicata.,Spiked Speedwell,,RESEMBLANCE.,Benzerlik,265–266,include,Final Stage 1 candidate: passes the owner-approved everyday-flower rule and the source-specific narrative threshold.,"This beautiful little blue flower, familiarly known by the name of bird's eye, is made the emblem of resemblance.",265–266,,yes — no botanical image file acquired in Stage 1,https://archive.org/details/floralemblems00philrich/page/n346/mode/1up,UC 1825 primary scan sequence and linked page image are controlling; IA OCR was used for discovery. Cornell 1831 and UIUC 1825 used only to resolve unclear letterforms.
P1825-238,P1825-E237,RESISTANCE.,Tansy. — Tanacetum.,Tansy,,RESISTANCE.,Direnç,267,include,Final Stage 1 candidate: passes the owner-approved everyday-flower rule and the source-specific narrative threshold.,"This once-celebrated balsamic plant was believed to resist contagion, supplying the emblem of resistance.",267,,yes — no botanical image file acquired in Stage 1,https://archive.org/details/floralemblems00philrich/page/n348/mode/1up,UC 1825 primary scan sequence and linked page image are controlling; IA OCR was used for discovery.
P1825-239,P1825-E238,RESTORATION.,Persicaria. — Polygonum Oriental.,Persicaria,,RESTORATION.,Eski hâline dönüş,267–268,include,Final Stage 1 candidate: passes the owner-approved everyday-flower rule and the source-specific narrative threshold.,"Tournefort is said to have obtained the seeds near Mount Ararat, at the place traditionally associated with the ark's resting; that association supplies the emblem of restoration.",267–268,,yes — no botanical image file acquired in Stage 1,https://archive.org/details/floralemblems00philrich/page/n348/mode/1up,UC 1825 primary scan sequence and linked page image are controlling; IA OCR was used for discovery. Cornell 1831 and UIUC 1825 used only to resolve unclear letterforms.
P1825-240,P1825-E239,RETURN OF HAPPINESS.,Lily of the Valley. — Convallaria majalis.,Lily of the Valley,,RETURN OF HAPPINESS.,Mutluluğun geri dönüşü,268–269,include,Final Stage 1 candidate: passes the owner-approved everyday-flower rule and the source-specific narrative threshold.,"In sweet seclusion seems to shrink from view, — You of the valley nam'd, no longer hide Your blossoms meet to twine the brow of purest bride.",268–269,,yes — no botanical image file acquired in Stage 1,https://archive.org/details/floralemblems00philrich/page/n349/mode/1up,UC 1825 primary scan sequence and linked page image are controlling; IA OCR was used for discovery.
P1825-245,P1825-E244,RUSTIC BEAUTY.,French Honeysuckle. — Hedysarum cornoarium.,French Honeysuckle,,RUSTIC BEAUTY.,Kırsal güzellik,272–273,include,Final Stage 1 candidate: passes the owner-approved everyday-flower rule and the source-specific narrative threshold.,Phillips compares field flowers and rustic beauty with their loss of effect when removed from their native setting.,272–273,,yes — no botanical image file acquired in Stage 1,https://archive.org/details/floralemblems00philrich/page/n353/mode/1up,UC 1825 primary scan sequence and linked page image are controlling; IA OCR was used for discovery. Cornell 1831 and UIUC 1825 used only to resolve unclear letterforms.
P1825-246,P1825-E245,SCULPTURE.,Hoya. — Hoya carnosa.,Hoya,,SCULPTURE.,Heykel,273–274,include,Final Stage 1 candidate: passes the owner-approved everyday-flower rule and the source-specific narrative threshold.,The author assigns sculptors a floral ensign and chooses an Asian flower because Asia is presented as the region where the arts first arose.,273–274,,yes — no botanical image file acquired in Stage 1,https://archive.org/details/floralemblems00philrich/page/n354/mode/1up,UC 1825 primary scan sequence and linked page image are controlling; IA OCR was used for discovery. Cornell 1831 and UIUC 1825 used only to resolve unclear letterforms.
P1825-248,P1825-E247,SENSUALITY.,Spanish Jasmine. — Jasminum grandiflorum.,Spanish Jasmine,,SENSUALITY.,Duyusallık,275–276,include,Final Stage 1 candidate: passes the owner-approved everyday-flower rule and the source-specific narrative threshold.,The highly fragrant Spanish jasmine represents immoderate desire for sensual gratification; the text warns that sensual youth ends in premature age and infirmity.,275–276,"Plate 20, Sensuality, scan n409",no,https://archive.org/details/floralemblems00philrich/page/n356/mode/1up,UC 1825 primary scan sequence and linked page image are controlling; IA OCR was used for discovery. Cornell 1831 and UIUC 1825 used only to resolve unclear letterforms.
P1825-249,P1825-E248,SEPARATION.,Ash-leaved Trumpet Flower. — Bignonia radicans.,Ash-leaved Trumpet Flower,ash-leaved,SEPARATION.,Ayrılık,276–277,include,Final Stage 1 candidate: passes the owner-approved everyday-flower rule and the source-specific narrative threshold.,"Separations are eagerly announced by the trumpets of scandal and ill-nature, who by their discordant sounds, frequently prevent the possibility of a re-union.",276–277,,yes — no botanical image file acquired in Stage 1,https://archive.org/details/floralemblems00philrich/page/n357/mode/1up,UC 1825 primary scan sequence and linked page image are controlling; IA OCR was used for discovery. Cornell 1831 and UIUC 1825 used only to resolve unclear letterforms.
P1825-251,P1825-E250,SLEEP OF THE HEART.,White Poppy. — Papaver Somniforum.,White Poppy,white,SLEEP OF THE HEART.,Kalbin uykusu,277–278,include,Final Stage 1 candidate: passes the owner-approved everyday-flower rule and the source-specific narrative threshold.,The poppy is described as both balm and bane: its sleep-inducing qualities mitigate pain while damping the mind's energies.,277–278,,yes — no botanical image file acquired in Stage 1,https://archive.org/details/floralemblems00philrich/page/n358/mode/1up,UC 1825 primary scan sequence and linked page image are controlling; IA OCR was used for discovery.
P1825-252,P1825-E251,SICKNESS.,Anemone. — Anemone.,Anemone,,SICKNESS.,Hastalık,278–279,include,Final Stage 1 candidate: passes the owner-approved everyday-flower rule and the source-specific narrative threshold.,The winds forbid the flow'rs to flourish long.,278–279,"Plate 20, Sickness, scan n409",no,https://archive.org/details/floralemblems00philrich/page/n359/mode/1up,UC 1825 primary scan sequence and linked page image are controlling; IA OCR was used for discovery.
P1825-253,P1825-E252,SILENCE.,"Lotus flower, or Water Lily. — Nymphæa.","Lotus flower, or Water Lily",,SILENCE.,Sessizlik,279–281,include,Final Stage 1 candidate: passes the owner-approved everyday-flower rule and the source-specific narrative threshold.,"I suffer not a woman to teach, nor to usurp authority over the man, but to be in silence.",279–281,,yes — no botanical image file acquired in Stage 1,https://archive.org/details/floralemblems00philrich/page/n360/mode/1up,UC 1825 primary scan sequence and linked page image are controlling; IA OCR was used for discovery. Cornell 1831 and UIUC 1825 used only to resolve unclear letterforms.
P1825-254,P1825-E253,SIMPLICITY.,"A full blown Eglantine, or Single Rose.",Eglantine / single rose,full blown,SIMPLICITY.,Sadelik,281–282,include,Final Stage 1 candidate: passes the owner-approved everyday-flower rule and the source-specific narrative threshold.,"The single rose retains natural beauties that the botanist finds lost in highly cultivated double flowers, supporting the emblem of simplicity.",281–282,,yes — no botanical image file acquired in Stage 1,https://archive.org/details/floralemblems00philrich/page/n362/mode/1up,UC 1825 primary scan sequence and linked page image are controlling; IA OCR was used for discovery. Cornell 1831 and UIUC 1825 used only to resolve unclear letterforms.
P1825-256,P1825-E255,SINGULARITY.,"Cock's-comb, or Crested Amaranth. — Celosia Cristata.","Cock's-comb, or Crested Amaranth",,SINGULARITY.,Benzersizlik,283–284,include,Final Stage 1 candidate: passes the owner-approved everyday-flower rule and the source-specific narrative threshold.,"This singular amaranth is a native of flowery lands, being common in China, Japan, and some parts of Persia.",283–284,,yes — no botanical image file acquired in Stage 1,https://archive.org/details/floralemblems00philrich/page/n364/mode/1up,UC 1825 primary scan sequence and linked page image are controlling; IA OCR was used for discovery. Cornell 1831 and UIUC 1825 used only to resolve unclear letterforms.
P1825-257,P1825-E256,SNARE.,Dragon Plant. — Arum dracunculus.,Dragon Plant,,SNARE.,Tuzak,284–285,include,Final Stage 1 candidate: passes the owner-approved everyday-flower rule and the source-specific narrative threshold.,Trust not this specious veil ; beneath its guise.,284–285,,yes — no botanical image file acquired in Stage 1,https://archive.org/details/floralemblems00philrich/page/n365/mode/1up,UC 1825 primary scan sequence and linked page image are controlling; IA OCR was used for discovery.
P1825-261,P1825-E260,SORROWFUL REMEMBRANCES.,Adonis. — Adonis.,Adonis,,SORROWFUL REMEMBRANCES.,Kederli anılar,288–289,include,Final Stage 1 candidate: passes the owner-approved everyday-flower rule and the source-specific narrative threshold.,"The myth says Adonis's blood stained the flower bearing his name, making it an emblem of sorrowful remembrance; some poets also connect it with the chase.",288–289,,yes — no botanical image file acquired in Stage 1,https://archive.org/details/floralemblems00philrich/page/n373/mode/1up,UC 1825 primary scan sequence and linked page image are controlling; IA OCR was used for discovery.
P1825-263,P1825-E262,SPLENDOUR.,Scarlet Nasturtium. — Thopæolum.,Scarlet Nasturtium,scarlet,SPLENDOUR.,İhtişam,289–290,include,Final Stage 1 candidate: passes the owner-approved everyday-flower rule and the source-specific narrative threshold.,Phillips describes the scarlet nasturtium as a Peruvian plant whose bright colour suggests splendour.,289–290,,yes — no botanical image file acquired in Stage 1,https://archive.org/details/floralemblems00philrich/page/n374/mode/1up,UC 1825 primary scan sequence and linked page image are controlling; IA OCR was used for discovery. Cornell 1831 and UIUC 1825 used only to resolve unclear letterforms.
P1825-265,P1825-E264,SUCCESS CROWN YOUR WISHES.,Coronilla. — Coronilla.,Coronilla,,SUCCESS CROWN YOUR WISHES.,Dilekleriniz başarıyla taçlansın,291–292,include,Final Stage 1 candidate: passes the owner-approved everyday-flower rule and the source-specific narrative threshold.,"Coronilla derives its name from corona, a crown, because golden flower clusters crown its branches; Phillips uses it to convey friendly wishes for success.",291–292,,yes — no botanical image file acquired in Stage 1,https://archive.org/details/floralemblems00philrich/page/n376/mode/1up,UC 1825 primary scan sequence and linked page image are controlling; IA OCR was used for discovery. Cornell 1831 and UIUC 1825 used only to resolve unclear letterforms.
P1825-266,P1825-E265,SUPERSTITION.,Vervian. — Verbena.,Vervian,,SUPERSTITION.,Hurafe,292–293,include,Final Stage 1 candidate: passes the owner-approved everyday-flower rule and the source-specific narrative threshold.,"Vervain was used in religious ceremonies, credited with repelling witches and enchanters, and worn in crowns by ancient heralds announcing war or defiance.",292–293,,yes — no botanical image file acquired in Stage 1,https://archive.org/details/floralemblems00philrich/page/n377/mode/1up,UC 1825 primary scan sequence and linked page image are controlling; IA OCR was used for discovery. Cornell 1831 and UIUC 1825 used only to resolve unclear letterforms.
P1825-267,P1825-E266,SUPERSTITIOUS SANCTITY.,St. John's-wort. — Hypericum.,St. John's-wort,,SUPERSTITIOUS SANCTITY.,Hurafeci kutsallık,293–294,include,Final Stage 1 candidate: passes the owner-approved everyday-flower rule and the source-specific narrative threshold.,The name of this plant seems to have given the idea of the emblem.,293–294,,yes — no botanical image file acquired in Stage 1,https://archive.org/details/floralemblems00philrich/page/n378/mode/1up,UC 1825 primary scan sequence and linked page image are controlling; IA OCR was used for discovery.
P1825-268,P1825-E267,SURPRISE.,Betony. — Betonica.,Betony,,SURPRISE.,Sürpriz,294–295,include,Final Stage 1 candidate: passes the owner-approved everyday-flower rule and the source-specific narrative threshold.,"This proverb is common in Spain, and some other countries where the betony is still regarded for its efficacy in curing many complaints.",294–295,,yes — no botanical image file acquired in Stage 1,https://archive.org/details/floralemblems00philrich/page/n379/mode/1up,UC 1825 primary scan sequence and linked page image are controlling; IA OCR was used for discovery. Cornell 1831 and UIUC 1825 used only to resolve unclear letterforms.
P1825-270,P1825-E269,"SWEET, OR MILD DISPOSITION.",Mallow. — Malva.,Mallow,,"SWEET, OR MILD DISPOSITION.",Tatlı ya da yumuşak mizaç,296–297,include,Final Stage 1 candidate: passes the owner-approved everyday-flower rule and the source-specific narrative threshold.,The mild and healing properties of this plant have caused it to be made the symbol of this amiable quality.,296–297,,yes — no botanical image file acquired in Stage 1,https://archive.org/details/floralemblems00philrich/page/n381/mode/1up,UC 1825 primary scan sequence and linked page image are controlling; IA OCR was used for discovery.
P1825-271,P1825-E270,TALENT.,White Pink. — Dianthus.,White Pink,white,TALENT.,Yetenek,297–298,include,Final Stage 1 candidate: passes the owner-approved everyday-flower rule and the source-specific narrative threshold.,"Sweet flower, beneath thy natal sky No fav'ring smiles thy scents invite ; To Britain's worthier regions fly.",297–298,,yes — no botanical image file acquired in Stage 1,https://archive.org/details/floralemblems00philrich/page/n382/mode/1up,UC 1825 primary scan sequence and linked page image are controlling; IA OCR was used for discovery.
P1825-272,P1825-E271,TARDINESS.,Flax-leaved Goldy-locks. — Chrysocoma Linosyris.,Flax-leaved Goldy-locks,flax-leaved,TARDINESS.,Gecikme,298–299,include,Final Stage 1 candidate: passes the owner-approved everyday-flower rule and the source-specific narrative threshold.,Phillips associates the plant with tardiness because its blossoms remain closed until other flowers have finished their day and become conspicuous only late.,298–299,,yes — no botanical image file acquired in Stage 1,https://archive.org/details/floralemblems00philrich/page/n383/mode/1up,UC 1825 primary scan sequence and linked page image are controlling; IA OCR was used for discovery.
P1825-273,P1825-E272,TASTE.,Scarlet Fuchsia. — Fuchsia Corcinea.,Scarlet Fuchsia,scarlet,TASTE.,Zevk,299–300,include,Final Stage 1 candidate: passes the owner-approved everyday-flower rule and the source-specific narrative threshold.,"Phillips bases taste on the harmony, colour, and graceful hanging form of fuchsia blossoms.",299–300,,yes — no botanical image file acquired in Stage 1,https://archive.org/details/floralemblems00philrich/page/n384/mode/1up,UC 1825 primary scan sequence and linked page image are controlling; IA OCR was used for discovery. Cornell 1831 and UIUC 1825 used only to resolve unclear letterforms.
P1825-274,P1825-E273,TEARS.,Helenium. — Helenium.,Helenium,,TEARS.,Gözyaşları,300–301,include,Final Stage 1 candidate: passes the owner-approved everyday-flower rule and the source-specific narrative threshold.,"In thee the rays of virtue shine ; More calmly clear, more mildly bright.",300–301,,yes — no botanical image file acquired in Stage 1,https://archive.org/details/floralemblems00philrich/page/n385/mode/1up,UC 1825 primary scan sequence and linked page image are controlling; IA OCR was used for discovery. Cornell 1831 and UIUC 1825 used only to resolve unclear letterforms.
P1825-275,P1825-E274,TEMPERANCE.,Azalea. — Azalea.,Azalea,,TEMPERANCE.,Ölçülülük,301–302,include,Final Stage 1 candidate: passes the owner-approved everyday-flower rule and the source-specific narrative threshold.,"This beautiful family of American plants were named Azalea, in allusion to their growing naturally in a dry soil only.",301–302,,yes — no botanical image file acquired in Stage 1,https://archive.org/details/floralemblems00philrich/page/n386/mode/1up,UC 1825 primary scan sequence and linked page image are controlling; IA OCR was used for discovery.
P1825-276,P1825-E275,"THOUGHTS. YOU OCCUPY MY THOUGHTS ; OR, PENSEZ A MOI.","Pansée, or Heart's Ease. — Viola tricolor.","Pansée, or Heart's Ease",,"THOUGHTS. YOU OCCUPY MY THOUGHTS ; OR, PENSEZ A MOI.",Düşünceler: Düşüncelerimi meşgul ediyorsunuz; beni düşünün,302–303,include,Final Stage 1 candidate: passes the owner-approved everyday-flower rule and the source-specific narrative threshold.,"The entry connects pansy's names—thought, heart's ease, and forget-me-not—with remembrance and notes the flower's many varied forms.",302–303,"Plate 19, Consolation arising from Thoughts, scan n390",yes — no botanical image file acquired in Stage 1,https://archive.org/details/floralemblems00philrich/page/n387/mode/1up,UC 1825 primary scan sequence and linked page image are controlling; IA OCR was used for discovery. Cornell 1831 and UIUC 1825 used only to resolve unclear letterforms.
P1825-278,P1825-E277,TIMIDITY.,Marvel of Peru. — Mirabilis.,Marvel of Peru,,TIMIDITY.,Ürkeklik,304–305,include,Final Stage 1 candidate: passes the owner-approved everyday-flower rule and the source-specific narrative threshold.,"This Belle de nuit is made the emblem of timidity, because it cannot endure the gaze of Sol, which enlivens and expands most other flowers.",304–305,,yes — no botanical image file acquired in Stage 1,https://archive.org/details/floralemblems00philrich/page/n393/mode/1up,UC 1825 primary scan sequence and linked page image are controlling; IA OCR was used for discovery. Cornell 1831 and UIUC 1825 used only to resolve unclear letterforms.
P1825-281,P1825-E280,UNANIMITY.,Phlox. — Phlox.,Phlox,,UNANIMITY.,Oybirliği,307–308,include,Final Stage 1 candidate: passes the owner-approved everyday-flower rule and the source-specific narrative threshold.,"This North American plant is presented as the emblem of unanimity, in allusion to the united forms of the flowers, whose clustered corymbs form an umbel ; and also from the United States, from whence we procured them.",307–308,,yes — no botanical image file acquired in Stage 1,https://archive.org/details/floralemblems00philrich/page/n396/mode/1up,UC 1825 primary scan sequence and linked page image are controlling; IA OCR was used for discovery.
P1825-282,P1825-E281,UNEASINESS AND JEALOUSY.,Garden Marygold. — Calendula officinalis.,Garden Marygold,,UNEASINESS AND JEALOUSY.,Huzursuzluk ve kıskançlık,308–309,include,Final Stage 1 candidate: passes the owner-approved everyday-flower rule and the source-specific narrative threshold.,The marigold closes with the setting sun and rises with it; its yellow colour supplies the source's association with jealousy.,308–309,,yes — no botanical image file acquired in Stage 1,https://archive.org/details/floralemblems00philrich/page/n397/mode/1up,UC 1825 primary scan sequence and linked page image are controlling; IA OCR was used for discovery.
P1825-286,P1825-E285,VARIETY,"China Aster, or Chinensis Starwort. — Aster Chinesis.","China Aster, or Chinensis Starwort",,VARIETY,Çeşitlilik,314–315,include,Final Stage 1 candidate: passes the owner-approved everyday-flower rule and the source-specific narrative threshold.,Phillips makes variation in the flower’s colours the basis of the emblem.,314–315,,yes — no botanical image file acquired in Stage 1,https://archive.org/details/floralemblems00philrich/page/n403/mode/1up,UC 1825 primary scan sequence and linked page image are controlling; IA OCR was used for discovery. Cornell 1831 and UIUC 1825 used only to resolve unclear letterforms.
P1825-291,P1825-E290,VOLUPTUOUS LOVE.,Moss Rose.,Moss Rose,moss,VOLUPTUOUS LOVE.,Haz düşkünü aşk,318–319,include,Final Stage 1 candidate: passes the owner-approved everyday-flower rule and the source-specific narrative threshold.,The moss rose is praised as receiving Flora's choicest gifts and is selected to represent voluptuous love.,318–319,,yes — no botanical image file acquired in Stage 1,https://archive.org/details/floralemblems00philrich/page/n407/mode/1up,UC 1825 primary scan sequence and linked page image are controlling; IA OCR was used for discovery.
P1825-292,P1825-E291,VOLUPTUOUSNESS.,Tuberose. — Polyanthes tuberosa.,Tuberose,,VOLUPTUOUSNESS.,Haz düşkünlüğü,319–321,include,Final Stage 1 candidate: passes the owner-approved everyday-flower rule and the source-specific narrative threshold.,"A poem calls the tuberose the silver-bright mistress of the night in Malay gardens, appearing like a scented bride when the sun is away.",319–321,"Plate 20, Idleness, Voluptuousness, &c., scan n409",yes — no botanical image file acquired in Stage 1,https://archive.org/details/floralemblems00philrich/page/n412/mode/1up,UC 1825 primary scan sequence and linked page image are controlling; IA OCR was used for discovery. Cornell 1831 and UIUC 1825 used only to resolve unclear letterforms.
P1825-293,P1825-E292,VORACIOUSNESS.,Lupin. — Lupinus.,Lupin,,VORACIOUSNESS.,Oburluk,321–322,include,Final Stage 1 candidate: passes the owner-approved everyday-flower rule and the source-specific narrative threshold.,Phillips derives Lupinus from lupus and narrates the plant’s supposed voracious depletion of soil.,321–322,,yes — no botanical image file acquired in Stage 1,https://archive.org/details/floralemblems00philrich/page/n414/mode/1up,UC 1825 primary scan sequence and linked page image are controlling; IA OCR was used for discovery. Cornell 1831 and UIUC 1825 used only to resolve unclear letterforms.
P1825-294,P1825-E293,VULGAR MINDS.,African Marygold. — Tagetes erecta.,African Marygold,,VULGAR MINDS.,Bayağı zihinler,322–323,include,Final Stage 1 candidate: passes the owner-approved everyday-flower rule and the source-specific narrative threshold.,The flowers' gaiety is contrasted with their offensive odour and compared to people who rely more on dress than conduct to please others.,322–323,,yes — no botanical image file acquired in Stage 1,https://archive.org/details/floralemblems00philrich/page/n415/mode/1up,UC 1825 primary scan sequence and linked page image are controlling; IA OCR was used for discovery.
P1825-295,P1825-E294,WAR.,"Common Milfoil, or Yarrow. — Achillea Millefolium.","Common Milfoil, or Yarrow",,WAR.,Savaş,323–324,include,Final Stage 1 candidate: passes the owner-approved everyday-flower rule and the source-specific narrative threshold.,"The ancients named this plant after Achilles, the celebrated Grecian hero, on which account it has been made the emblem of war.",323–324,,yes — no botanical image file acquired in Stage 1,https://archive.org/details/floralemblems00philrich/page/n416/mode/1up,UC 1825 primary scan sequence and linked page image are controlling; IA OCR was used for discovery.
P1825-296,P1825-E295,WEAKNESS.,Moschatell. — Adoxa Moschatellina.,Moschatell,,WEAKNESS.,Zayıflık,324,include,Final Stage 1 candidate: passes the owner-approved everyday-flower rule and the source-specific narrative threshold.,"The generic name of this hollow tuberous rooted plant, signifies ignoble.",324,,yes — no botanical image file acquired in Stage 1,https://archive.org/details/floralemblems00philrich/page/n417/mode/1up,UC 1825 primary scan sequence and linked page image are controlling; IA OCR was used for discovery. Cornell 1831 and UIUC 1825 used only to resolve unclear letterforms.
P1825-297,P1825-E296,"WIDOW, OR WIDOWHOOD.","Sweet Sultan, Honey-flower, or Sweet Scabious. — Scabiosa atropurpurea.","Sweet Sultan, Honey-flower, or Sweet Scabious",,"WIDOW, OR WIDOWHOOD.",Dul ya da dulluk,324–325,include,Final Stage 1 candidate: passes the owner-approved everyday-flower rule and the source-specific narrative threshold.,Its Italian and French names mean widow's flower; the sable hue supports both widowhood and the expression that all has been lost.,324–325,,yes — no botanical image file acquired in Stage 1,https://archive.org/details/floralemblems00philrich/page/n417/mode/1up,UC 1825 primary scan sequence and linked page image are controlling; IA OCR was used for discovery. Cornell 1831 and UIUC 1825 used only to resolve unclear letterforms.
P1825-298,P1825-E297,WINTER OF AGE.,Guelder-rose. — Viburnum opulus.,Guelder-rose,,WINTER OF AGE.,Yaşlılığın kışı,325–326,include,Final Stage 1 candidate: passes the owner-approved everyday-flower rule and the source-specific narrative threshold.,"The guelder-rose's cold-coloured, sterile flower represents the age that banishes gaiety and warm desire.",325–326,,yes — no botanical image file acquired in Stage 1,https://archive.org/details/floralemblems00philrich/page/n418/mode/1up,UC 1825 primary scan sequence and linked page image are controlling; IA OCR was used for discovery.
P1825-302,P1825-E301,YOU ARE RICH IN ATTRACTIONS.,Garden Ranunculus.,Garden Ranunculus,,YOU ARE RICH IN ATTRACTIONS.,Cazibeler bakımından zenginsiniz,328–329,include,Final Stage 1 candidate: passes the owner-approved everyday-flower rule and the source-specific narrative threshold.,"Mortimer observes, that ranunculuses excel all flowers in the richness of their colours.",328–329,,yes — no botanical image file acquired in Stage 1,https://archive.org/details/floralemblems00philrich/page/n421/mode/1up,UC 1825 primary scan sequence and linked page image are controlling; IA OCR was used for discovery.
P1825-303,P1825-E302,YOU ARE WITHOUT PRETENSION.,Rose Campion. — Agrostemma coronaria.,Rose Campion,,YOU ARE WITHOUT PRETENSION.,Gösterişsizsiniz,329–330,include,Final Stage 1 candidate: passes the owner-approved everyday-flower rule and the source-specific narrative threshold.,The simplicity and unassuming character of this flower has procured it this honourable motto.,329–330,,yes — no botanical image file acquired in Stage 1,https://archive.org/details/floralemblems00philrich/page/n422/mode/1up,UC 1825 primary scan sequence and linked page image are controlling; IA OCR was used for discovery.
P1825-306,P1825-E305,YOUR PRESENCE SOFTENS MY PAINS.,Milk-vetch. — Astragalus.,Milk-vetch,,YOUR PRESENCE SOFTENS MY PAINS.,Varlığınız acılarımı hafifletiyor,332–333,include,Final Stage 1 candidate: passes the owner-approved everyday-flower rule and the source-specific narrative threshold.,Phillips derives the emblem from milk-vetch’s reputed medicinal properties and its supposed effect on milk yield.,332–333,,yes — no botanical image file acquired in Stage 1,https://archive.org/details/floralemblems00philrich/page/n425/mode/1up,UC 1825 primary scan sequence and linked page image are controlling; IA OCR was used for discovery. Cornell 1831 and UIUC 1825 used only to resolve unclear letterforms.
P1825-307,P1825-E306,YOUR QUALITIES SURPASS YOUR CHARMS.,Mignonette. — Reseda Odorata.,Mignonette,,YOUR QUALITIES SURPASS YOUR CHARMS.,Nitelikleriniz cazibenizi aşıyor,333–334,include,Final Stage 1 candidate: passes the owner-approved everyday-flower rule and the source-specific narrative threshold.,"The unassuming yet fragrant mignonette of Egyptian sands inspired the motto that one's qualities surpass one's charms, through a story cited from Flora Historica.",333–334,,yes — no botanical image file acquired in Stage 1,https://archive.org/details/floralemblems00philrich/page/n426/mode/1up,UC 1825 primary scan sequence and linked page image are controlling; IA OCR was used for discovery.
P1825-308,P1825-E307,YOU SHALL HAVE JUSTICE.,Sweet-scented Tussilage. — Tussilago fragrans.,Sweet-scented Tussilage,sweet-scented,YOU SHALL HAVE JUSTICE.,Adalet göreceksiniz,334–335,include,Final Stage 1 candidate: passes the owner-approved everyday-flower rule and the source-specific narrative threshold.,"The plant's exquisite fragrance remained unknown until the nineteenth century; on discovering it, M. Villan is said to have exclaimed, “You shall have justice.”",334–335,,yes — no botanical image file acquired in Stage 1,https://archive.org/details/floralemblems00philrich/page/n427/mode/1up,UC 1825 primary scan sequence and linked page image are controlling; IA OCR was used for discovery. Cornell 1831 and UIUC 1825 used only to resolve unclear letterforms.
P1825-309,P1825-E308,YOUTH.,Fox-glove. — Digitalis.,Fox-glove,,YOUTH.,Gençlik,335–336,include,Final Stage 1 candidate: passes the owner-approved everyday-flower rule and the source-specific narrative threshold.,The light down covering the foxglove's stalks led poets to make it an emblem of youth.,335–336,"Plate 11, Youth and Beauty united by the Bonds of Love, scan n137",yes — no botanical image file acquired in Stage 1,https://archive.org/details/floralemblems00philrich/page/n428/mode/1up,UC 1825 primary scan sequence and linked page image are controlling; IA OCR was used for discovery. Cornell 1831 and UIUC 1825 used only to resolve unclear letterforms.
