merged_id,canonical_flower_form,meanings_with_sources,contexts_with_sources,source_names,source_records,source_urls,source_illustrations,botanical_image_statuses,source_count,source_record_count,merge_note,original_source_illustration_assets,original_source_illustration_paths
S1F-001,Acanthus,The fine arts. Artifice [I:6] || Arts (the) [T:006],"[I:6 | The fine arts. Artifice] Source-specific context: Ingram links Acanthus with the arts through its classical ornamental use and recounts the legend that its leaves inspired the capital of the Corinthian column. (printed pp. 181–182). || [T:006 | Arts (the)] Tyas says acanthus leaves ornamented ancient furniture, vessels, and clothing, and notes Virgil’s saffron-coloured acanthus on Helen’s veil (pp. 39–41).",[I:6] Acanthus || [T:006] Acanthus,I:6; T:006,[I:6] https://archive.org/details/florasymbolica00ingr/page/n400/mode/1up || [T:006] https://archive.org/details/sentimentofflowe00tyas/page/n332/mode/1up,,yes,2,2,Conservative Stage 1 identity merge; source wording and provenance retained.,,
S1F-002,Aconite Leaved Crowfoot Or Fair Maids Of France,LUSTRE [P:170],"[P:170 | LUSTRE] The alpine plant's white petals shine in the parterre, supplying the emblem of lustre.","[P:170] Aconite-leaved Crowfoot, or Fair Maids of France. — Ranunculus Aconitifolius.",P:170,[P:170] https://archive.org/details/floralemblems00philrich/page/n281/mode/1up,,yes — no botanical image file acquired in Stage 1,1,1,Conservative Stage 1 identity merge; source wording and provenance retained.,,
S1F-003,Adonis,Sad memories [I:12] || SORROWFUL REMEMBRANCES [P:261; T:247],"[I:12 | Sad memories] Source-specific context: Ingram links Flos Adonis with painful recollections, surveys its many historical names, and relates competing traditions that connect the flower with the blood of Adonis. (printed pp. 152–153). || [P:261 | SORROWFUL REMEMBRANCES] The myth says Adonis's blood stained the flower bearing his name, making it an emblem of sorrowful remembrance; some poets also connect it with the chase. || [T:247 | Sorrowful Remembrances] After Adonis is killed by a boar, Venus’s tears mingle with his blood and produce the flower of sorrowful remembrance (pp. 263–264).","[I:12] Adonis, Flos || [P:261] Adonis. — Adonis. || [T:247] Pheasant’s Eye (Adonis)",I:12; P:261; T:247,[I:12] https://archive.org/details/florasymbolica00ingr/page/n400/mode/1up || [P:261] https://archive.org/details/floralemblems00philrich/page/n373/mode/1up || [T:247] https://archive.org/details/sentimentofflowe00tyas/page/n340/mode/1up,,yes; yes — no botanical image file acquired in Stage 1,3,3,Conservative Stage 1 identity merge; source wording and provenance retained.,,
S1F-004,African Marigold,Vulgar minds [I:453; P:294],"[I:453 | Vulgar minds] Source-specific context: Ingram presents Marygold as grief, discusses the medieval formation of its name, and explains how combining it with roses, poppies, or cypress changes its floral message. (printed pp. 129–131). || [P:294 | VULGAR MINDS] The flowers' gaiety is contrasted with their offensive odour and compared to people who rely more on dress than conduct to please others.","[I:453] Marygold, African || [P:294] African Marygold. — Tagetes erecta.",I:453; P:294,[I:453] https://archive.org/details/florasymbolica00ingr/page/n404/mode/1up || [P:294] https://archive.org/details/floralemblems00philrich/page/n415/mode/1up,,yes; yes — no botanical image file acquired in Stage 1,2,2,Conservative Stage 1 identity merge; source wording and provenance retained.,,
S1F-005,Agrimony,Thankfulness [T:008],"[T:008 | Thankfulness] The delicate lilac, bell-like flowers are linked with the French name Religieuse des Champs and a Calendar of Flora reflection on gratitude (pp. 274–275).",[T:008] Agrimony,T:008,[T:008] https://archive.org/details/sentimentofflowe00tyas/page/n332/mode/1up,,yes,1,1,Conservative Stage 1 identity merge; source wording and provenance retained.,,
S1F-006,Almond Flowering,Hope [I:17],"[I:17 | Hope] Source-specific context: Ingram explains the Western emblem of indiscretion through the almond's early, frost-vulnerable flowering, while noting that its bare-branch blossoms signify hope in an Eastern tradition. (printed pp. 150–151).","[I:17] Almond, Flowering",I:17,[I:17] https://archive.org/details/florasymbolica00ingr/page/n400/mode/1up,,yes,1,1,Conservative Stage 1 identity merge; source wording and provenance retained.,,
S1F-007,Althaea Frutex,PERSUASION [P:207],[P:207 | PERSUASION] Beauty will frequently gain over what all the arts of fine persuasion has failed to accomplish.,[P:207] Althæa Frutex. — Hibiscus syriacus.,P:207,[P:207] https://archive.org/details/floralemblems00philrich/page/n314/mode/1up,,yes — no botanical image file acquired in Stage 1,1,1,Conservative Stage 1 identity merge; source wording and provenance retained.,,
S1F-008,Amaranth,IMMORTALITY [P:141; T:014],"[P:141 | IMMORTALITY] a flower which once In Paradise, fast by the tree of life. || [T:014 | Immortality] Amaranth flowers retain their scarlet colour after death; Tyas also recalls their use in ancient honours and at Achilles’ funeral (pp. 156–158).",[P:141] Amaranth. — Amaranthus. || [T:014] Amaranth,P:141; T:014,[P:141] https://archive.org/details/floralemblems00philrich/page/n249/mode/1up || [T:014] https://archive.org/details/sentimentofflowe00tyas/page/n332/mode/1up,,yes; yes — no botanical image file acquired in Stage 1,2,2,Conservative Stage 1 identity merge; source wording and provenance retained.,,
S1F-009,Amaranth Globe,Immortality. Unfading love [I:23],"[I:23 | Immortality. Unfading love] Source-specific context: Ingram derives the emblem of immortality from the Greek idea of the amaranth as unfading and develops its association with death, eternity, and Milton's celestial garlands. (printed pp. 244–246).","[I:23] Amaranth, Globe",I:23,[I:23] https://archive.org/details/florasymbolica00ingr/page/n400/mode/1up,,yes,1,1,Conservative Stage 1 identity merge; source wording and provenance retained.,,
S1F-010,Amaryllis,PRIDE [P:218] || Haughtiness. Pride [T:015],[P:218 | PRIDE] In all the liveries deck'd of summer's pride. || [T:015 | Haughtiness. Pride] Gardeners are said to call amaryllis proud because it may withhold its flowers despite attentive care (pp. 135–136).,[P:218] Amaryllis. — Amaryllis. || [T:015] Amaryllis,P:218; T:015,[P:218] https://archive.org/details/floralemblems00philrich/page/n323/mode/1up || [T:015] https://archive.org/details/sentimentofflowe00tyas/page/n332/mode/1up,"[P:218] Plate 17, Hope separated from Love by Pride and Cruelty, scan n326",yes; yes — no botanical image file acquired in Stage 1,2,2,Conservative Stage 1 identity merge; source wording and provenance retained.,P-012,images/flower-crops/phillips-1825/p-012_amaryllis.jpg
S1F-011,American Cowslip,Divine beauty [I:27; I:201] || You are my divinity [T:017],"[I:27; I:201 | Divine beauty] Source-specific context: Ingram links the fragile, drooping Cowslip with youthful beauty and traces that association through older English poetry, especially imagery of youth, frailty, and early death. (printed pp. 158–160). || [T:017 | You are my divinity] A stem is described as carrying twelve reversed flowers, while Dodecatheon is explained as meaning twelve divinities (pp. 295–296).","[I:27] American Cowslip || [I:201] Cowslip, American || [T:017] American Cowslip",I:27; I:201; T:017,[I:27] https://archive.org/details/florasymbolica00ingr/page/n400/mode/1up || [I:201] https://archive.org/details/florasymbolica00ingr/page/n402/mode/1up || [T:017] https://archive.org/details/sentimentofflowe00tyas/page/n333/mode/1up,,yes,2,3,Conservative Stage 1 identity merge; source wording and provenance retained.,,
S1F-012,American Starwort,Welcome to a stranger. Cheerfulness in old age [I:30] || Cheerfulness in old age [I:682],"[I:30; I:682 | Welcome to a stranger. Cheerfulness in old age; Cheerfulness in old age] Source-specific context: Ingram explains Aster as an after-thought because it flowers when most other blooms are scarce, and notes the star-shaped name and its vivid autumn garden display. (printed pp. 132–133).","[I:30] American Starwort || [I:682] Starwort, American",I:30; I:682,[I:30] https://archive.org/details/florasymbolica00ingr/page/n400/mode/1up || [I:682] https://archive.org/details/florasymbolica00ingr/page/n406/mode/1up,,yes,1,2,Conservative Stage 1 identity merge; source wording and provenance retained.,,
S1F-013,American Sweetbriar,Simplicity [I:700],"[I:700 | Simplicity] Source-specific context: Ingram presents Rose as the universal emblem of love and builds an extensive literary, historical, religious, and mythological survey around its beauty, fragrance, colours, and varieties. (printed pp. 23–48).","[I:700] Sweetbriar, American",I:700,[I:700] https://archive.org/details/florasymbolica00ingr/page/n406/mode/1up,,yes,1,1,Conservative Stage 1 identity merge; source wording and provenance retained.,,
S1F-014,Anemone,SICKNESS [P:252],[P:252 | SICKNESS] The winds forbid the flow'rs to flourish long.,[P:252] Anemone. — Anemone.,P:252,[P:252] https://archive.org/details/floralemblems00philrich/page/n359/mode/1up,"[P:252] Plate 20, Sickness, scan n409",yes — no botanical image file acquired in Stage 1,1,1,Conservative Stage 1 identity merge; source wording and provenance retained.,P-017,images/flower-crops/phillips-1825/p-017_anemone.jpg
S1F-015,Angelica,INSPIRATION [P:155; T:021],"[P:155 | INSPIRATION] Parkinson says, this plant was named Angelica from the angel-like properties therein. || [T:021 | Inspiration] Tyas says Laplanders used fragrant angelica to crown poets who imagined its scent inspired them (pp. 176–177).",[P:155] Angelica. — Angelica. || [T:021] Angelica,P:155; T:021,[P:155] https://archive.org/details/floralemblems00philrich/page/n266/mode/1up || [T:021] https://archive.org/details/sentimentofflowe00tyas/page/n333/mode/1up,,yes; yes — no botanical image file acquired in Stage 1,2,2,Conservative Stage 1 identity merge; source wording and provenance retained.,,
S1F-016,Apple Blossom,Preference. Fame speaks him great and good [I:39] || Preference [T:022],"[I:39 | Preference. Fame speaks him great and good] Source-specific context: Ingram explains Apple-blossom as preference because it combines beauty with the promise of useful fruit, then contrasts the blossom with the apple's associations with temptation and mythic golden fruit. (printed pp. 177–180). || [T:022 | Preference] The early-spring apple bloom promises abundant fruit and, Tyas says, was preferred by some to the rose (pp. 225–226).",[I:39] Apple Blossom || [T:022] Apple Blossom,I:39; T:022,[I:39] https://archive.org/details/florasymbolica00ingr/page/n400/mode/1up || [T:022] https://archive.org/details/sentimentofflowe00tyas/page/n333/mode/1up,,yes,2,2,Conservative Stage 1 identity merge; source wording and provenance retained.,,
S1F-017,Asphodel,My regrets follow you to the grave [I:50; T:028] || MY REGRETS WILL FOLLOW YOU TO THE GRAVE [P:186],"[I:50 | My regrets follow you to the grave] Source-specific context: Ingram links Asphodel with fidelity unto death through ancient Greek funerary use, planting around tombs, and the imagined asphodel fields inhabited by departed souls. (printed pp. 94–95). || [P:186 | MY REGRETS WILL FOLLOW YOU TO THE GRAVE] Phillips discusses asphodel roots as food and the ancient practice of planting asphodel on graves. || [T:028 | My regrets follow you to the grave] Asphodel was sacred to Proserpine, used in funeral rites, and imagined as filling the meadows where departed shades drank oblivion (pp. 207–208).",[I:50] Asphodel || [P:186] Asphodel. — Asphodelus. || [T:028] Asphodel,I:50; P:186; T:028,[I:50] https://archive.org/details/florasymbolica00ingr/page/n400/mode/1up || [P:186] https://archive.org/details/floralemblems00philrich/page/n296/mode/1up || [T:028] https://archive.org/details/sentimentofflowe00tyas/page/n333/mode/1up,,yes; yes — no botanical image file acquired in Stage 1,3,3,Conservative Stage 1 identity merge; source wording and provenance retained.,,
S1F-018,Auricula,PAINTING [P:197],"[P:197 | PAINTING] Phillips describes the difficulty of choosing a flower worthy of painting and selects the auricula, celebrated as a queen of the snowy Alps, for the emblem.",[P:197] Auricula. — Primula Auricula.,P:197,[P:197] https://archive.org/details/floralemblems00philrich/page/n305/mode/1up,,yes — no botanical image file acquired in Stage 1,1,1,Conservative Stage 1 identity merge; source wording and provenance retained.,,
S1F-019,Azalea,TEMPERANCE [P:275],"[P:275 | TEMPERANCE] This beautiful family of American plants were named Azalea, in allusion to their growing naturally in a dry soil only.",[P:275] Azalea. — Azalea.,P:275,[P:275] https://archive.org/details/floralemblems00philrich/page/n386/mode/1up,,yes — no botanical image file acquired in Stage 1,1,1,Conservative Stage 1 identity merge; source wording and provenance retained.,,
S1F-020,Balsam,IMPATIENCE [P:142],"[P:142 | IMPATIENCE] This emblem is given on account of the elasticity of the capsule when ripe, which darts out its seed the moment it is touched.",[P:142] Balsam. — Impatiens Balsamina.,P:142,[P:142] https://archive.org/details/floralemblems00philrich/page/n250/mode/1up,,yes — no botanical image file acquired in Stage 1,1,1,Conservative Stage 1 identity merge; source wording and provenance retained.,,
S1F-021,Balsam Noli Me Tangere,Impatience [T:036],[T:036 | Impatience] The names Noli-me-tangere and Impatiens are explained by ripe capsules that eject seeds when touched (pp. 158–159).,[T:036] Balsam (Noli-me-tangere),T:036,[T:036] https://archive.org/details/sentimentofflowe00tyas/page/n333/mode/1up,,yes,1,1,Conservative Stage 1 identity merge; source wording and provenance retained.,,
S1F-022,Bearded Crepis,PROTECTION [P:222],"[P:222 | PROTECTION] The flower-buds of this plant are protected by the linear leaves that form the beard, which has given rise to the emblem.",[P:222] Bearded Crepis. — Crepis Barbata.,P:222,[P:222] https://archive.org/details/floralemblems00philrich/page/n331/mode/1up,,yes — no botanical image file acquired in Stage 1,1,1,Conservative Stage 1 identity merge; source wording and provenance retained.,,
S1F-023,Bee Orchis,INDUSTRY [P:149] || Error [T:040],"[P:149 | INDUSTRY] The bee orchis represents industry because the flower resembles the bee, an established symbol of industrious habit. || [T:040 | Error] The flowers resemble bees closely enough to be mistaken for insects resting on the plant (pp. 101–102).","[P:149] Bee Orchis. — Ophrys apifera. || [T:040] Bee Ophrys, or Orchis",P:149; T:040,[P:149] https://archive.org/details/floralemblems00philrich/page/n258/mode/1up || [T:040] https://archive.org/details/sentimentofflowe00tyas/page/n333/mode/1up,,yes; yes — no botanical image file acquired in Stage 1,2,2,Conservative Stage 1 identity merge; source wording and provenance retained.,,
S1F-024,Betony,SURPRISE [P:268],"[P:268 | SURPRISE] This proverb is common in Spain, and some other countries where the betony is still regarded for its efficacy in curing many complaints.",[P:268] Betony. — Betonica.,P:268,[P:268] https://archive.org/details/floralemblems00philrich/page/n379/mode/1up,,yes — no botanical image file acquired in Stage 1,1,1,Conservative Stage 1 identity merge; source wording and provenance retained.,,
S1F-025,Bindweed,Humility [T:043],"[T:043 | Humility] Bindweed is described as a simple but troublesome perennial twiner in cornfields, its simplicity supplying the humility emblem (pp. 141–142).",[T:043] Bindweed,T:043,[T:043] https://archive.org/details/sentimentofflowe00tyas/page/n333/mode/1up,"[T:043] Plate VII (facing p. 278), group plate: Nightshade / Heath / Bindweed",no,1,1,Conservative Stage 1 identity merge; source wording and provenance retained.,T-014,images/flower-crops/tyas-1869/t-014_bindweed.jpg
S1F-026,Blue Canterbury Bell,Constancy [T:066],[T:066 | Constancy] The Canterbury bell’s rich blue colour is explicitly made the basis of constancy; Tyas also calls it an easily raised border flower (pp. 70–71).,"[T:066] Canterbury Bell, Blue",T:066,[T:066] https://archive.org/details/sentimentofflowe00tyas/page/n334/mode/1up,,yes,1,1,Conservative Stage 1 identity merge; source wording and provenance retained.,,
S1F-027,Blue Convolvulus Minor,Repose. Night [I:184],"[I:184 | Repose. Night] Source-specific context: Ingram presents Convolvulus as night through its evening closure and sky-like colours, while distinguishing major and minor forms associated with extinguished hopes and repose. (printed pp. 318–319).","[I:184] Convolvulus, Bl. (Min.)",I:184,[I:184] https://archive.org/details/florasymbolica00ingr/page/n401/mode/1up,,yes,1,1,Conservative Stage 1 identity merge; source wording and provenance retained.,,
S1F-028,Blue Periwinkle,Early friendship [I:537],[I:537 | Early friendship] Source-specific context: Ingram links Periwinkle with tender recollections through Rousseau's account of recognizing the flower after thirty years and recovering a vivid memory of Madame de Warens. (printed pp. 86–87).,"[I:537] Periwinkle, Blue",I:537,[I:537] https://archive.org/details/florasymbolica00ingr/page/n405/mode/1up,"[I:537] WOOD ANEMONE AND PERIWINKLE — colour plate, IA n104",yes,1,1,Conservative Stage 1 identity merge; source wording and provenance retained.,I-008,images/flower-crops/ingram-1869/i-008_blue-periwinkle.jpg
S1F-029,Blue Pyramidal Bell Flower,CONSTANCY [P:052],"[P:052 | CONSTANCY] The blue campanula represents constancy on account of its colour, reinforced by a description of constancy as stable and enduring friendship.",[P:052] Blue Pyramidal Bell Flower. — Campanula pyramidalis.,P:052,[P:052] https://archive.org/details/floralemblems00philrich/page/n156/mode/1up,,yes — no botanical image file acquired in Stage 1,1,1,Conservative Stage 1 identity merge; source wording and provenance retained.,,
S1F-030,Blue Violet,Faithfulness [I:750] || Modesty [T:334],"[I:750 | Faithfulness] Source-specific context: Ingram presents Violet chiefly as modesty while acknowledging faithfulness as a rival meaning and surveys the flower's exceptional place in Greek identity, myth, and European poetry. (printed pp. 256–261). || [T:334 | Modesty] Blue violet hides its fragrant flower beneath low foliage, making modesty visible through scent without display (pp. 200–202).","[I:750] Violet, Blue || [T:334] Violet, Blue",I:750; T:334,[I:750] https://archive.org/details/florasymbolica00ingr/page/n406/mode/1up || [T:334] https://archive.org/details/sentimentofflowe00tyas/page/n343/mode/1up,"[T:334] Plate V (facing p. 186), probable mapping to plate label “Purple Violet”",uncertain; yes,2,2,Conservative Stage 1 identity merge; source wording and provenance retained.,T-011,images/flower-crops/tyas-1869/t-011_purple-violet.jpg
S1F-031,Borage,BLUNTNESS OR ROUGHNESS OF MANNERS [P:028] || Bluntness [T:048],"[P:028 | BLUNTNESS OR ROUGHNESS OF MANNERS] This stimulating plant, has its stalks and leaves covered with a rough hairy substance, and is therefore chosen for this emblem. || [T:048 | Bluntness] Borage’s prickly, hairy, wrinkled leaves are contrasted with the usefulness that makes its rough exterior forgivable (pp. 56–57).",[P:028] Borage. — Borago. || [T:048] Borage,P:028; T:048,[P:028] https://archive.org/details/floralemblems00philrich/page/n132/mode/1up || [T:048] https://archive.org/details/sentimentofflowe00tyas/page/n334/mode/1up,"[T:048] Plate II (facing p. 31), group plate: Broom / Borage / Geranium",no; yes — no botanical image file acquired in Stage 1,2,2,Conservative Stage 1 identity merge; source wording and provenance retained.,T-002,images/flower-crops/tyas-1869/t-002_borage.jpg
S1F-032,Buckbean,CALM REPOSE [P:034; T:055],"[P:034 | CALM REPOSE] Phillips describes an aquatic plant whose flowers float in unruffled water, explaining calm repose. || [T:055 | Calm repose] The aquatic buckbean has white, rose-tinged flowers that open only in calm, sunny weather (pp. 59–60).",[P:034] Buckbean. — Menyanthes. || [T:055] Buckbean,P:034; T:055,[P:034] https://archive.org/details/floralemblems00philrich/page/n141/mode/1up || [T:055] https://archive.org/details/sentimentofflowe00tyas/page/n334/mode/1up,,yes; yes — no botanical image file acquired in Stage 1,2,2,Conservative Stage 1 identity merge; source wording and provenance retained.,,
S1F-033,Bugloss,FALSEHOOD [P:095],[P:095 | FALSEHOOD] Phillips grounds falsehood in the dye obtained from bugloss roots and adds literary examples.,[P:095] Bugloss. — Anchusa.,P:095,[P:095] https://archive.org/details/floralemblems00philrich/page/n206/mode/1up,,yes — no botanical image file acquired in Stage 1,1,1,Conservative Stage 1 identity merge; source wording and provenance retained.,,
S1F-034,Burdock,Importunity [T:057],"[T:057 | Importunity] Burdock is hard to eradicate, and its bristly fruits cling insistently to clothing (pp. 159–160).",[T:057] Burdock,T:057,[T:057] https://archive.org/details/sentimentofflowe00tyas/page/n334/mode/1up,,yes,1,1,Conservative Stage 1 identity merge; source wording and provenance retained.,,
S1F-035,Buttercup,Riches [I:108] || CHILDISHNESS [P:044] || Ingratitude [T:058],"[I:108 | Riches] Source-specific context: Ingram connects Buttercups with riches through their golden fields and with memories of childhood through familiar games that treat the flower as an oracle of wealth or affection. (printed pp. 105–106). || [P:044 | CHILDISHNESS] And gain their wish as soon as thought ; Who oft, I ween, the children's way. || [T:058 | Ingratitude] Buttercups are described as containing irritating substances capable of blistering skin and harming grazing animals (pp. 165–166).",[I:108] Buttercups || [P:044] Butter-cups. — Ranunculus bulbosus. || [T:058] Buttercups,I:108; P:044; T:058,[I:108] https://archive.org/details/florasymbolica00ingr/page/n401/mode/1up || [P:044] https://archive.org/details/floralemblems00philrich/page/n149/mode/1up || [T:058] https://archive.org/details/sentimentofflowe00tyas/page/n334/mode/1up,,yes; yes — no botanical image file acquired in Stage 1,3,3,Conservative Stage 1 identity merge; source wording and provenance retained.,,
S1F-036,Butterfly Orchis,GAIETY [P:116],[P:116 | GAIETY] And mock the exploring bee or fly's aerial form.,[P:116] Butterfly Orchis. — Habenaria bifolia.,P:116,[P:116] https://archive.org/details/floralemblems00philrich/page/n225/mode/1up,,yes — no botanical image file acquired in Stage 1,1,1,Conservative Stage 1 identity merge; source wording and provenance retained.,,
S1F-037,Camellia Japonica,Beauty is your only attraction [I:618; P:024],"[I:618 | Beauty is your only attraction] Source-specific context: Ingram presents Rose as the universal emblem of love and builds an extensive literary, historical, religious, and mythological survey around its beauty, fragrance, colours, and varieties. (printed pp. 23–48). || [P:024 | BEAUTY IS YOUR ONLY ATTRACTION] Of colours, changing from the splendid rose, To the pale violets dejected hue.","[I:618] Rose, Japan || [P:024] Japan Rose. — Camellia Japonica.",I:618; P:024,[I:618] https://archive.org/details/florasymbolica00ingr/page/n405/mode/1up || [P:024] https://archive.org/details/floralemblems00philrich/page/n129/mode/1up,,yes; yes — no botanical image file acquired in Stage 1,2,2,Conservative Stage 1 identity merge; source wording and provenance retained.,,
S1F-038,Candytuft,ARCHITECTURE [P:009] || Indifference [T:065],"[P:009 | ARCHITECTURE] Our father's next, in architecture skill'd Cities for use, and forts for safety build : Then palaces and lofty domes arose ; These for devotion, and for pleasure those. || [T:065 | Indifference] The nearly year-round, scentless white flowers persist through winter and respond little to summer warmth (pp. 161–162).",[P:009] Candy-tuft. — Iberis. || [T:065] Candy Tuft,P:009; T:065,[P:009] https://archive.org/details/floralemblems00philrich/page/n116/mode/1up || [T:065] https://archive.org/details/sentimentofflowe00tyas/page/n334/mode/1up,,yes; yes — no botanical image file acquired in Stage 1,2,2,Conservative Stage 1 identity merge; source wording and provenance retained.,,
S1F-039,Cape Jasmine,I am too happy [I:125] || Transport of joy [I:381],"[I:125; I:381 | I am too happy; Transport of joy] Source-specific context: Ingram favors amiability among Jasmine's many meanings, then distinguishes several fragrant varieties and recounts the plant's introduction and literary reputation. (printed pp. 68–71).","[I:125] Cape Jasmine || [I:381] Jasmine, Cape",I:125; I:381,[I:125] https://archive.org/details/florasymbolica00ingr/page/n401/mode/1up || [I:381] https://archive.org/details/florasymbolica00ingr/page/n403/mode/1up,,yes,1,2,Conservative Stage 1 identity merge; source wording and provenance retained.,,
S1F-040,Cardamine Cuckoo Flower Or Lady S Smock,PATERNAL ERROR [P:199],"[P:199 | PATERNAL ERROR] Cardamine appeared in King Lear's crown after he surrendered his diadem to his children, prompting the emblem of paternal error.","[P:199] Cardamine. Cuckoo-flower, or Lady's Smock. — Nasturtium Pratensis.",P:199,[P:199] https://archive.org/details/floralemblems00philrich/page/n307/mode/1up,,yes — no botanical image file acquired in Stage 1,1,1,Conservative Stage 1 identity merge; source wording and provenance retained.,,
S1F-041,Cardinal S Flower,DISTINCTION [P:080],"[P:080 | DISTINCTION] This beautiful Mexican plant obtained the name of cardinal's flower from the bright red colour of its corollas, on which account we place it as the symbol of distinction.",[P:080] Cardinal's Flower. — Lobelia Cardinalis.,P:080,[P:080] https://archive.org/details/floralemblems00philrich/page/n188/mode/1up,"[P:080] Plate 13, Distinction, scan n185",yes — no botanical image file acquired in Stage 1,1,1,Conservative Stage 1 identity merge; source wording and provenance retained.,P-018,images/flower-crops/phillips-1825/p-018_cardinals-flower.jpg
S1F-042,Catchfly,Snare [T:070],[T:070 | Snare] Flies attracted by the plant’s unpleasant odour become trapped on its leaves (pp. 260–262).,[T:070] Catchfly,T:070,[T:070] https://archive.org/details/sentimentofflowe00tyas/page/n334/mode/1up,,yes,1,1,Conservative Stage 1 identity merge; source wording and provenance retained.,,
S1F-043,Catesby S Star Wort,AFTERTHOUGHT [P:006],"[P:006 | AFTERTHOUGHT] This North American plant has been made to represent afterthought, because it sends forth its flowers in the month of November, when most others have disappeared.",[P:006] Catesby's Star-wort. — Aster grandiflorus.,P:006,[P:006] https://archive.org/details/floralemblems00philrich/page/n112/mode/1up,,yes — no botanical image file acquired in Stage 1,1,1,Conservative Stage 1 identity merge; source wording and provenance retained.,,
S1F-044,Celandine Lesser,Joys to come [I:139],"[I:139 | Joys to come] Source-specific context: Ingram links Celandine with deceptive hopes and reviews rival explanations of its swallow-derived name, including the old belief that swallows used it to restore their young's sight. (printed pp. 161–162).","[I:139] Celandine, Lesser",I:139,[I:139] https://archive.org/details/florasymbolica00ingr/page/n401/mode/1up,,yes,1,1,Conservative Stage 1 identity merge; source wording and provenance retained.,,
S1F-045,Chequered Fritillary,PERSECUTION [P:205],"[P:205 | PERSECUTION] Persecution is represented by this flower, whose chequered petals are too frequently emblematical of the events of life.",[P:205] Chequered Fritillary. — Fritillaria Meleagris.,P:205,[P:205] https://archive.org/details/floralemblems00philrich/page/n313/mode/1up,,yes — no botanical image file acquired in Stage 1,1,1,Conservative Stage 1 identity merge; source wording and provenance retained.,,
S1F-046,China Aster,Variety. After-thought [I:49] || Variety [I:150; P:286; T:074],"[I:49; I:150 | Variety. After-thought; Variety] Source-specific context: Ingram explains Aster as an after-thought because it flowers when most other blooms are scarce, and notes the star-shaped name and its vivid autumn garden display. (printed pp. 132–133). || [P:286 | VARIETY] Phillips makes variation in the flower’s colours the basis of the emblem. || [T:074 | Variety] Father d’Incarville reportedly sent China aster to Paris around 1780; cultivation changed simple uniform flowers into doubled, multicoloured forms (pp. 282–283).","[I:49] Aster (China) || [I:150] China Aster || [P:286] China Aster, or Chinensis Starwort. — Aster Chinesis. || [T:074] China Aster",I:49; I:150; P:286; T:074,[I:49] https://archive.org/details/florasymbolica00ingr/page/n400/mode/1up || [I:150] https://archive.org/details/florasymbolica00ingr/page/n401/mode/1up || [P:286] https://archive.org/details/floralemblems00philrich/page/n403/mode/1up || [T:074] https://archive.org/details/sentimentofflowe00tyas/page/n334/mode/1up,,yes; yes — no botanical image file acquired in Stage 1,3,4,Conservative Stage 1 identity merge; source wording and provenance retained.,,
S1F-047,China Or Indian Pink,AVERSION [P:019; T:075],"[P:019 | AVERSION] We presume the China pink has been placed in floral hieroglyphics to represent aversion, in allusion to the custom of the Chinese, who wish to avoid all intercourse with other nations. || [T:075 | Aversion] The China pink is richly coloured and long-flowering but lacks both the sweet william’s massed display and the common pink’s fragrance (pp. 43–44).","[P:019] China or Indian Pink. — Dianthus Chinensis. || [T:075] China, or Indian Pink",P:019; T:075,[P:019] https://archive.org/details/floralemblems00philrich/page/n124/mode/1up || [T:075] https://archive.org/details/sentimentofflowe00tyas/page/n334/mode/1up,,yes; yes — no botanical image file acquired in Stage 1,2,2,Conservative Stage 1 identity merge; source wording and provenance retained.,,
S1F-048,China/Monthly Rose,Beauty always new [I:610; P:023] || Beauty ever new [T:076; T:209; T:281],"[I:610 | Beauty always new] Source-specific context: Ingram presents Rose as the universal emblem of love and builds an extensive literary, historical, religious, and mythological survey around its beauty, fragrance, colours, and varieties. (printed pp. 23–48). || [P:023 | BEAUTY ALWAYS NEW] The accompanying verse praises a rose that returns nature's gifts as incense and blooms through the seasons. || [T:076; T:209; T:281 | Beauty ever new] The monthly rose is praised for renewing its bloom over much of the year, and Tyas records its late-eighteenth-century arrival in cultivation (pp. 51–52).","[I:610] Rose, China || [P:023] China Rose. — Rosa Semperflorens. || [T:076] China, or Monthly Rose || [T:209] Monthly or China Rose || [T:281] ——, Monthly",I:610; P:023; T:076; T:209; T:281,[I:610] https://archive.org/details/florasymbolica00ingr/page/n405/mode/1up || [P:023] https://archive.org/details/floralemblems00philrich/page/n128/mode/1up || [T:076] https://archive.org/details/sentimentofflowe00tyas/page/n334/mode/1up || [T:209] https://archive.org/details/sentimentofflowe00tyas/page/n339/mode/1up || [T:281] https://archive.org/details/sentimentofflowe00tyas/page/n341/mode/1up,"[T:076] Plate V (facing p. 186), shown under plate label “China Rose” || [T:209] Plate V (facing p. 186), shown under plate label “China Rose” || [T:281] Plate V (facing p. 186), probable duplicate-name mapping to plate label “China Rose”",no; uncertain; yes; yes — no botanical image file acquired in Stage 1,3,5,Conservative Stage 1 identity merge; source wording and provenance retained.,T-008,images/flower-crops/tyas-1869/t-008_china-monthly-rose.jpg
S1F-049,Chinese Chrysanthemum,CHEERFULNESS UNDER ADVERSITY [P:043],"[P:043 | CHEERFULNESS UNDER ADVERSITY] It brightens the parterre after other flowers have withdrawn, making cheerfulness a shield against adversity.",[P:043] Chinese Chrysanthemum. — Chrysanthemum Indicum.,P:043,[P:043] https://archive.org/details/floralemblems00philrich/page/n148/mode/1up,,yes — no botanical image file acquired in Stage 1,1,1,Conservative Stage 1 identity merge; source wording and provenance retained.,,
S1F-050,Chinese Primrose,Lasting love [I:147],"[I:147 | Lasting love] Source-specific context: Ingram presents Primrose as youth and supports the association with English poetry that treats the early, pale, fragile flower as an emblem of young life and early death. (printed pp. 262–265).",[I:147] Chinese Primrose,I:147,[I:147] https://archive.org/details/florasymbolica00ingr/page/n401/mode/1up,,yes,1,1,Conservative Stage 1 identity merge; source wording and provenance retained.,,
S1F-051,Chrysanthemum,Cheerfulness under adversity [T:078],"[T:078 | Cheerfulness under adversity] The discussion treats chrysanthemums as Chinese exotics, explains the Greek “gold flower” name, and emphasizes their late bloom after other flowers fade (pp. 62–64).",[T:078] Chrysanthemum,T:078,[T:078] https://archive.org/details/sentimentofflowe00tyas/page/n335/mode/1up,,yes,1,1,Conservative Stage 1 identity merge; source wording and provenance retained.,,
S1F-052,Cinquefoil,Beloved daughter [T:079],"[T:079 | Beloved daughter] Cinquefoil leaves bend over the flower like a canopy in rain, a protective gesture compared with a mother watching a daughter develop (pp. 52–53).",[T:079] Cinquefoil,T:079,[T:079] https://archive.org/details/sentimentofflowe00tyas/page/n335/mode/1up,,yes,1,1,Conservative Stage 1 identity merge; source wording and provenance retained.,,
S1F-053,Cistus Or Rock Rose,POPULAR FAVOUR [P:211],"[P:211 | POPULAR FAVOUR] Admire we then, Or popularity, or stars, or strings.","[P:211] Cistus, or Rock Rose. — Cistus.",P:211,[P:211] https://archive.org/details/floralemblems00philrich/page/n318/mode/1up,"[P:211] Plate 13, Desire not Popular Favour, scan n185",yes — no botanical image file acquired in Stage 1,1,1,Conservative Stage 1 identity merge; source wording and provenance retained.,P-007,images/flower-crops/phillips-1825/p-007_cistus-rock-rose.jpg
S1F-054,Clematis,Mental beauty. Artifice [I:168] || Artifice [T:082],"[I:168 | Mental beauty. Artifice] Source-specific context: Ingram explains Clematis as artifice through the reported use of its irritating twigs to simulate sores, while recording names such as Traveller's Joy, Virgin's-bower, and Old Man's Beard. (printed pp. 242–243). || [T:082 | Artifice] Beggars are said to have used clematis leaves to create ulcers and provoke pity, an artifice capable of lasting harm (pp. 38–39).",[I:168] Clematis || [T:082] Clematis,I:168; T:082,[I:168] https://archive.org/details/florasymbolica00ingr/page/n401/mode/1up || [T:082] https://archive.org/details/sentimentofflowe00tyas/page/n335/mode/1up,,yes,2,2,Conservative Stage 1 identity merge; source wording and provenance retained.,,
S1F-055,Clove Gillyflower,Dignity [T:083],"[T:083 | Dignity] The article connects dignity with Moluccan chiefs wearing differing numbers of clove flowers as marks of rank, then discusses the garden carnation substitute (pp. 83–84).",[T:083] Clove Gillyflower,T:083,[T:083] https://archive.org/details/sentimentofflowe00tyas/page/n335/mode/1up,"[T:083] Plate VIII (facing p. 288), possible mapping to plate label “Clove Pink”; terminology is not exact",uncertain,1,1,Conservative Stage 1 identity merge; source wording and provenance retained.,T-017,images/flower-crops/tyas-1869/t-017_clove-pink.jpg
S1F-056,Clover Four Leaved,Be mine [I:173],"[I:173 | Be mine] Source-specific context: Ingram links white Clover or shamrock with promise and surveys its Irish national and religious symbolism, including the tradition that St. Patrick used the trefoil to explain the Trinity. (printed pp. 235–236).","[I:173] Clover, Four-leaved",I:173,[I:173] https://archive.org/details/florasymbolica00ingr/page/n401/mode/1up,,yes,1,1,Conservative Stage 1 identity merge; source wording and provenance retained.,,
S1F-057,Cobaea,GOSSIP [P:124],"[P:124 | GOSSIP] The Mexican plant's flowers recall tea-table equipment, while its tendrils are likened to a gossip's tongue that lets nothing it meets escape.",[P:124] Cobæa. — Cobæa scandens.,P:124,[P:124] https://archive.org/details/floralemblems00philrich/page/n229/mode/1up,,yes — no botanical image file acquired in Stage 1,1,1,Conservative Stage 1 identity merge; source wording and provenance retained.,,
S1F-058,Cockscomb Amaranth,Foppery. Affectation [I:24] || Foppery. Affectation. Singularity [I:177] || SINGULARITY [P:256],"[I:24; I:177 | Foppery. Affectation; Foppery. Affectation. Singularity] Source-specific context: Ingram derives the emblem of immortality from the Greek idea of the amaranth as unfading and develops its association with death, eternity, and Milton's celestial garlands. (printed pp. 244–246). || [P:256 | SINGULARITY] This singular amaranth is a native of flowery lands, being common in China, Japan, and some parts of Persia.","[I:24] Amaranth (Cockscomb) || [I:177] Cockscomb Amaranth || [P:256] Cock's-comb, or Crested Amaranth. — Celosia Cristata.",I:24; I:177; P:256,[I:24] https://archive.org/details/florasymbolica00ingr/page/n400/mode/1up || [I:177] https://archive.org/details/florasymbolica00ingr/page/n401/mode/1up || [P:256] https://archive.org/details/floralemblems00philrich/page/n364/mode/1up,,yes; yes — no botanical image file acquired in Stage 1,2,3,Conservative Stage 1 identity merge; source wording and provenance retained.,,
S1F-059,Colts Foot,Justice shall be done you [T:086],"[T:086 | Justice shall be done you] The entry tells of a poor Dutch miller whose landscape painting found a patron, then compares him with sweet tussilage recognized near Mount Pilat by a botanist (pp. 178–179).",[T:086] Colt’s-foot,T:086,[T:086] https://archive.org/details/sentimentofflowe00tyas/page/n335/mode/1up,,yes,1,1,Conservative Stage 1 identity merge; source wording and provenance retained.,,
S1F-060,Columbine,FOLLY [P:107; T:087],"[P:107 | FOLLY] And entwine The white, the blue, the flesh-like columbine. || [T:087 | Folly] Tyas admits uncertainty over columbine’s folly emblem and records competing explanations based on its form and long-standing rustic popularity (pp. 114–115).",[P:107] Columbine. — Aquilegia. || [T:087] Columbine,P:107; T:087,[P:107] https://archive.org/details/floralemblems00philrich/page/n217/mode/1up || [T:087] https://archive.org/details/sentimentofflowe00tyas/page/n335/mode/1up,"[P:107] Plate 14, Folly and Error, scan n196",yes; yes — no botanical image file acquired in Stage 1,2,2,Conservative Stage 1 identity merge; source wording and provenance retained.,P-009,images/flower-crops/phillips-1825/p-009_columbine.jpg
S1F-061,Common Stramonium,Disguise [T:310],[T:310 | Disguise] Elegant white flowers and foliage conceal a potent narcotic poison (pp. 87–88).,"[T:310] Stramonium, Common",T:310,[T:310] https://archive.org/details/sentimentofflowe00tyas/page/n342/mode/1up,,yes,1,1,Conservative Stage 1 identity merge; source wording and provenance retained.,,
S1F-062,Convolvulus,Bonds [I:183],"[I:183 | Bonds] Source-specific context: Ingram presents Convolvulus as night through its evening closure and sky-like colours, while distinguishing major and minor forms associated with extinguished hopes and repose. (printed pp. 318–319).",[I:183] Convolvulus,I:183,[I:183] https://archive.org/details/florasymbolica00ingr/page/n401/mode/1up,,yes,1,1,Conservative Stage 1 identity merge; source wording and provenance retained.,,
S1F-063,Convolvulus Major,Extinguished hopes [I:185; P:094],"[I:185 | Extinguished hopes] Source-specific context: Ingram presents Convolvulus as night through its evening closure and sky-like colours, while distinguishing major and minor forms associated with extinguished hopes and repose. (printed pp. 318–319). || [P:094 | EXTINGUISHED HOPES] This flower is given to the ladies, that when they have made their happy choice, they may have an appropriate flower to bestow on their hopeless suitors, so as to extinguish the flame their charms have created.","[I:185] Convolvulus, Major || [P:094] Convolvulus Major. — Convolvulus purpreus.",I:185; P:094,[I:185] https://archive.org/details/florasymbolica00ingr/page/n401/mode/1up || [P:094] https://archive.org/details/floralemblems00philrich/page/n205/mode/1up,,yes; yes — no botanical image file acquired in Stage 1,2,2,Conservative Stage 1 identity merge; source wording and provenance retained.,,
S1F-064,Convolvulus Minor,NIGHT [P:190],"[P:190 | NIGHT] Now sunk the sun; the closing hour of day Came onward, mantled o'er with sober gray ; Nature in silence, bid the world repose.",[P:190] Convolvulus Minor. — Convolvulus Tricolor.,P:190,[P:190] https://archive.org/details/floralemblems00philrich/page/n299/mode/1up,,yes — no botanical image file acquired in Stage 1,1,1,Conservative Stage 1 identity merge; source wording and provenance retained.,,
S1F-065,Cornflower (Blue-Bottle Centaury),Delicacy [I:196; P:070; T:046],"[I:196 | Delicacy] Source-specific context: Ingram links Cornflower with delicacy, recounts the Cycinus garland-maker tradition, and describes its blue bloom as a flower used in love divination and pigment making. (printed pp. 298–299). || [P:070 | DELICACY] There is a flower, a purple flower Sown by the wind, nursed by the shower. || [T:046 | Delicacy] The flower’s sky-blue colour supports delicacy, while a fable derives Cyanus from a youth devoted to gathering cornflowers (pp. 77–78).",[I:196] Cornflower || [P:070] Blue Bottle Centaury. — Centaurea Cyanus. || [T:046] Blue-Bottle Centaury,I:196; P:070; T:046,[I:196] https://archive.org/details/florasymbolica00ingr/page/n401/mode/1up || [P:070] https://archive.org/details/floralemblems00philrich/page/n175/mode/1up || [T:046] https://archive.org/details/sentimentofflowe00tyas/page/n334/mode/1up,"[I:196] POPPY AND CORNFLOWER — colour plate, IA n236 (between pp. 204–205)",no; yes; yes — no botanical image file acquired in Stage 1,3,3,Conservative Stage 1 identity merge; source wording and provenance retained.,I-004,images/flower-crops/ingram-1869/i-004_cornflower.jpg
S1F-066,Coronilla,SUCCESS CROWN YOUR WISHES [P:265],"[P:265 | SUCCESS CROWN YOUR WISHES] Coronilla derives its name from corona, a crown, because golden flower clusters crown its branches; Phillips uses it to convey friendly wishes for success.",[P:265] Coronilla. — Coronilla.,P:265,[P:265] https://archive.org/details/floralemblems00philrich/page/n376/mode/1up,,yes — no botanical image file acquired in Stage 1,1,1,Conservative Stage 1 identity merge; source wording and provenance retained.,,
S1F-067,Cowslip,Pensiveness. Winning grace. Youthful beauty [I:200] || PENSIVENESS [P:202],"[I:200 | Pensiveness. Winning grace. Youthful beauty] Source-specific context: Ingram links the fragile, drooping Cowslip with youthful beauty and traces that association through older English poetry, especially imagery of youth, frailty, and early death. (printed pp. 158–160). || [P:202 | PENSIVENESS] Poetic descriptions of the cowslip's drooping, pensive head and melancholy love underlie the emblem.",[I:200] Cowslip || [P:202] Cowslip. — Primula veris.,I:200; P:202,[I:200] https://archive.org/details/florasymbolica00ingr/page/n402/mode/1up || [P:202] https://archive.org/details/floralemblems00philrich/page/n310/mode/1up,"[P:202] Plate 18, Pensiveness arising from Solitude, scan n367",yes; yes — no botanical image file acquired in Stage 1,2,2,Conservative Stage 1 identity merge; source wording and provenance retained.,P-013,images/flower-crops/phillips-1825/p-013_cowslip.jpg
S1F-068,Crocus,Abuse not. Impatience [I:206],"[I:206 | Abuse not. Impatience] Source-specific context: Ingram links Crocus with cheerfulness while reviewing its thread or saffron etymology, the myth of the transformed lover Crocus, and traditions about saffron's arrival in England. (printed pp. 107–109).",[I:206] Crocus,I:206,[I:206] https://archive.org/details/florasymbolica00ingr/page/n402/mode/1up,,yes,1,1,Conservative Stage 1 identity merge; source wording and provenance retained.,,
S1F-069,Crown Imperial,Majesty. Power [I:209] || MAJESTY AND POWER [P:172] || Majesty [T:095],"[I:209 | Majesty. Power] Source-specific context: Ingram links Crown Imperial with power through its tall lily form, downward bell-shaped flowers, and crown of leaves, then connects it with a celebrated French floral manuscript. (printed p. 278). || [P:172 | MAJESTY AND POWER] This Persian flower, that towers above the more humble plants of the parterre, holds a high rank in floral emblems. || [T:095 | Majesty] Crown imperial is treated as the sovereign of Fritillaria because of its commanding form and brilliant colours, with an English notice in Shakespeare’s period (pp. 191–195).","[I:209] Crown, Imperial || [P:172] Crown Imperial.- Fritillaria imperialis. || [T:095] Crown Imperial",I:209; P:172; T:095,[I:209] https://archive.org/details/florasymbolica00ingr/page/n402/mode/1up || [P:172] https://archive.org/details/floralemblems00philrich/page/n283/mode/1up || [T:095] https://archive.org/details/sentimentofflowe00tyas/page/n335/mode/1up,,yes; yes — no botanical image file acquired in Stage 1,3,3,Conservative Stage 1 identity merge; source wording and provenance retained.,,
S1F-070,Cuckoo Pint (Wake Robin),ARDOUR [P:010; T:025; T:096; T:336],"[P:010 | ARDOUR] The phenomenon which this plant displays at the period of impregnation, determined the poets to make it the emblem of ardour. || [T:025; T:096; T:336 | Ardour] The pale arum root first tastes bland but soon pricks the tongue; prepared root was sold as Portland sago (pp. 37–38).","[P:010] Cuckow-pint. — Arum maculatum. || [T:025] Arum, or Wake Robin || [T:096] Cuckoo Pint || [T:336] Wake Robin",P:010; T:025; T:096; T:336,[P:010] https://archive.org/details/floralemblems00philrich/page/n117/mode/1up || [T:025] https://archive.org/details/sentimentofflowe00tyas/page/n333/mode/1up || [T:096] https://archive.org/details/sentimentofflowe00tyas/page/n335/mode/1up || [T:336] https://archive.org/details/sentimentofflowe00tyas/page/n343/mode/1up,,yes; yes — no botanical image file acquired in Stage 1,2,4,Conservative Stage 1 identity merge; source wording and provenance retained.,,
S1F-071,Cyclamen,DIFFIDENCE [P:076],"[P:076 | DIFFIDENCE] As modest diffidence adds attractions to beauty, so does this graceful flower engage our notice by its unassuming carriage, for the cyclamen, although it expands its petals in an upright direction, never rears its head to the sun.",[P:076] Cyclamen. — Cyclamen.,P:076,[P:076] https://archive.org/details/floralemblems00philrich/page/n180/mode/1up,,yes — no botanical image file acquired in Stage 1,1,1,Conservative Stage 1 identity merge; source wording and provenance retained.,,
S1F-072,Daffodil,Regard. Unrequited love [I:219] || DECEITFUL HOPE [P:066],"[I:219 | Regard. Unrequited love] Source-specific context: Ingram presents Daffodil as unrequited love and connects the yellow Narcissus with the Proserpine myth, including the tradition that the flower fell from Pluto's chariot. (printed pp. 252–253). || [P:066 | DECEITFUL HOPE] And vales are deck'd with daffodils, I hail the new reviving year.",[I:219] Daffodil || [P:066] Daffodil. — Narcissus Pseudo.,I:219; P:066,[I:219] https://archive.org/details/florasymbolica00ingr/page/n402/mode/1up || [P:066] https://archive.org/details/floralemblems00philrich/page/n172/mode/1up,,yes; yes — no botanical image file acquired in Stage 1,2,2,Conservative Stage 1 identity merge; source wording and provenance retained.,,
S1F-073,Dahlia,Instability. Pomp [I:220] || INSTABILITY [P:156],"[I:220 | Instability. Pomp] Source-specific context: Ingram presents Dahlia as pomp, traces its movement from Mexico through Spanish and French cultivation to England, and notes that its showy flowers attracted little poetic affection. (printed p. 291). || [P:156 | INSTABILITY] Phillips links the dahlia's introduction during the French Revolution, disappearance, and reintroduction when Napoleon became emperor with the emblem of instability.",[I:220] Dahlia || [P:156] Dahlia. — Dahlia.,I:220; P:156,[I:220] https://archive.org/details/florasymbolica00ingr/page/n402/mode/1up || [P:156] https://archive.org/details/floralemblems00philrich/page/n267/mode/1up,,yes; yes — no botanical image file acquired in Stage 1,2,2,Conservative Stage 1 identity merge; source wording and provenance retained.,,
S1F-074,Daisy,Innocence [I:221; P:154; T:101],"[I:221 | Innocence] Source-specific context: Ingram treats Daisy as innocence and explains its exceptional poetic popularity through its persistence, its old name day's-eye, and its Marguerite associations in French courtly symbolism. (printed pp. 266–268). || [P:154 | INNOCENCE] The daisy represents innocence because it forms one of infancy's earliest floral amusements. || [T:101 | Innocence] The name daisy is derived from day’s eye because the blossom opens at daybreak and closes at sunset (pp. 166–174).",[I:221] Daisy || [P:154] Daisy. — Bellis perennis. || [T:101] Daisy,I:221; P:154; T:101,[I:221] https://archive.org/details/florasymbolica00ingr/page/n402/mode/1up || [P:154] https://archive.org/details/floralemblems00philrich/page/n261/mode/1up || [T:101] https://archive.org/details/sentimentofflowe00tyas/page/n335/mode/1up,"[P:154] Plate 16, Innocence, scan n264",yes; yes — no botanical image file acquired in Stage 1,3,3,Conservative Stage 1 identity merge; source wording and provenance retained.,P-019,images/flower-crops/phillips-1825/p-019_daisy.jpg
S1F-075,Damask Rose,"Brilliant complexion [I:613] || FRESHNESS, OR BLOOM OF COMPLEXION [P:113]","[I:613 | Brilliant complexion] Source-specific context: Ingram presents Rose as the universal emblem of love and builds an extensive literary, historical, religious, and mythological survey around its beauty, fragrance, colours, and varieties. (printed pp. 23–48). || [P:113 | FRESHNESS, OR BLOOM OF COMPLEXION] This emblem, which is so conformable to nature, is sanctioned by the poets of every age.","[I:613] Rose, Damask || [P:113] Damask Rose, or the Rose of Damascus.",I:613; P:113,[I:613] https://archive.org/details/florasymbolica00ingr/page/n405/mode/1up || [P:113] https://archive.org/details/floralemblems00philrich/page/n222/mode/1up,,yes; yes — no botanical image file acquired in Stage 1,2,2,Conservative Stage 1 identity merge; source wording and provenance retained.,,
S1F-076,Dandelion,Rustic oracle [I:227] || ORACLE [P:194; T:104],[I:227 | Rustic oracle] Source-specific context: Ingram presents Dandelion as an oracle through children's practices of using its petals or seed head to answer questions about love and tell the hour. (printed pp. 121–122). || [P:194 | ORACLE] The entry contrasts the dandelion's brief golden display with its later seed head and says a familiar name arising from its medicinal reputation helped originate the oracle emblem. || [T:104 | Oracle] Linnaeus places dandelion in Flora’s clock because its flowers open and close at dependable hours (pp. 212–214).,[I:227] Dandelion || [P:194] Dandelion. — Leontodon. || [T:104] Dandelion,I:227; P:194; T:104,[I:227] https://archive.org/details/florasymbolica00ingr/page/n402/mode/1up || [P:194] https://archive.org/details/floralemblems00philrich/page/n302/mode/1up || [T:104] https://archive.org/details/sentimentofflowe00tyas/page/n335/mode/1up,,yes; yes — no botanical image file acquired in Stage 1,3,3,Conservative Stage 1 identity merge; source wording and provenance retained.,,
S1F-077,Dandelion — seed head,Depart [I:228],[I:228 | Depart] Source-specific context: Ingram presents Dandelion as an oracle through children's practices of using its petals or seed head to answer questions about love and tell the hour. (printed pp. 121–122).,"[I:228] Dandelion, or Thistle-seed-head",I:228,[I:228] https://archive.org/details/florasymbolica00ingr/page/n402/mode/1up,,yes,1,1,Conservative Stage 1 identity merge; source wording and provenance retained.,,
S1F-078,Dark Geranium,Melancholy [I:304],"[I:304 | Melancholy] Source-specific context: Ingram assigns deceit to the Geranium genus while emphasizing that its many varieties carry distinct meanings, and explains the crane's-bill, stork's-bill, and heron's-bill names. (printed pp. 146–147).","[I:304] Geranium, Dark",I:304,[I:304] https://archive.org/details/florasymbolica00ingr/page/n402/mode/1up,,yes,1,1,Conservative Stage 1 identity merge; source wording and provenance retained.,,
S1F-079,Deep Red Rose,Bashful shame [I:614],"[I:614 | Bashful shame] Source-specific context: Ingram presents Rose as the universal emblem of love and builds an extensive literary, historical, religious, and mythological survey around its beauty, fragrance, colours, and varieties. (printed pp. 23–48).","[I:614] Rose, Deep Red",I:614,[I:614] https://archive.org/details/florasymbolica00ingr/page/n405/mode/1up,,yes,1,1,Conservative Stage 1 identity merge; source wording and provenance retained.,,
S1F-080,Dipteracanthus Spectabilis,Fortitude [I:237],[I:237 | Fortitude] Source-specific context: Ingram links Acanthus with the arts through its classical ornamental use and recounts the legend that its leaves inspired the capital of the Corinthian column. (printed pp. 181–182).,[I:237] Dipteracanthus Spectabilis,I:237,[I:237] https://archive.org/details/florasymbolica00ingr/page/n402/mode/1up,,yes,1,1,Conservative Stage 1 identity merge; source wording and provenance retained.,,
S1F-081,Dittany of Crete,BIRTH [P:026; T:107],[P:026 | BIRTH] Which in the Cretan fields with care she sought. || [T:107 | Birth] Juno as Lucina wears dittany at childbirth; the plant is also said to have reached cultivation from Crete in 1551 (pp. 53–54).,[P:026] Dittany. — Origanum Dictamus. || [T:107] Dittany of Crete,P:026; T:107,[P:026] https://archive.org/details/floralemblems00philrich/page/n131/mode/1up || [T:107] https://archive.org/details/sentimentofflowe00tyas/page/n336/mode/1up,,yes; yes — no botanical image file acquired in Stage 1,2,2,Conservative Stage 1 identity merge; source wording and provenance retained.,,
S1F-082,Double China Aster,I partake your sentiments [I:151],"[I:151 | I partake your sentiments] Source-specific context: Ingram explains Aster as an after-thought because it flowers when most other blooms are scarce, and notes the star-shaped name and its vivid autumn garden display. (printed pp. 132–133).","[I:151] China Aster, Double",I:151,[I:151] https://archive.org/details/florasymbolica00ingr/page/n401/mode/1up,,yes,1,1,Conservative Stage 1 identity merge; source wording and provenance retained.,,
S1F-083,Double Daisy,"PARTICIPATION, OR, I PARTAKE YOUR SENTIMENTS [P:198]","[P:198 | PARTICIPATION, OR, I PARTAKE YOUR SENTIMENTS] The cultivated daisy is made the emblem of participation, because its multiplied petals all partake of one receptacle.",[P:198] Double Daisy. — Bellis hortus.,P:198,[P:198] https://archive.org/details/floralemblems00philrich/page/n306/mode/1up,,yes — no botanical image file acquired in Stage 1,1,1,Conservative Stage 1 identity merge; source wording and provenance retained.,,
S1F-084,Dragon Plant,SNARE [P:257],[P:257 | SNARE] Trust not this specious veil ; beneath its guise.,[P:257] Dragon Plant. — Arum dracunculus.,P:257,[P:257] https://archive.org/details/floralemblems00philrich/page/n365/mode/1up,,yes — no botanical image file acquired in Stage 1,1,1,Conservative Stage 1 identity merge; source wording and provenance retained.,,
S1F-085,Dwarf Sunflower,Adoration [I:696],[I:696 | Adoration] Source-specific context: Ingram presents Sunflower as false riches while reviewing the old belief that its bloom follows the sun and contrasting meanings assigned in other floral traditions. (printed pp. 320–323).,"[I:696] Sunflower, Dwarf",I:696,[I:696] https://archive.org/details/florasymbolica00ingr/page/n406/mode/1up,,yes,1,1,Conservative Stage 1 identity merge; source wording and provenance retained.,,
S1F-086,Eglantine (Sweetbriar),Poetry. I wound to heal [I:250] || POETRY [P:210; T:113; T:313],"[I:250 | Poetry. I wound to heal] Source-specific context: Ingram presents Rose as the universal emblem of love and builds an extensive literary, historical, religious, and mythological survey around its beauty, fragrance, colours, and varieties. (printed pp. 23–48). || [P:210 | POETRY] Convey the jasmin's breath divine ; Convey the woodbine's rich perfume. || [T:113; T:313 | Poetry] Sweetbriar is called the poet’s flower not only for its blossoms but for fragrant leaves that perfume morning and evening air (pp. 224–225).","[I:250] Eglantine (Sweetbriar) || [P:210] Sweet Briar, or Eglantine. — Rosa rubiginosa, or Eglanteria. || [T:113] Eglantine, or Sweetbriar || [T:313] Sweetbriar, or Eglantine",I:250; P:210; T:113; T:313,[I:250] https://archive.org/details/florasymbolica00ingr/page/n402/mode/1up || [P:210] https://archive.org/details/floralemblems00philrich/page/n317/mode/1up || [T:113] https://archive.org/details/sentimentofflowe00tyas/page/n336/mode/1up || [T:313] https://archive.org/details/sentimentofflowe00tyas/page/n342/mode/1up,,yes; yes — no botanical image file acquired in Stage 1,3,4,Conservative Stage 1 identity merge; source wording and provenance retained.,,
S1F-087,European Sweetbriar,I wound to heal [I:701],"[I:701 | I wound to heal] Source-specific context: Ingram presents Rose as the universal emblem of love and builds an extensive literary, historical, religious, and mythological survey around its beauty, fragrance, colours, and varieties. (printed pp. 23–48).","[I:701] Sweetbriar, European",I:701,[I:701] https://archive.org/details/florasymbolica00ingr/page/n406/mode/1up,,yes,1,1,Conservative Stage 1 identity merge; source wording and provenance retained.,,
S1F-088,Evening Primrose,Silent Love [I:257] || Inconstancy [I:582; T:266],"[I:257 | Silent Love] Source-specific context: Ingram links Evening Primrose with silent love because its pale flowers open at night, when they attract nocturnal insects and become part of moonlit landscape imagery. (printed pp. 183–185). || [I:582 | Inconstancy] Source-specific context: Ingram presents Primrose as youth and supports the association with English poetry that treats the early, pale, fragile flower as an emblem of young life and early death. (printed pp. 262–265). || [T:266 | Inconstancy] Evening primrose was reportedly carried from Virginia to Padua in 1619; each blossom’s brief duration explains inconstancy (pp. 159–160).","[I:257] Evening Primrose || [I:582] Primrose, Evening || [T:266] ——, Evening",I:257; I:582; T:266,[I:257] https://archive.org/details/florasymbolica00ingr/page/n402/mode/1up || [I:582] https://archive.org/details/florasymbolica00ingr/page/n405/mode/1up || [T:266] https://archive.org/details/sentimentofflowe00tyas/page/n341/mode/1up,,yes,2,3,Conservative Stage 1 identity merge; source wording and provenance retained.,,
S1F-089,Ever Flowering Candy Tuft,INDIFFERENCE [P:148],"[P:148 | INDIFFERENCE] In the floral language of Persia, this plant is made the emblem of indifference, because it blossoms alike through the heat of the summer months, and the severity of the winter's frost, equally disregarding the rays of Sol, and the breath of Boreas.",[P:148] Ever-flowering Candy-tuft. — Iberis semperflorens.,P:148,[P:148] https://archive.org/details/floralemblems00philrich/page/n257/mode/1up,,yes — no botanical image file acquired in Stage 1,1,1,Conservative Stage 1 identity merge; source wording and provenance retained.,,
S1F-090,Evergreen Clematis,Poverty [I:169; I:259; P:212],"[I:169; I:259 | Poverty] Source-specific context: Ingram explains Clematis as artifice through the reported use of its irritating twigs to simulate sores, while recording names such as Traveller's Joy, Virgin's-bower, and Old Man's Beard. (printed pp. 242–243). || [P:212 | POVERTY] This plant represents in floral language the scale which weighs the sincerity of friendship.","[I:169] Clematis, Evergreen || [I:259] Evergreen Clematis || [P:212] Evergreen Clematis. — Clematis cirrhosa.",I:169; I:259; P:212,[I:169] https://archive.org/details/florasymbolica00ingr/page/n401/mode/1up || [I:259] https://archive.org/details/florasymbolica00ingr/page/n402/mode/1up || [P:212] https://archive.org/details/floralemblems00philrich/page/n319/mode/1up,"[P:212] Plate 20, Poverty, scan n409",yes; yes — no botanical image file acquired in Stage 1,2,3,Conservative Stage 1 identity merge; source wording and provenance retained.,P-020,images/flower-crops/phillips-1825/p-020_evergreen-clematis.jpg
S1F-091,Everlasting Or Cud Weed,NEVER-CEASING REMEMBRANCE [P:189],[P:189 | NEVER-CEASING REMEMBRANCE] Phillips derives the emblem from the everlasting flower's name and its continental use in decorating monuments and graves of departed friends.,"[P:189] Everlasting, or Cud-weed. — Gnaphalium.",P:189,[P:189] https://archive.org/details/floralemblems00philrich/page/n298/mode/1up,,yes — no botanical image file acquired in Stage 1,1,1,Conservative Stage 1 identity merge; source wording and provenance retained.,,
S1F-092,Everlasting Pea,LASTING PLEASURE [P:164],[P:164 | LASTING PLEASURE] The perennial everlasting pea represents lasting pleasure because its beautiful flower clusters are renewed every year.,[P:164] Everlasting Pea. — Lathyrus Latifolius.,P:164,[P:164] https://archive.org/details/floralemblems00philrich/page/n275/mode/1up,"[P:164] Plate 16, Delicate and Lasting Pleasures, scan n264",yes — no botanical image file acquired in Stage 1,1,1,Conservative Stage 1 identity merge; source wording and provenance retained.,P-011,images/flower-crops/phillips-1825/p-011_everlasting-pea.jpg
S1F-093,False Narcissus,Delusive hope [T:226],"[T:226 | Delusive hope] False narcissus often fails to flower even after careful forcing, so elaborate cultivation may end in disappointed hope (pp. 79–80).","[T:226] Narcissus, False",T:226,[T:226] https://archive.org/details/sentimentofflowe00tyas/page/n339/mode/1up,,yes,1,1,Conservative Stage 1 identity merge; source wording and provenance retained.,,
S1F-094,Field Anemone,Sickness [T:019],[T:019 | Sickness] Tyas records beliefs that field-anemone vapours caused illness and that the first flower of the year could serve as a protective remedy (pp. 254–255).,"[T:019] Anemone, Field",T:019,[T:019] https://archive.org/details/sentimentofflowe00tyas/page/n333/mode/1up,,yes,1,1,Conservative Stage 1 identity merge; source wording and provenance retained.,,
S1F-095,Flax Leaved Goldy Locks,TARDINESS [P:272],[P:272 | TARDINESS] Phillips associates the plant with tardiness because its blossoms remain closed until other flowers have finished their day and become conspicuous only late.,[P:272] Flax-leaved Goldy-locks. — Chrysocoma Linosyris.,P:272,[P:272] https://archive.org/details/floralemblems00philrich/page/n383/mode/1up,,yes — no botanical image file acquired in Stage 1,1,1,Conservative Stage 1 identity merge; source wording and provenance retained.,,
S1F-096,Fly Orchis,ERROR [P:092],[P:092 | ERROR] The fly orchis is treated as though Flora mistakenly sprinkled a stem with flies instead of flowers.,[P:092] Fly Orchis. — Ophrys muscifera.,P:092,[P:092] https://archive.org/details/floralemblems00philrich/page/n203/mode/1up,"[P:092] Plate 14, Folly and Error, scan n196",yes — no botanical image file acquired in Stage 1,1,1,Conservative Stage 1 identity merge; source wording and provenance retained.,P-008,images/flower-crops/phillips-1825/p-008_fly-orchis.jpg
S1F-097,Forget-me-not,Forget-me-not [I:282; P:110; T:225],"[I:282 | Forget-me-not] Source-specific context: Ingram recounts the German Danube legend in which a drowning knight throws the flower to his beloved with a final plea not to forget him, grounding the flower's memorial meaning. (printed pp. 172–176). || [P:110 | FORGET ME NOT] Its celebration in German love songs as Vergiss mich nicht led European sonnet writers to adopt the plant as the emblem 'forget me not.' || [T:225 | Forget-me-not,] The forget-me-not treatment gives the botanical heading *Myosotis scorpioides* and recounts the lovers’ waterside legend used to explain its name (pp. 117–120).","[I:282] Forget-me-not || [P:110] Mouse-ear Scorpion Grass. — Myosotis Palustris. || [T:225] Myosotis, or Mouse Ear",I:282; P:110; T:225,[I:282] https://archive.org/details/florasymbolica00ingr/page/n402/mode/1up || [P:110] https://archive.org/details/floralemblems00philrich/page/n220/mode/1up || [T:225] https://archive.org/details/sentimentofflowe00tyas/page/n339/mode/1up,"[T:225] Plate IV (facing p. 117), shown under plate label “Forget-me-not”",no; yes; yes — no botanical image file acquired in Stage 1,3,3,Conservative Stage 1 identity merge; source wording and provenance retained.,T-006,images/flower-crops/tyas-1869/t-006_forget-me-not.jpg
S1F-098,Foxglove,Insincerity [I:283] || YOUTH [P:309],"[I:283 | Insincerity] Source-specific context: Ingram links Foxglove with insincerity because poison lies within its bright blossom, while tracing finger-and-glove imagery in its names and English poetry. (printed pp. 231–232). || [P:309 | YOUTH] The light down covering the foxglove's stalks led poets to make it an emblem of youth.",[I:283] Foxglove || [P:309] Fox-glove. — Digitalis.,I:283; P:309,[I:283] https://archive.org/details/florasymbolica00ingr/page/n402/mode/1up || [P:309] https://archive.org/details/floralemblems00philrich/page/n428/mode/1up,"[P:309] Plate 11, Youth and Beauty united by the Bonds of Love, scan n137",yes; yes — no botanical image file acquired in Stage 1,2,2,Conservative Stage 1 identity merge; source wording and provenance retained.,P-004,images/flower-crops/phillips-1825/p-004_foxglove.jpg
S1F-099,Fraxinella,Fire [T:129],"[T:129 | Fire] The article describes lemon-like scent and resinous glands on the flower stalks whose vapour can be ignited, grounding the emblem Fire (pp. 111–113).",[T:129] Fraxinella,T:129,[T:129] https://archive.org/details/sentimentofflowe00tyas/page/n336/mode/1up,,yes,1,1,Conservative Stage 1 identity merge; source wording and provenance retained.,,
S1F-100,French Honeysuckle,RUSTIC BEAUTY [P:245],[P:245 | RUSTIC BEAUTY] Phillips compares field flowers and rustic beauty with their loss of effect when removed from their native setting.,[P:245] French Honeysuckle. — Hedysarum cornoarium.,P:245,[P:245] https://archive.org/details/floralemblems00philrich/page/n353/mode/1up,,yes — no botanical image file acquired in Stage 1,1,1,Conservative Stage 1 identity merge; source wording and provenance retained.,,
S1F-101,French Marigold,Jealousy [I:287; I:454; P:158],"[I:287; I:454 | Jealousy] Source-specific context: Ingram presents Marygold as grief, discusses the medieval formation of its name, and explains how combining it with roses, poppies, or cypress changes its floral message. (printed pp. 129–131). || [P:158 | JEALOUSY] Phillips makes colour the rationale for jealousy and supplies French and Shakespearean quotations.","[I:287] French Marygold || [I:454] Marygold, French || [P:158] French Marygold. — Tagetes Patula.",I:287; I:454; P:158,[I:287] https://archive.org/details/florasymbolica00ingr/page/n402/mode/1up || [I:454] https://archive.org/details/florasymbolica00ingr/page/n404/mode/1up || [P:158] https://archive.org/details/floralemblems00philrich/page/n270/mode/1up,,yes; yes — no botanical image file acquired in Stage 1,2,3,Conservative Stage 1 identity merge; source wording and provenance retained.,,
S1F-102,Frog Ophrys,DISGUST [P:079],[P:079 | DISGUST] The flower's supposed resemblance to a frog supplies the emblem of disgust.,[P:079] Frog Ophrys. — Habenaria viridis.,P:079,[P:079] https://archive.org/details/floralemblems00philrich/page/n183/mode/1up,,yes — no botanical image file acquired in Stage 1,1,1,Conservative Stage 1 identity merge; source wording and provenance retained.,,
S1F-103,Fuchsia,Taste [T:131],"[T:131 | Taste] The fuchsia’s hanging crimson flowers, purple or pale-green shading, and golden reproductive parts are praised as an example of cultivated taste (pp. 270–272).",[T:131] Fuchsia,T:131,[T:131] https://archive.org/details/sentimentofflowe00tyas/page/n336/mode/1up,"[T:131] Plate III (facing p. 74), group plate: Tulip / White Lily / Fuchsia",no,1,1,Conservative Stage 1 identity merge; source wording and provenance retained.,T-005,images/flower-crops/tyas-1869/t-005_fuchsia.jpg
S1F-104,Full Blown Eglantine Single Rose,SIMPLICITY [P:254],"[P:254 | SIMPLICITY] The single rose retains natural beauties that the botanist finds lost in highly cultivated double flowers, supporting the emblem of simplicity.","[P:254] A full blown Eglantine, or Single Rose.",P:254,[P:254] https://archive.org/details/floralemblems00philrich/page/n362/mode/1up,,yes — no botanical image file acquired in Stage 1,1,1,Conservative Stage 1 identity merge; source wording and provenance retained.,,
S1F-105,Full Blown Rose,BEAUTY [P:022],[P:022 | BEAUTY] for to thee it is That passion likens woman's loveliness.,[P:022] Full-blown Rose. — Rosa.,P:022,[P:022] https://archive.org/details/floralemblems00philrich/page/n127/mode/1up,"[P:022] Plate 11, Youth and Beauty united by the Bonds of Love, scan n137",yes — no botanical image file acquired in Stage 1,1,1,Conservative Stage 1 identity merge; source wording and provenance retained.,P-002,images/flower-crops/phillips-1825/p-002_full-blown-rose.jpg
S1F-106,Fuller's Teasel,Misanthropy [I:714; P:180; T:318] || AUSTERITY [P:018],"[I:714 | Misanthropy] Source-specific context: Ingram presents Thistle as independence through its Scottish national symbolism, heraldic motto, and traditions concerning its adoption by Scotland. (printed pp. 269–271). || [P:018 | AUSTERITY] This plant is made the emblem of austerity from the extreme roughness of its conical receptacle, which is used to raise the nap upon woollen cloths, and hence its English name. || [P:180 | MISANTHROPY] These unhappy dispositions are represented in floral emblems by the prickly head of the dipsacus, a plant so disagreeable to animals in general, that even the ass refuses it. || [T:318 | Misanthropy] Teasel’s thorny flower heads were used by cloth workers to raise the nap of wool (pp. 199–200).","[I:714] Thistle, Fuller’s || [P:018] Fuller's Teasel. — Dipsacus fullonum. || [P:180] Fullers Teasel. — Dipsacus fullonum. || [T:318] Teasel",I:714; P:018; P:180; T:318,[I:714] https://archive.org/details/florasymbolica00ingr/page/n406/mode/1up || [P:018] https://archive.org/details/floralemblems00philrich/page/n123/mode/1up || [P:180] https://archive.org/details/floralemblems00philrich/page/n291/mode/1up || [T:318] https://archive.org/details/sentimentofflowe00tyas/page/n342/mode/1up,,yes; yes — no botanical image file acquired in Stage 1,3,4,Conservative Stage 1 identity merge; source wording and provenance retained.,,
S1F-107,Garden Anemone,Forsaken [I:34; I:294; T:020],"[I:34; I:294 | Forsaken] Source-specific context: Ingram connects the Anemone with withered hopes and abandonment while reviewing the wind-flower etymology and myths that derive it from a nymph or from Adonis's blood and Venus's tears. (printed pp. 82–85). || [T:020 | Forsaken] Anemone is presented as a nymph loved by Zephyr, banished by jealous Flora, changed into a flower, and then abandoned to harsher winds (pp. 120–123).","[I:34] Anemone, Garden || [I:294] Garden Anemone || [T:020] ——, Garden",I:34; I:294; T:020,[I:34] https://archive.org/details/florasymbolica00ingr/page/n400/mode/1up || [I:294] https://archive.org/details/florasymbolica00ingr/page/n402/mode/1up || [T:020] https://archive.org/details/sentimentofflowe00tyas/page/n333/mode/1up,,yes,2,3,Conservative Stage 1 identity merge; source wording and provenance retained.,,
S1F-108,Garden Daisy,I share your sentiments [I:222] || I partake your sentiments [I:296; T:102],"[I:222; I:296 | I share your sentiments; I partake your sentiments] Source-specific context: Ingram treats Daisy as innocence and explains its exceptional poetic popularity through its persistence, its old name day's-eye, and its Marguerite associations in French courtly symbolism. (printed pp. 266–268). || [T:102 | I partake your sentiments] Cultivation is said to alter the field daisy; preserving the garden form requires yearly root division and transplantation (pp. 144–148).","[I:222] Daisy, Garden || [I:296] Garden Daisy || [T:102] ——, Garden",I:222; I:296; T:102,[I:222] https://archive.org/details/florasymbolica00ingr/page/n402/mode/1up || [I:296] https://archive.org/details/florasymbolica00ingr/page/n402/mode/1up || [T:102] https://archive.org/details/sentimentofflowe00tyas/page/n335/mode/1up,,yes,2,3,Conservative Stage 1 identity merge; source wording and provenance retained.,,
S1F-109,Garden Marigold,Uneasiness [I:297] || UNEASINESS AND JEALOUSY [P:282],"[I:297 | Uneasiness] Source-specific context: Ingram presents Marygold as grief, discusses the medieval formation of its name, and explains how combining it with roses, poppies, or cypress changes its floral message. (printed pp. 129–131). || [P:282 | UNEASINESS AND JEALOUSY] The marigold closes with the setting sun and rises with it; its yellow colour supplies the source's association with jealousy.",[I:297] Garden Marygold || [P:282] Garden Marygold. — Calendula officinalis.,I:297; P:282,[I:297] https://archive.org/details/florasymbolica00ingr/page/n402/mode/1up || [P:282] https://archive.org/details/floralemblems00philrich/page/n397/mode/1up,,yes; yes — no botanical image file acquired in Stage 1,2,2,Conservative Stage 1 identity merge; source wording and provenance retained.,,
S1F-110,Garden Ranunculus,YOU ARE RICH IN ATTRACTIONS [P:302],"[P:302 | YOU ARE RICH IN ATTRACTIONS] Mortimer observes, that ranunculuses excel all flowers in the richness of their colours.",[P:302] Garden Ranunculus.,P:302,[P:302] https://archive.org/details/floralemblems00philrich/page/n421/mode/1up,,yes — no botanical image file acquired in Stage 1,1,1,Conservative Stage 1 identity merge; source wording and provenance retained.,,
S1F-111,Geranium,Deceit [I:303],"[I:303 | Deceit] Source-specific context: Ingram assigns deceit to the Geranium genus while emphasizing that its many varieties carry distinct meanings, and explains the crane's-bill, stork's-bill, and heron's-bill names. (printed pp. 146–147).",[I:303] Geranium,I:303,[I:303] https://archive.org/details/florasymbolica00ingr/page/n402/mode/1up,"[Tyas plate evidence only] Plate II, Geranium, scan n049; generic main entry is omitted from the terminal list",yes,1,1,Conservative Stage 1 identity merge; source wording and provenance retained.,T-018,images/flower-crops/tyas-1869/t-018_geranium.jpg
S1F-112,Geranium Horseshoe Leaf,Stupidity [I:305],"[I:305 | Stupidity] Source-specific context: Ingram assigns deceit to the Geranium genus while emphasizing that its many varieties carry distinct meanings, and explains the crane's-bill, stork's-bill, and heron's-bill names. (printed pp. 146–147).","[I:305] Geranium, Horseshoe-leaf",I:305,[I:305] https://archive.org/details/florasymbolica00ingr/page/n402/mode/1up,,yes,1,1,Conservative Stage 1 identity merge; source wording and provenance retained.,,
S1F-113,Geranium Ivy,Bridal favour [I:306],"[I:306 | Bridal favour] Source-specific context: Ingram assigns deceit to the Geranium genus while emphasizing that its many varieties carry distinct meanings, and explains the crane's-bill, stork's-bill, and heron's-bill names. (printed pp. 146–147).","[I:306] Geranium, Ivy",I:306,[I:306] https://archive.org/details/florasymbolica00ingr/page/n402/mode/1up,,yes,1,1,Conservative Stage 1 identity merge; source wording and provenance retained.,,
S1F-114,Geranium Lemon,Unexpected meeting [I:307],"[I:307 | Unexpected meeting] Source-specific context: Ingram assigns deceit to the Geranium genus while emphasizing that its many varieties carry distinct meanings, and explains the crane's-bill, stork's-bill, and heron's-bill names. (printed pp. 146–147).","[I:307] Geranium, Lemon",I:307,[I:307] https://archive.org/details/florasymbolica00ingr/page/n402/mode/1up,,yes,1,1,Conservative Stage 1 identity merge; source wording and provenance retained.,,
S1F-115,Geranium Nutmeg,Expected meeting [I:308],"[I:308 | Expected meeting] Source-specific context: Ingram assigns deceit to the Geranium genus while emphasizing that its many varieties carry distinct meanings, and explains the crane's-bill, stork's-bill, and heron's-bill names. (printed pp. 146–147).","[I:308] Geranium, Nutmeg",I:308,[I:308] https://archive.org/details/florasymbolica00ingr/page/n402/mode/1up,,yes,1,1,Conservative Stage 1 identity merge; source wording and provenance retained.,,
S1F-116,Geranium Oak Leaved,True friendship [I:309],"[I:309 | True friendship] Source-specific context: Ingram assigns deceit to the Geranium genus while emphasizing that its many varieties carry distinct meanings, and explains the crane's-bill, stork's-bill, and heron's-bill names. (printed pp. 146–147).","[I:309] Geranium, Oak-leaved",I:309,[I:309] https://archive.org/details/florasymbolica00ingr/page/n402/mode/1up,,yes,1,1,Conservative Stage 1 identity merge; source wording and provenance retained.,,
S1F-117,Geranium Pencilled,Ingenuity [I:310],"[I:310 | Ingenuity] Source-specific context: Ingram assigns deceit to the Geranium genus while emphasizing that its many varieties carry distinct meanings, and explains the crane's-bill, stork's-bill, and heron's-bill names. (printed pp. 146–147).","[I:310] Geranium, Pencilled",I:310,[I:310] https://archive.org/details/florasymbolica00ingr/page/n403/mode/1up,,yes,1,1,Conservative Stage 1 identity merge; source wording and provenance retained.,,
S1F-118,Geranium Silver Leavd,Recall [I:313],"[I:313 | Recall] Source-specific context: Ingram assigns deceit to the Geranium genus while emphasizing that its many varieties carry distinct meanings, and explains the crane's-bill, stork's-bill, and heron's-bill names. (printed pp. 146–147).","[I:313] Geranium, Silver-leavd.",I:313,[I:313] https://archive.org/details/florasymbolica00ingr/page/n403/mode/1up,,yes,1,1,Conservative Stage 1 identity merge; source wording and provenance retained.,,
S1F-119,German Iris,Flame [I:374],"[I:374 | Flame] Source-specific context: Ingram presents Iris as a message because its varied colours recall the rainbow and the divine messenger Iris, then surveys several showy forms and their practical uses. (printed pp. 254–255).","[I:374] Iris, German",I:374,[I:374] https://archive.org/details/florasymbolica00ingr/page/n403/mode/1up,,yes,1,1,Conservative Stage 1 identity merge; source wording and provenance retained.,,
S1F-120,Germander Speedwell,Facility [I:302; I:674],[I:302; I:674 | Facility] Source-specific context: Ingram links Speedwell with fidelity and derives Veronica from the medieval legend of Saint Veronica's cloth bearing the true image of Christ's face. (printed pp. 249–250).,"[I:302] Germander Speedwell || [I:674] Speedwell, Germander",I:302; I:674,[I:302] https://archive.org/details/florasymbolica00ingr/page/n402/mode/1up || [I:674] https://archive.org/details/florasymbolica00ingr/page/n406/mode/1up,,yes,1,2,Conservative Stage 1 identity merge; source wording and provenance retained.,,
S1F-121,Goat S Rue,REASON [P:229],"[P:229 | REASON] Dim, as the borrowed beams of moon and stars.",[P:229] Goat's Rue. — Galega officinalis.,P:229,[P:229] https://archive.org/details/floralemblems00philrich/page/n339/mode/1up,,yes — no botanical image file acquired in Stage 1,1,1,Conservative Stage 1 identity merge; source wording and provenance retained.,,
S1F-122,Golden Rod,PRECAUTION [P:213],"[P:213 | PRECAUTION] This flower is presented as the emblem of precaution, nature having so carefully enveloped these little florets in a silky down, as to shield their nectar from the ravages of the bee.",[P:213] Golden Rod. — Solidago.,P:213,[P:213] https://archive.org/details/floralemblems00philrich/page/n320/mode/1up,,yes — no botanical image file acquired in Stage 1,1,1,Conservative Stage 1 identity merge; source wording and provenance retained.,,
S1F-123,Great Bindweed,DANGEROUS INSINUATION [P:061],"[P:061 | DANGEROUS INSINUATION] Phillips makes bindweed an emblem of dangerous insinuation because its attractive, entwining growth is difficult to eradicate once admitted to a garden and can destroy neighbouring plants.",[P:061] Great Bindweed. — Convolvulus Sepium.,P:061,[P:061] https://archive.org/details/floralemblems00philrich/page/n168/mode/1up,,yes — no botanical image file acquired in Stage 1,1,1,Conservative Stage 1 identity merge; source wording and provenance retained.,,
S1F-124,Great Flowered Evening Primrose,INCONSTANCY [P:145],"[P:145 | INCONSTANCY] This flower, that shuns the day as if it could not face the truth, is made the emblem of inconstancy.",[P:145] Great-flowered Evening Primrose. — Œnothera grandiflora.,P:145,[P:145] https://archive.org/details/floralemblems00philrich/page/n253/mode/1up,,yes — no botanical image file acquired in Stage 1,1,1,Conservative Stage 1 identity merge; source wording and provenance retained.,,
S1F-125,Guelder Rose,Winter. Age [I:616] || WINTER OF AGE [P:298],"[I:616 | Winter. Age] Source-specific context: Ingram presents Rose as the universal emblem of love and builds an extensive literary, historical, religious, and mythological survey around its beauty, fragrance, colours, and varieties. (printed pp. 23–48). || [P:298 | WINTER OF AGE] The guelder-rose's cold-coloured, sterile flower represents the age that banishes gaiety and warm desire.","[I:616] Rose, Guelder || [P:298] Guelder-rose. — Viburnum opulus.",I:616; P:298,[I:616] https://archive.org/details/florasymbolica00ingr/page/n405/mode/1up || [P:298] https://archive.org/details/floralemblems00philrich/page/n418/mode/1up,,yes; yes — no botanical image file acquired in Stage 1,2,2,Conservative Stage 1 identity merge; source wording and provenance retained.,,
S1F-126,Hawkweed,QUICK-SIGHTEDNESS [P:227],"[P:227 | QUICK-SIGHTEDNESS] Hawkweed was formerly given to hawks in the belief that it sharpened their sight, a tradition also used to explain its name.",[P:227] Hawkweed. — Hieracium.,P:227,[P:227] https://archive.org/details/floralemblems00philrich/page/n337/mode/1up,,yes — no botanical image file acquired in Stage 1,1,1,Conservative Stage 1 identity merge; source wording and provenance retained.,,
S1F-127,Helenium,TEARS [P:274],"[P:274 | TEARS] In thee the rays of virtue shine ; More calmly clear, more mildly bright.",[P:274] Helenium. — Helenium.,P:274,[P:274] https://archive.org/details/floralemblems00philrich/page/n385/mode/1up,,yes — no botanical image file acquired in Stage 1,1,1,Conservative Stage 1 identity merge; source wording and provenance retained.,,
S1F-128,Heliotrope,"Devotion or, I turn to thee [I:334]","[I:334 | Devotion or, I turn to thee] Source-specific context: Ingram links Heliotrope with devoted attachment through the belief that it turns toward the sun and the myth of Clytie's unchanging love for Apollo. (printed pp. 112–113).",[I:334] Heliotrope,I:334,[I:334] https://archive.org/details/florasymbolica00ingr/page/n403/mode/1up,,yes,1,1,Conservative Stage 1 identity merge; source wording and provenance retained.,,
S1F-129,Hepatica (Noble Liverwort),CONFIDENCE [P:048; T:147],"[P:048 | CONFIDENCE] Where frosts have whiten'd all the naked groves. || [T:147 | Confidence] The three-lobed leaves are compared with the liver, while the early flowers signal that sowing can begin confidently (pp. 64–65).","[P:048] Hepatica, or Noble Liver Wort. — Anemone Hepatica. || [T:147] Hepatica, or Noble Liverwort",P:048; T:147,[P:048] https://archive.org/details/floralemblems00philrich/page/n153/mode/1up || [T:147] https://archive.org/details/sentimentofflowe00tyas/page/n337/mode/1up,,yes; yes — no botanical image file acquired in Stage 1,2,2,Conservative Stage 1 identity merge; source wording and provenance retained.,,
S1F-130,Hollyhock,Ambition. Fecundity [I:344] || FECUNDITY [P:099] || Fruitfulness [T:149],"[I:344 | Ambition. Fecundity] Source-specific context: Ingram links the tall Hollyhock with ambition, discusses traditions of its introduction from Syria or China, and notes its use as a flowering boundary and late source of bee forage. (printed pp. 213–214). || [P:099 | FECUNDITY] From the nectaries of hollyhocks The humble bee, e'en till he faints, will sip. || [T:149 | Fruitfulness] Accounts link hollyhock to China or Syria and the Crusades, while its prolific flowers explain fruitfulness (pp. 124–125).",[I:344] Hollyhock || [P:099] Hollyhock. — Alcea Rosea. || [T:149] Hollyhock,I:344; P:099; T:149,[I:344] https://archive.org/details/florasymbolica00ingr/page/n403/mode/1up || [P:099] https://archive.org/details/floralemblems00philrich/page/n210/mode/1up || [T:149] https://archive.org/details/sentimentofflowe00tyas/page/n337/mode/1up,,yes; yes — no botanical image file acquired in Stage 1,3,3,Conservative Stage 1 identity merge; source wording and provenance retained.,,
S1F-131,Honesty,HONESTY [P:132],"[P:132 | HONESTY] This pretty flower owes its valuable name to the nature of its singular seed vessel, that honestly shews its number of seeds.",[P:132] Honesty. — Lunaria.,P:132,[P:132] https://archive.org/details/floralemblems00philrich/page/n237/mode/1up,,yes — no botanical image file acquired in Stage 1,1,1,Conservative Stage 1 identity merge; source wording and provenance retained.,,
S1F-132,Honeysuckle,BOND OF LOVE [P:032] || Bonds of love [T:151],"[P:032 | BOND OF LOVE] So doth the woodbine, the sweet honeysuckle Gently entwine. || [T:151 | Bonds of love] Honeysuckle winding its flexible branches around an old oak becomes the article’s image for enduring bonds of love (pp. 57–59).",[P:032] Honeysuckle or Woodbine. — Lonicera. || [T:151] Honeysuckle,P:032; T:151,[P:032] https://archive.org/details/floralemblems00philrich/page/n140/mode/1up || [T:151] https://archive.org/details/sentimentofflowe00tyas/page/n337/mode/1up,"[P:032] Plate 11, Youth and Beauty united by the Bonds of Love, scan n137",yes; yes — no botanical image file acquired in Stage 1,2,2,Conservative Stage 1 identity merge; source wording and provenance retained.,P-003,images/flower-crops/phillips-1825/p-003_honeysuckle.jpg
S1F-133,Hoya,SCULPTURE [P:246],[P:246 | SCULPTURE] The author assigns sculptors a floral ensign and chooses an Asian flower because Asia is presented as the region where the arts first arose.,[P:246] Hoya. — Hoya carnosa.,P:246,[P:246] https://archive.org/details/floralemblems00philrich/page/n354/mode/1up,,yes — no botanical image file acquired in Stage 1,1,1,Conservative Stage 1 identity merge; source wording and provenance retained.,,
S1F-134,Hundred Leaved Rose,Pride [I:617] || GRACE [P:125] || Graces [T:284],"[I:617 | Pride] Source-specific context: Ingram presents Rose as the universal emblem of love and builds an extensive literary, historical, religious, and mythological survey around its beauty, fragrance, colours, and varieties. (printed pp. 23–48). || [P:125 | GRACE] This is the rose with which painters choose to represent Love and Hymen ; but, why it is selected from amongst the roses as the emblem of Grace we know not, since the regularity by which its petals are placed, renders it less graceful than several other roses. || [T:284 | Graces] Pliny’s hundred-leaved rose is described as deep crimson, highly doubled, and comparatively weak in perfume (pp. 133–134).","[I:617] Rose, Hundred-leaved || [P:125] Hundred-leaved Rose. — Rosa centifolia. || [T:284] ——, Hundred-leaved",I:617; P:125; T:284,[I:617] https://archive.org/details/florasymbolica00ingr/page/n405/mode/1up || [P:125] https://archive.org/details/floralemblems00philrich/page/n230/mode/1up || [T:284] https://archive.org/details/sentimentofflowe00tyas/page/n341/mode/1up,,yes; yes — no botanical image file acquired in Stage 1,3,3,Conservative Stage 1 identity merge; source wording and provenance retained.,,
S1F-135,Hyacinth,"Sport. Game. Play [I:360] || PLAY, OR GAMES [P:208] || Game. Play [T:159]","[I:360 | Sport. Game. Play] Source-specific context: Ingram connects Hyacinth with game or play through the myth in which Hyacinthus dies during a discus game and Apollo causes the flower to spring from his blood. (printed pp. 126–128). || [P:208 | PLAY, OR GAMES] The hyacinth, so celebrated by the poets from the time of Homer to the present day, is made the emblem of play, or games, in allusion to the fable which tells us, that this flower sprang from the blood of young Hyacinthus, the favourite of Apollo. || [T:159 | Game. Play] Hyacinth springs from Hyacinthus’s blood after Zephyr diverts Apollo’s quoit and kills the youth during play (pp. 125–128).",[I:360] Hyacinth || [P:208] Hyacinth. — Hyacinthus. || [T:159] Hyacinth,I:360; P:208; T:159,[I:360] https://archive.org/details/florasymbolica00ingr/page/n403/mode/1up || [P:208] https://archive.org/details/floralemblems00philrich/page/n315/mode/1up || [T:159] https://archive.org/details/sentimentofflowe00tyas/page/n337/mode/1up,,yes; yes — no botanical image file acquired in Stage 1,3,3,Conservative Stage 1 identity merge; source wording and provenance retained.,,
S1F-136,Hydrangea,BOASTER [P:030] || You are cold [T:155],"[P:030 | BOASTER] This Chinese Guelder rose is presented as the emblem of a boaster, because its magnificent flowers are never succeeded by fruit, thus resembling the vaunting words of a braggadocio, which are not followed by suitable results. || [T:155 | You are cold] The hydrangea’s white, purple, and violet clusters are described as brilliant but cold, stately, and quick to fade (pp. 292–293).",[P:030] Hydrangea. — Hydrangea Hortensis. || [T:155] Hortensia,P:030; T:155,[P:030] https://archive.org/details/floralemblems00philrich/page/n134/mode/1up || [T:155] https://archive.org/details/sentimentofflowe00tyas/page/n337/mode/1up,,yes; yes — no botanical image file acquired in Stage 1,2,2,Conservative Stage 1 identity merge; source wording and provenance retained.,,
S1F-137,Indian Double Pink,Always lovely [I:553],"[I:553 | Always lovely] Source-specific context: Ingram links Pink with pure love, explains its classical names as the divine or Jove's flower, and distinguishes smaller pinks and gillyflowers from larger carnations. (printed pp. 142–143).","[I:553] Pink, Indian, Double",I:553,[I:553] https://archive.org/details/florasymbolica00ingr/page/n405/mode/1up,,yes,1,1,Conservative Stage 1 identity merge; source wording and provenance retained.,,
S1F-138,Indian Single Pink,Aversion [I:554],"[I:554 | Aversion] Source-specific context: Ingram links Pink with pure love, explains its classical names as the divine or Jove's flower, and distinguishes smaller pinks and gillyflowers from larger carnations. (printed pp. 142–143).","[I:554] Pink, Indian, Single",I:554,[I:554] https://archive.org/details/florasymbolica00ingr/page/n405/mode/1up,,yes,1,1,Conservative Stage 1 identity merge; source wording and provenance retained.,,
S1F-139,Iris,"Message [I:373; T:165] || ELOQUENCE [P:089] || MESSAGE, OR MESSENGER [P:178]","[I:373 | Message] Source-specific context: Ingram presents Iris as a message because its varied colours recall the rainbow and the divine messenger Iris, then surveys several showy forms and their practical uses. (printed pp. 254–255). || [P:089 | ELOQUENCE] The iris's harmonized colours are compared with fine oratory, explaining its ancient use as an emblem of eloquence. || [P:178 | MESSAGE, OR MESSENGER] This flower, which the poets have chosen as the emblem of the messenger of the gods, takes its name from the celestial bow, on account of its various colours. || [T:165 | Message] Iris is named for Juno’s messenger and visually connected with the rainbow colours assigned to that divine attendant (pp. 197–198).",[I:373] Iris || [P:089] Iris or Flag-flower. — Iris. || [P:178] Iris. — Iris. || [T:165] Iris,I:373; P:089; P:178; T:165,[I:373] https://archive.org/details/florasymbolica00ingr/page/n403/mode/1up || [P:089] https://archive.org/details/floralemblems00philrich/page/n201/mode/1up || [P:178] https://archive.org/details/floralemblems00philrich/page/n289/mode/1up || [T:165] https://archive.org/details/sentimentofflowe00tyas/page/n337/mode/1up,,yes; yes — no botanical image file acquired in Stage 1,3,4,Conservative Stage 1 identity merge; source wording and provenance retained.,,
S1F-140,Jasmine,Amiability [I:380; T:169],"[I:380 | Amiability] Source-specific context: Ingram favors amiability among Jasmine's many meanings, then distinguishes several fragrant varieties and recounts the plant's introduction and literary reputation. (printed pp. 68–71). || [T:169 | Amiability] Tyas notes jasmine’s inability to ripen seed locally and explains propagation by layering branches or taking cuttings (pp. 34–37).","[I:380] Jasmine || [T:169] Jessamine, or Jasmine",I:380; T:169,[I:380] https://archive.org/details/florasymbolica00ingr/page/n403/mode/1up || [T:169] https://archive.org/details/sentimentofflowe00tyas/page/n338/mode/1up,"[I:380] JASMINE AND STRAWBERRY BLOSSOM — colour plate, IA n88 (between pp. 68–69) || [T:169] Plate V (facing p. 186), probable mapping to plate label “White Jasmine”; list heading does not specify colour",no; uncertain,2,2,Conservative Stage 1 identity merge; source wording and provenance retained.,I-003; T-010,images/flower-crops/ingram-1869/i-003_jasmine.jpg; images/flower-crops/tyas-1869/t-010_white-jasmine.jpg
S1F-141,Jonquil,Desire [T:170],[T:170 | Desire] Jonquil is distinguished by rush-like foliage and a fragrance strong enough to overwhelm a moderate-sized room (pp. 80–81).,[T:170] Jonquil,T:170,[T:170] https://archive.org/details/sentimentofflowe00tyas/page/n338/mode/1up,"[Phillips plate evidence only] Plate 13, Desire, scan n185; P1825-072 remains excluded for insufficient narrative",yes,1,1,Conservative Stage 1 identity merge; source wording and provenance retained.,P-021,images/flower-crops/phillips-1825/p-021_jonquil.jpg
S1F-142,Kingcup Buttercup,Ingratitude. Childishness [I:107],[I:107 | Ingratitude. Childishness] Source-specific context: Ingram connects Buttercups with riches through their golden fields and with memories of childhood through familiar games that treat the flower as an oracle of wealth or affection. (printed pp. 105–106).,[I:107] Buttercup (Kingcup),I:107,[I:107] https://archive.org/details/florasymbolica00ingr/page/n401/mode/1up,,yes,1,1,Conservative Stage 1 identity merge; source wording and provenance retained.,,
S1F-143,Larkspur,"LIGHTNESS, LEVITY, FICKLENESS [P:166]","[P:166 | LIGHTNESS, LEVITY, FICKLENESS] The graceful airiness of this elegant flower, which varies so much both in shape and colour, is made emblematical as above.",[P:166] Larkspur. — Delphinium Ajacis.,P:166,[P:166] https://archive.org/details/floralemblems00philrich/page/n277/mode/1up,,yes — no botanical image file acquired in Stage 1,1,1,Conservative Stage 1 identity merge; source wording and provenance retained.,,
S1F-144,Laurel Leaved Magnolia,Dignity [I:406; P:077],"[I:406 | Dignity] Source-specific context: Ingram presents Magnolia as magnificence, records its naming for Pierre Magnol and North American origin, and recounts the recovery of a long-neglected specimen near Nantes. (printed pp. 116–117). || [P:077 | DIGNITY] The grandeur of this flower is appropriate to the elevated station which it takes in the vegetable kingdom, for in its native soil it advances itself above the forest trees, displaying its dignity, and dispensing its fragrance throughout the woods of Florida.",[I:406] Laurel-leavd. Magnolia || [P:077] Laurel-leaved Magnolia. — Magnolia grandiflora.,I:406; P:077,[I:406] https://archive.org/details/florasymbolica00ingr/page/n403/mode/1up || [P:077] https://archive.org/details/floralemblems00philrich/page/n181/mode/1up,,yes; yes — no botanical image file acquired in Stage 1,2,2,Conservative Stage 1 identity merge; source wording and provenance retained.,,
S1F-145,Lavender,ASSIDUITY [P:014],"[P:014 | ASSIDUITY] And lavender, whose spikes of azure bloom Shall be erewhile in arid bundles bound.",[P:014] Lavender. — Lavendula Spica.,P:014,[P:014] https://archive.org/details/floralemblems00philrich/page/n120/mode/1up,,yes — no botanical image file acquired in Stage 1,1,1,Conservative Stage 1 identity merge; source wording and provenance retained.,,
S1F-146,Lemon Blossoms,Fidelity in love [I:411],"[I:411 | Fidelity in love] Source-specific context: Ingram presents Lemon as zest, identifies it with the ancient Median apple or citron, and recounts classical claims about its medicinal and antidotal virtues. (printed pp. 302–303).",[I:411] Lemon Blossoms,I:411,[I:411] https://archive.org/details/florasymbolica00ingr/page/n403/mode/1up,,yes,1,1,Conservative Stage 1 identity merge; source wording and provenance retained.,,
S1F-147,Lilac,FORSAKEN [P:111] || First emotion of love [T:181],"[P:111 | FORSAKEN] Phillips says eastern lovers offer lilac to their mistresses when abandoning them, explaining the emblem of the forsaken. || [T:181 | First emotion of love] Tyas links lilac with love’s first emotion through its return in spring, fresh foliage, flexible branches, abundant short-lived flowers, and delicate colours (pp. 111–113).",[P:111] Lilac. — Syringa. || [T:181] Lilac,P:111; T:181,[P:111] https://archive.org/details/floralemblems00philrich/page/n221/mode/1up || [T:181] https://archive.org/details/sentimentofflowe00tyas/page/n338/mode/1up,,yes; yes — no botanical image file acquired in Stage 1,2,2,Conservative Stage 1 identity merge; source wording and provenance retained.,,
S1F-148,Lilac Field,Humility [I:415],[I:415 | Humility] Source-specific context: Ingram links Lilac with love's first emotions through its early fragrant bloom and recounts a tradition that a celebrated flower painter despaired of reproducing its harmonious colours. (printed pp. 114–115).,"[I:415] Lilac, Field",I:415,[I:415] https://archive.org/details/florasymbolica00ingr/page/n403/mode/1up,,yes,1,1,Conservative Stage 1 identity merge; source wording and provenance retained.,,
S1F-149,Lilac Polyanthus,Confidence [I:568],[I:568 | Confidence] Source-specific context: Ingram links Lilac with love's first emotions through its early fragrant bloom and recounts a tradition that a celebrated flower painter despaired of reproducing its harmonious colours. (printed pp. 114–115).,"[I:568] Polyanthus, Lilac",I:568,[I:568] https://archive.org/details/florasymbolica00ingr/page/n405/mode/1up,,yes,1,1,Conservative Stage 1 identity merge; source wording and provenance retained.,,
S1F-150,Lilac Sultan,I forgive you [I:692],[I:692 | I forgive you] Source-specific context: Ingram links Lilac with love's first emotions through its early fragrant bloom and recounts a tradition that a celebrated flower painter despaired of reproducing its harmonious colours. (printed pp. 114–115).,"[I:692] Sultan, Lilac",I:692,[I:692] https://archive.org/details/florasymbolica00ingr/page/n406/mode/1up,,yes,1,1,Conservative Stage 1 identity merge; source wording and provenance retained.,,
S1F-151,Lily Day,Coquetry [I:418],"[I:418 | Coquetry] Source-specific context: Ingram presents Lily as majesty through its dedication to Juno, biblical esteem, and temple ornament, while noting that individual lily varieties carry separate meanings. (printed pp. 272–275).","[I:418] Lily, Day",I:418,[I:418] https://archive.org/details/florasymbolica00ingr/page/n403/mode/1up,,yes,1,1,Conservative Stage 1 identity merge; source wording and provenance retained.,,
S1F-152,Lily Imperial,Majesty [I:419],"[I:419 | Majesty] Source-specific context: Ingram presents Lily as majesty through its dedication to Juno, biblical esteem, and temple ornament, while noting that individual lily varieties carry separate meanings. (printed pp. 272–275).","[I:419] Lily, Imperial",I:419,[I:419] https://archive.org/details/florasymbolica00ingr/page/n403/mode/1up,,yes,1,1,Conservative Stage 1 identity merge; source wording and provenance retained.,,
S1F-153,Lily Of The Valley,Return of happiness. Unconscious sweetness [I:422] || RETURN OF HAPPINESS [P:240; T:184],"[I:422 | Return of happiness. Unconscious sweetness] Source-specific context: Ingram links Lily of the Valley with the return of happiness through its spring appearance and records names such as May Lily and Ladder to Heaven. (printed pp. 286–287). || [P:240 | RETURN OF HAPPINESS] In sweet seclusion seems to shrink from view, — You of the valley nam'd, no longer hide Your blossoms meet to twine the brow of purest bride. || [T:184 | Return of happiness] The lily of the valley is placed in shaded valleys, oak woods, and cool stream banks; its early-May return and perfume are made signs of renewed happiness (pp. 241–243).",[I:422] Lily of the Valley || [P:240] Lily of the Valley. — Convallaria majalis. || [T:184] ——of the Valley,I:422; P:240; T:184,[I:422] https://archive.org/details/florasymbolica00ingr/page/n404/mode/1up || [P:240] https://archive.org/details/floralemblems00philrich/page/n349/mode/1up || [T:184] https://archive.org/details/sentimentofflowe00tyas/page/n338/mode/1up,"[I:422] LILY OF THE VALLEY — colour plate, IA n324 (between pp. 286–287)",no; yes; yes — no botanical image file acquired in Stage 1,3,3,Conservative Stage 1 identity merge; source wording and provenance retained.,I-006,images/flower-crops/ingram-1869/i-006_lily-of-the-valley.jpg
S1F-154,London Pride,A LOVE MATCH [P:169] || Frivolity [T:186],"[P:169 | A LOVE MATCH] This pretty little flower, which the French call amourette, is made the emblem of those love affairs which generally meet with the most opposition. || [T:186 | Frivolity] The delicately spotted petals explain the name none-so-pretty, although the assigned floral message remains frivolous (pp. 123–124).","[P:169] London-pride, or None-so-pretty. — Saxifraga Umbrosa. || [T:186] London Pride",P:169; T:186,[P:169] https://archive.org/details/floralemblems00philrich/page/n280/mode/1up || [T:186] https://archive.org/details/sentimentofflowe00tyas/page/n338/mode/1up,,yes; yes — no botanical image file acquired in Stage 1,2,2,Conservative Stage 1 identity merge; source wording and provenance retained.,,
S1F-155,Lotus,Eloquence [I:433] || Estranged love [I:434],"[I:433; I:434 | Eloquence; Estranged love] Source-specific context: Ingram links Lotus with eloquence through Egyptian dedication to the sun, while surveying its sacred and architectural symbolism in Egypt, India, China, Tibet, and Nepal. (printed pp. 215–219).",[I:433] Lotus || [I:434] Lotus Flower,I:433; I:434,[I:433] https://archive.org/details/florasymbolica00ingr/page/n404/mode/1up || [I:434] https://archive.org/details/florasymbolica00ingr/page/n404/mode/1up,,yes,1,2,Conservative Stage 1 identity merge; source wording and provenance retained.,,
S1F-156,Lotus Leaf,Recantation [I:435],"[I:435 | Recantation] Source-specific context: Ingram links Lotus with eloquence through Egyptian dedication to the sun, while surveying its sacred and architectural symbolism in Egypt, India, China, Tibet, and Nepal. (printed pp. 215–219).",[I:435] Lotus Leaf,I:435,[I:435] https://archive.org/details/florasymbolica00ingr/page/n404/mode/1up,,yes,1,1,Conservative Stage 1 identity merge; source wording and provenance retained.,,
S1F-157,Love In A Puzzle,EMBARRASSMENT [P:090],"[P:090 | EMBARRASSMENT] The flowers sit within a defensive-looking tangle of foliage, prompting the emblem of embarrassment.",[P:090] Love in a puzzle. — Nigella Damascena.,P:090,[P:090] https://archive.org/details/floralemblems00philrich/page/n201/mode/1up,,yes — no botanical image file acquired in Stage 1,1,1,Conservative Stage 1 identity merge; source wording and provenance retained.,,
S1F-158,Lupin,VORACIOUSNESS [P:293],[P:293 | VORACIOUSNESS] Phillips derives Lupinus from lupus and narrates the plant’s supposed voracious depletion of soil.,[P:293] Lupin. — Lupinus.,P:293,[P:293] https://archive.org/details/floralemblems00philrich/page/n414/mode/1up,,yes — no botanical image file acquired in Stage 1,1,1,Conservative Stage 1 identity merge; source wording and provenance retained.,,
S1F-159,Lychnis,RELIGIOUS ENTHUSIASM [P:232],[P:232 | RELIGIOUS ENTHUSIASM] Phillips notes Jerusalem-cross names for lychnis across several European languages and links its reputed introduction by crusaders with religious enthusiasm.,[P:232] Lychnis. — Lychnis.,P:232,[P:232] https://archive.org/details/floralemblems00philrich/page/n342/mode/1up,,yes — no botanical image file acquired in Stage 1,1,1,Conservative Stage 1 identity merge; source wording and provenance retained.,,
S1F-160,Magnolia,Love of nature. Magnificence [I:441],"[I:441 | Love of nature. Magnificence] Source-specific context: Ingram presents Magnolia as magnificence, records its naming for Pierre Magnol and North American origin, and recounts the recovery of a long-neglected specimen near Nantes. (printed pp. 116–117).",[I:441] Magnolia,I:441,[I:441] https://archive.org/details/florasymbolica00ingr/page/n404/mode/1up,,yes,1,1,Conservative Stage 1 identity merge; source wording and provenance retained.,,
S1F-161,Mallow,"SWEET, OR MILD DISPOSITION [P:270] || Mild or sweet disposition [T:191]","[P:270 | SWEET, OR MILD DISPOSITION] The mild and healing properties of this plant have caused it to be made the symbol of this amiable quality. || [T:191 | Mild or sweet disposition] Mallow is cited as food for desert nomads and as something Greeks, Romans, and Chinese also ate (pp. 198–199).",[P:270] Mallow. — Malva. || [T:191] Mallow,P:270; T:191,[P:270] https://archive.org/details/floralemblems00philrich/page/n381/mode/1up || [T:191] https://archive.org/details/sentimentofflowe00tyas/page/n338/mode/1up,,yes; yes — no botanical image file acquired in Stage 1,2,2,Conservative Stage 1 identity merge; source wording and provenance retained.,,
S1F-162,Marigold,Grief [I:452] || DESPAIR [P:074] || Inquietude [T:198],"[I:452 | Grief] Source-specific context: Ingram presents Marygold as grief, discusses the medieval formation of its name, and explains how combining it with roses, poppies, or cypress changes its floral message. (printed pp. 129–131). || [P:074 | DESPAIR] The petals of this flower were formerly in high repute, as a cordial medicine for raising the spirits and lessening the too violent palpitation of the heart ; and being given to those in despair it became the emblem of that malady. || [T:198 | Inquietude] Marigold follows the sun, closes at night, and becomes an image of restless grief rather than settled sorrow (pp. 174–176).",[I:452] Marygold || [P:074] Marygold. — Calendula Officinalis. || [T:198] Marigold,I:452; P:074; T:198,[I:452] https://archive.org/details/florasymbolica00ingr/page/n404/mode/1up || [P:074] https://archive.org/details/floralemblems00philrich/page/n178/mode/1up || [T:198] https://archive.org/details/sentimentofflowe00tyas/page/n338/mode/1up,,yes; yes — no botanical image file acquired in Stage 1,3,3,Conservative Stage 1 identity merge; source wording and provenance retained.,,
S1F-163,Marsh Mallow,HUMANITY [P:136],"[P:136 | HUMANITY] This plant, so celebrated for relieving the wounds of our ancestors, and decorating their graves, is also made the emblem of a sweet or mild disposition.",[P:136] Marsh-mallow. — Althæa officinalis.,P:136,[P:136] https://archive.org/details/floralemblems00philrich/page/n244/mode/1up,,yes — no botanical image file acquired in Stage 1,1,1,Conservative Stage 1 identity merge; source wording and provenance retained.,,
S1F-164,Marvel Of Peru,Timidity [I:458; P:278; T:196],"[I:458 | Timidity] Source-specific context: Ingram presents Marvel of Peru as timidity or bashful love, emphasizing its many flower colours and its nocturnal habit of opening when most other plants sleep. (printed pp. 197–199). || [P:278 | TIMIDITY] This Belle de nuit is made the emblem of timidity, because it cannot endure the gaze of Sol, which enlivens and expands most other flowers. || [T:196 | Timidity] The French name belle-de-nuit and the timidity emblem are explained through flowers that open at night (pp. 273–274).",[I:458] Marvel of Peru || [P:278] Marvel of Peru. — Mirabilis. || [T:196] Marvel of Peru,I:458; P:278; T:196,[I:458] https://archive.org/details/florasymbolica00ingr/page/n404/mode/1up || [P:278] https://archive.org/details/floralemblems00philrich/page/n393/mode/1up || [T:196] https://archive.org/details/sentimentofflowe00tyas/page/n338/mode/1up,,yes; yes — no botanical image file acquired in Stage 1,3,3,Conservative Stage 1 identity merge; source wording and provenance retained.,,
S1F-165,Marygold Prophetic,Prediction [I:455],"[I:455 | Prediction] Source-specific context: Ingram presents Marygold as grief, discusses the medieval formation of its name, and explains how combining it with roses, poppies, or cypress changes its floral message. (printed pp. 129–131).","[I:455] Marygold, Prophetic",I:455,[I:455] https://archive.org/details/florasymbolica00ingr/page/n404/mode/1up,,yes,1,1,Conservative Stage 1 identity merge; source wording and provenance retained.,,
S1F-166,May Rose,PRECOCITY [P:214],"[P:214 | PRECOCITY] This early, aromatic rose usually displays its beauty and scent when the nightingale begins to sing.",[P:214] May Rose. — Rosa cinnamoma.,P:214,[P:214] https://archive.org/details/floralemblems00philrich/page/n320/mode/1up,,yes — no botanical image file acquired in Stage 1,1,1,Conservative Stage 1 identity merge; source wording and provenance retained.,,
S1F-167,Meadow Saffron,MY BEST DAYS ARE PAST [P:185; T:200],"[P:185 | MY BEST DAYS ARE PAST] This autumnal flower announces the loss of fine days and the approach of a cheerless season, unlike the hopeful crocus. || [T:200 | My best days are past] The autumnal flower is contrasted with spring saffron because it announces summer’s end; Tyas also records a Colchis-and-Medea origin legend and Swiss protective use (pp. 205–207).","[P:185] Colchicum, or Meadow-saffron. — Colchicum Autumnale. || [T:200] Meadow Saffron",P:185; T:200,[P:185] https://archive.org/details/floralemblems00philrich/page/n295/mode/1up || [T:200] https://archive.org/details/sentimentofflowe00tyas/page/n339/mode/1up,,yes; yes — no botanical image file acquired in Stage 1,2,2,Conservative Stage 1 identity merge; source wording and provenance retained.,,
S1F-168,Meadow Sweet,Uselessness [T:201],[T:201 | Uselessness] Tyas reports the French name Reine des prés and says herbalists had found no medicinal property in the plant (pp. 281–282).,[T:201] Meadow Sweet,T:201,[T:201] https://archive.org/details/sentimentofflowe00tyas/page/n339/mode/1up,,yes,1,1,Conservative Stage 1 identity merge; source wording and provenance retained.,,
S1F-169,Michaelmas Daisy,"Farewell, or Afterthought [I:223] || After-thought [I:465] || CHEERFULNESS IN OLD AGE [P:042] || Afterthought [T:203]","[I:223; I:465 | Farewell, or Afterthought; After-thought] Source-specific context: Ingram treats Daisy as innocence and explains its exceptional poetic popularity through its persistence, its old name day's-eye, and its Marguerite associations in French courtly symbolism. (printed pp. 266–268). || [P:042 | CHEERFULNESS IN OLD AGE] We present these flowers as the happy emblem of cheerfulness in old age, since, like that blessing, it lengthens the summer of our days, and contributes towards the enlivening of all who compose its circle. || [T:203 | Afterthought] The late flowers brighten gardens as the floral season closes and are called Flora’s “after-thought” (pp. 32–33).","[I:223] Daisy, Michaelmas || [I:465] Michaelmas Daisy || [P:042] Michaelmas Daisy. — Aster Tradescanti. || [T:203] Michaelmas Daisy",I:223; I:465; P:042; T:203,[I:223] https://archive.org/details/florasymbolica00ingr/page/n402/mode/1up || [I:465] https://archive.org/details/florasymbolica00ingr/page/n404/mode/1up || [P:042] https://archive.org/details/floralemblems00philrich/page/n147/mode/1up || [T:203] https://archive.org/details/sentimentofflowe00tyas/page/n339/mode/1up,,yes; yes — no botanical image file acquired in Stage 1,3,4,Conservative Stage 1 identity merge; source wording and provenance retained.,,
S1F-170,Mignonette,Your qualities surpass your charms [I:466; P:307; T:204],"[I:466 | Your qualities surpass your charms] Source-specific context: Ingram interprets Mignonette as qualities surpassing charms, contrasting its modest appearance with a fragrance that carried garden pleasure into urban homes and workrooms. (printed p. 279). || [P:307 | YOUR QUALITIES SURPASS YOUR CHARMS] The unassuming yet fragrant mignonette of Egyptian sands inspired the motto that one's qualities surpass one's charms, through a story cited from Flora Historica. || [T:204 | Your qualities surpass your charms] Tyas follows the flower’s fragrance from princely parterre to cottage and London balcony, then develops the sentiment through the Amelia/Charlotte narrative (pp. 288–292).",[I:466] Mignonette || [P:307] Mignonette. — Reseda Odorata. || [T:204] Mignonette,I:466; P:307; T:204,[I:466] https://archive.org/details/florasymbolica00ingr/page/n404/mode/1up || [P:307] https://archive.org/details/floralemblems00philrich/page/n426/mode/1up || [T:204] https://archive.org/details/sentimentofflowe00tyas/page/n339/mode/1up,"[T:204] Plate VIII (facing p. 288), group plate: Mignonette / Heliotrope / Clove Pink",no; yes; yes — no botanical image file acquired in Stage 1,3,3,Conservative Stage 1 identity merge; source wording and provenance retained.,T-016,images/flower-crops/tyas-1869/t-016_mignonette.jpg
S1F-171,Milk Vetch,YOUR PRESENCE SOFTENS MY PAINS [P:306],[P:306 | YOUR PRESENCE SOFTENS MY PAINS] Phillips derives the emblem from milk-vetch’s reputed medicinal properties and its supposed effect on milk yield.,[P:306] Milk-vetch. — Astragalus.,P:306,[P:306] https://archive.org/details/floralemblems00philrich/page/n425/mode/1up,,yes — no botanical image file acquired in Stage 1,1,1,Conservative Stage 1 identity merge; source wording and provenance retained.,,
S1F-172,Monk S Hood Or Helmet Flower,KNIGHT ERRANTRY [P:161],"[P:161 | KNIGHT ERRANTRY] We present this flower as the emblem of knight-errantry, because it rears its threatening helmet as if to protect the gayer favourites of Flora.","[P:161] Monk's-hood, or Helmet-flower. — Aconitum Napellus.",P:161,[P:161] https://archive.org/details/floralemblems00philrich/page/n272/mode/1up,,yes — no botanical image file acquired in Stage 1,1,1,Conservative Stage 1 identity merge; source wording and provenance retained.,,
S1F-173,Moschatel,WEAKNESS [P:296; T:211],"[P:296 | WEAKNESS] The generic name of this hollow tuberous rooted plant, signifies ignoble. || [T:211 | Weakness] Moschatel is minute and grows obscurely, with a faint musk scent gentle enough for people who usually dislike musk (pp. 283–284).",[P:296] Moschatell. — Adoxa Moschatellina. || [T:211] Moschatel,P:296; T:211,[P:296] https://archive.org/details/floralemblems00philrich/page/n417/mode/1up || [T:211] https://archive.org/details/sentimentofflowe00tyas/page/n339/mode/1up,,yes; yes — no botanical image file acquired in Stage 1,2,2,Conservative Stage 1 identity merge; source wording and provenance retained.,,
S1F-174,Moss Rose,VOLUPTUOUS LOVE [P:291] || Pleasure without alloy [T:212],[P:291 | VOLUPTUOUS LOVE] The moss rose is praised as receiving Flora's choicest gifts and is selected to represent voluptuous love. || [T:212 | Pleasure without alloy] Tyas treats moss rose as a Provence-rose relative and uses its mossy covering to frame pleasure as complete and unspoiled (pp. 220–221).,[P:291] Moss Rose. || [T:212] Moss Rose,P:291; T:212,[P:291] https://archive.org/details/floralemblems00philrich/page/n407/mode/1up || [T:212] https://archive.org/details/sentimentofflowe00tyas/page/n339/mode/1up,,yes; yes — no botanical image file acquired in Stage 1,2,2,Conservative Stage 1 identity merge; source wording and provenance retained.,,
S1F-175,Mossy Saxifrage Or Ladies Cushion,MATERNAL LOVE [P:173],"[P:173 | MATERNAL LOVE] Its habit of clothing the naked rocks of Cheddar, Snowdon, and Ben Lomond supplies the source's image of instinctive maternal love.","[P:173] Mossy Saxifrage, or Ladies Cushion. — Saxifraga hypnoides.",P:173,[P:173] https://archive.org/details/floralemblems00philrich/page/n284/mode/1up,,yes — no botanical image file acquired in Stage 1,1,1,Conservative Stage 1 identity merge; source wording and provenance retained.,,
S1F-176,Mouse Ear Chickweed,INGENUOUS SIMPLICITY [P:151],"[P:151 | INGENUOUS SIMPLICITY] Ingenuous simplicity is represented by these little white flowers, which are more frequently found in neglected banks than in cultivated grounds.",[P:151] Mouse-ear Chickweed. — Cerastium.,P:151,[P:151] https://archive.org/details/floralemblems00philrich/page/n259/mode/1up,,yes — no botanical image file acquired in Stage 1,1,1,Conservative Stage 1 identity merge; source wording and provenance retained.,,
S1F-177,Musk Rose,Capricious beauty [I:622; P:037; T:222],"[I:622 | Capricious beauty] Source-specific context: Ingram presents Rose as the universal emblem of love and builds an extensive literary, historical, religious, and mythological survey around its beauty, fragrance, colours, and varieties. (printed pp. 23–48). || [P:037 | CAPRICIOUS BEAUTY] This Barbary rose seems to have thrown off its vegetable fragrance in favour of animal perfume ; And each inconstant breeze that blows. || [T:222 | Capricious beauty] Modest white flowers gather in large autumn panicles whose musky scent compensates for their lack of visual freshness (pp. 61–62).","[I:622] Rose, Musk || [P:037] Musk Rose. — Rosa moschata. || [T:222] Musk Rose",I:622; P:037; T:222,[I:622] https://archive.org/details/florasymbolica00ingr/page/n405/mode/1up || [P:037] https://archive.org/details/floralemblems00philrich/page/n143/mode/1up || [T:222] https://archive.org/details/sentimentofflowe00tyas/page/n339/mode/1up,,yes; yes — no botanical image file acquired in Stage 1,3,3,Conservative Stage 1 identity merge; source wording and provenance retained.,,
S1F-178,Narcissus,Egotism [I:499] || EGOTISM AND SELF-LOVE [P:086],"[I:499 | Egotism] Source-specific context: Ingram presents Narcissus as self-love through the myth of the youth who falls in love with his reflection, dies, and is transformed into the flower bearing his name. (printed p. 251). || [P:086 | EGOTISM AND SELF-LOVE] From Ovid's beautiful metamorphosis of the lovely and coy Narcissus into this flower has originated the emblem.",[I:499] Narcissus || [P:086] Narcissus. — Narcissus.,I:499; P:086,[I:499] https://archive.org/details/florasymbolica00ingr/page/n404/mode/1up || [P:086] https://archive.org/details/floralemblems00philrich/page/n198/mode/1up,,yes; yes — no botanical image file acquired in Stage 1,2,2,Conservative Stage 1 identity merge; source wording and provenance retained.,,
S1F-179,Night Convolvulus,Night [I:506; T:229],"[I:506 | Night] Source-specific context: Ingram presents Convolvulus as night through its evening closure and sky-like colours, while distinguishing major and minor forms associated with extinguished hopes and repose. (printed pp. 318–319). || [T:229 | Night] The concise botanical note says several species open only at night and are chiefly native to hot countries (pp. 210–212).",[I:506] Night Convolvulus || [T:229] Night Convolvulus,I:506; T:229,[I:506] https://archive.org/details/florasymbolica00ingr/page/n404/mode/1up || [T:229] https://archive.org/details/sentimentofflowe00tyas/page/n340/mode/1up,,yes,2,2,Conservative Stage 1 identity merge; source wording and provenance retained.,,
S1F-180,Orange Blossom,Your purity equals your loveliness [I:514] || Chastity. Bridal festivities [I:515] || CHASTITY [P:041; T:234],"[I:514; I:515 | Your purity equals your loveliness; Chastity. Bridal festivities] Source-specific context: Ingram links Orange-blossom with chastity through bridal wreath custom and notes the orange tree's simultaneous foliage, flowers, and fruit as an emblem of generosity. (printed pp. 75–78). || [P:041 | CHASTITY] The white, fragrant orange blossoms symbolize purity; the tree may bear flowers and fruit at the same time. || [T:234 | Chastity] Tyas records a French wedding custom in which newly married women wore orange flowers and a dishonoured bride was denied that ornament (pp. 62–64).",[I:514] Orange Blossoms || [I:515] Orange Flowers || [P:041] Orange Flowers. — Citrus Aurantium. || [T:234] Orange Flower,I:514; I:515; P:041; T:234,[I:514] https://archive.org/details/florasymbolica00ingr/page/n404/mode/1up || [I:515] https://archive.org/details/florasymbolica00ingr/page/n404/mode/1up || [P:041] https://archive.org/details/floralemblems00philrich/page/n146/mode/1up || [T:234] https://archive.org/details/sentimentofflowe00tyas/page/n340/mode/1up,,yes; yes — no botanical image file acquired in Stage 1,3,4,Conservative Stage 1 identity merge; source wording and provenance retained.,,
S1F-181,Pansy,"Thoughts [I:331; I:522] || THOUGHTS. YOU OCCUPY MY THOUGHTS ; OR, PENSEZ A MOI [P:276] || Think of me [T:142; T:240]","[I:331; I:522 | Thoughts] Source-specific context: Ingram links Heart's-ease or pansy with thought and remembrance through the French pensée and Shakespeare's floral symbolism, while contrasting its rich colours with the violet's fragrance. (printed pp. 165–169). || [P:276 | THOUGHTS. YOU OCCUPY MY THOUGHTS ; OR, PENSEZ A MOI] The entry connects pansy's names—thought, heart's ease, and forget-me-not—with remembrance and notes the flower's many varied forms. || [T:142; T:240 | Think of me] The name pansy is traced to the French pensée, meaning thought (pp. 275–276).","[I:331] Heart’s-ease, or Pansy || [I:522] Pansy || [P:276] Pansée, or Heart's Ease. — Viola tricolor. || [T:142] Heart’s-ease, or Pansy || [T:240] Pansy, or Heart’s ease",I:331; I:522; P:276; T:142; T:240,[I:331] https://archive.org/details/florasymbolica00ingr/page/n403/mode/1up || [I:522] https://archive.org/details/florasymbolica00ingr/page/n404/mode/1up || [P:276] https://archive.org/details/floralemblems00philrich/page/n387/mode/1up || [T:142] https://archive.org/details/sentimentofflowe00tyas/page/n337/mode/1up || [T:240] https://archive.org/details/sentimentofflowe00tyas/page/n340/mode/1up,"[P:276] Plate 19, Consolation arising from Thoughts, scan n390",yes; yes — no botanical image file acquired in Stage 1,3,5,Conservative Stage 1 identity merge; source wording and provenance retained.,P-015,images/flower-crops/phillips-1825/p-015_pansy.jpg
S1F-182,Parti Coloured Daisy,Beauty [I:224],"[I:224 | Beauty] Source-specific context: Ingram treats Daisy as innocence and explains its exceptional poetic popularity through its persistence, its old name day's-eye, and its Marguerite associations in French courtly symbolism. (printed pp. 266–268).","[I:224] Daisy, Parti-coloured",I:224,[I:224] https://archive.org/details/florasymbolica00ingr/page/n402/mode/1up,,yes,1,1,Conservative Stage 1 identity merge; source wording and provenance retained.,,
S1F-183,Pasque Flower,You are without pretension [T:243],"[T:243 | You are without pretension] The plant’s wind-driven downy seed, abundant purple/violet flowers, open-hill habitat, and low care are used to support “without pretension” (pp. 294–295).",[T:243] Pasque Flower,T:243,[T:243] https://archive.org/details/sentimentofflowe00tyas/page/n340/mode/1up,,yes,1,1,Conservative Stage 1 identity merge; source wording and provenance retained.,,
S1F-184,Passion Flower,"Religious superstition, when the flower is reversed, or Faith if erect [I:525] || RELIGIOUS SUPERSTITION [P:233]","[I:525 | Religious superstition, when the flower is reversed, or Faith if erect] Source-specific context: Ingram presents Passion Flower as faith through the Christian interpretation of its floral structures as instruments and signs of the Passion, first emphasized by Spanish observers in South America. (printed pp. 304–305). || [P:233 | RELIGIOUS SUPERSTITION] Some fair enthusiast views the sainted flower.",[I:525] Passion Flower || [P:233] Passion Flower. — Passiflora.,I:525; P:233,[I:525] https://archive.org/details/florasymbolica00ingr/page/n404/mode/1up || [P:233] https://archive.org/details/floralemblems00philrich/page/n343/mode/1up,"[I:525] PASSION FLOWER — colour plate, IA n344 (between pp. 304–305)",no; yes — no botanical image file acquired in Stage 1,2,2,Conservative Stage 1 identity merge; source wording and provenance retained.,I-007,images/flower-crops/ingram-1869/i-007_passion-flower.jpg
S1F-185,Peony,BASHFUL SHAME [P:021],[P:021 | BASHFUL SHAME] The blushing petals of this flower are made symbolical of the countenance that is rouged with conscious shame.,[P:021] Pæony. — Pæony.,P:021,[P:021] https://archive.org/details/floralemblems00philrich/page/n126/mode/1up,,yes — no botanical image file acquired in Stage 1,1,1,Conservative Stage 1 identity merge; source wording and provenance retained.,,
S1F-186,Periwinkle,PLEASURES OF MEMORY [P:209] || Sweet Remembrances [T:245],"[P:209 | PLEASURES OF MEMORY] The text associates periwinkle with admirers of Rousseau and memories of former friendships. || [T:245 | Sweet Remembrances] The periwinkle’s quiet blue flower prefers shaded banks and secluded growth, making it a vehicle for gentle remembrance (pp. 267–269).",[P:209] Periwinkle. — Vinca. || [T:245] Periwinkle,P:209; T:245,[P:209] https://archive.org/details/floralemblems00philrich/page/n316/mode/1up || [T:245] https://archive.org/details/sentimentofflowe00tyas/page/n340/mode/1up,,yes; yes — no botanical image file acquired in Stage 1,2,2,Conservative Stage 1 identity merge; source wording and provenance retained.,,
S1F-187,Persicaria,RESTORATION [P:239],"[P:239 | RESTORATION] Tournefort is said to have obtained the seeds near Mount Ararat, at the place traditionally associated with the ark's resting; that association supplies the emblem of restoration.",[P:239] Persicaria. — Polygonum Oriental.,P:239,[P:239] https://archive.org/details/floralemblems00philrich/page/n348/mode/1up,,yes — no botanical image file acquired in Stage 1,1,1,Conservative Stage 1 identity merge; source wording and provenance retained.,,
S1F-188,Peruvian Heliotrope,Devotion [I:541] || INTOXICATED WITH PLEASURE [P:157] || I love you. Infatuation [T:246],"[I:541 | Devotion] Source-specific context: Ingram links Heliotrope with devoted attachment through the belief that it turns toward the sun and the myth of Clytie's unchanging love for Apollo. (printed pp. 112–113). || [P:157 | INTOXICATED WITH PLEASURE] The botanist who found this fragrant flower in the Cordilleras is described as intoxicated with delight; its later value in France reinforces the emblem. || [T:246 | I love you. Infatuation] The article describes the Peruvian evergreen’s lilac flowers and intoxicating perfume, then relates the long narrative of Countess Eleanora of Denmark (pp. 151–154).",[I:541] Peruvian Heliotrope || [P:157] Peruvian Heliotrope. — Heliotropium peruvianum. || [T:246] Peruvian Heliotrope,I:541; P:157; T:246,[I:541] https://archive.org/details/florasymbolica00ingr/page/n405/mode/1up || [P:157] https://archive.org/details/floralemblems00philrich/page/n268/mode/1up || [T:246] https://archive.org/details/sentimentofflowe00tyas/page/n340/mode/1up,"[T:246] Plate VIII (facing p. 288), shown under plate label “Heliotrope”",no; yes; yes — no botanical image file acquired in Stage 1,3,3,Conservative Stage 1 identity merge; source wording and provenance retained.,T-015,images/flower-crops/tyas-1869/t-015_heliotrope.jpg
S1F-189,Phlox,UNANIMITY [P:281],"[P:281 | UNANIMITY] This North American plant is presented as the emblem of unanimity, in allusion to the united forms of the flowers, whose clustered corymbs form an umbel ; and also from the United States, from whence we procured them.",[P:281] Phlox. — Phlox.,P:281,[P:281] https://archive.org/details/floralemblems00philrich/page/n396/mode/1up,,yes — no botanical image file acquired in Stage 1,1,1,Conservative Stage 1 identity merge; source wording and provenance retained.,,
S1F-190,Pimpernel,Change. Assignation [I:546] || ASSIGNATION [P:015; T:249],"[I:546 | Change. Assignation] Source-specific context: Ingram presents Pimpernel as change through the timed opening and weather-sensitive closing of its scarlet flowers, which earned names such as poor man's weather-glass. (printed pp. 233–234). || [P:015 | ASSIGNATION] Phillips explains that the pimpernel closes before wet weather and opens in fair, dry conditions, making it a natural signal for an assignation. || [T:249 | Assignation] After recording Greek and Roman medicinal use, Tyas identifies pimpernel as a timed flower and moisture-sensitive shepherd’s weather glass (pp. 41–42).",[I:546] Pimpernel || [P:015] Pimpernel. — Anagallis. || [T:249] Pimpernel,I:546; P:015; T:249,[I:546] https://archive.org/details/florasymbolica00ingr/page/n405/mode/1up || [P:015] https://archive.org/details/floralemblems00philrich/page/n121/mode/1up || [T:249] https://archive.org/details/sentimentofflowe00tyas/page/n340/mode/1up,,yes; yes — no botanical image file acquired in Stage 1,3,3,Conservative Stage 1 identity merge; source wording and provenance retained.,,
S1F-191,Pink,Boldness [I:551] || Lively and pure affection [T:251],"[I:551 | Boldness] Source-specific context: Ingram links Pink with pure love, explains its classical names as the divine or Jove's flower, and distinguishes smaller pinks and gillyflowers from larger carnations. (printed pp. 142–143). || [T:251 | Lively and pure affection] Cultivation is said to double the pink’s petals and create extensive colour variation from a simple red or white wild form (pp. 186–188).",[I:551] Pink || [T:251] Pink,I:551; T:251,[I:551] https://archive.org/details/florasymbolica00ingr/page/n405/mode/1up || [T:251] https://archive.org/details/sentimentofflowe00tyas/page/n340/mode/1up,"[T:251] Plate V (facing p. 186), probable mapping to plate label “Garden Pink”",uncertain; yes,2,2,Conservative Stage 1 identity merge; source wording and provenance retained.,T-009,images/flower-crops/tyas-1869/t-009_garden-pink.jpg
S1F-192,Pink Carnation,Woman’s love [I:552],"[I:552 | Woman’s love] Source-specific context: Ingram links Pink with pure love, explains its classical names as the divine or Jove's flower, and distinguishes smaller pinks and gillyflowers from larger carnations. (printed pp. 142–143).","[I:552] Pink, Carnation",I:552,[I:552] https://archive.org/details/florasymbolica00ingr/page/n405/mode/1up,,yes,1,1,Conservative Stage 1 identity merge; source wording and provenance retained.,,
S1F-193,Pink Convolvulus,Worth sustained by judicious and tender affection [I:186],"[I:186 | Worth sustained by judicious and tender affection] Source-specific context: Ingram presents Convolvulus as night through its evening closure and sky-like colours, while distinguishing major and minor forms associated with extinguished hopes and repose. (printed pp. 318–319).","[I:186] Convolvulus, Pink",I:186,[I:186] https://archive.org/details/florasymbolica00ingr/page/n401/mode/1up,,yes,1,1,Conservative Stage 1 identity merge; source wording and provenance retained.,,
S1F-194,Pink Mountain,Aspiring [I:555],"[I:555 | Aspiring] Source-specific context: Ingram links Pink with pure love, explains its classical names as the divine or Jove's flower, and distinguishes smaller pinks and gillyflowers from larger carnations. (printed pp. 142–143).","[I:555] Pink, Mountain",I:555,[I:555] https://archive.org/details/florasymbolica00ingr/page/n405/mode/1up,,yes,1,1,Conservative Stage 1 identity merge; source wording and provenance retained.,,
S1F-195,Poets Narcissus,Egotism [T:255],"[T:255 | Egotism] Tyas describes white petals around a golden centre, then recounts Ovid’s Narcissus story to explain egotism (pp. 93–94).",[T:255] Poet’s Narcissus,T:255,[T:255] https://archive.org/details/sentimentofflowe00tyas/page/n340/mode/1up,,yes,1,1,Conservative Stage 1 identity merge; source wording and provenance retained.,,
S1F-196,Polyanthus,Pride of riches [I:566],"[I:566 | Pride of riches] Source-specific context: Ingram treats Polyanthus as an early, many-coloured relative of the primrose and recounts the myth that it sprang from the ashes of a youth mourning Melicerta. (printed pp. 224–225).",[I:566] Polyanthus,I:566,[I:566] https://archive.org/details/florasymbolica00ingr/page/n405/mode/1up,,yes,1,1,Conservative Stage 1 identity merge; source wording and provenance retained.,,
S1F-197,Polyanthus Crimson,The heart’s mystery [I:567],"[I:567 | The heart’s mystery] Source-specific context: Ingram treats Polyanthus as an early, many-coloured relative of the primrose and recounts the myth that it sprang from the ashes of a youth mourning Melicerta. (printed pp. 224–225).","[I:567] Polyanthus, Crimson",I:567,[I:567] https://archive.org/details/florasymbolica00ingr/page/n405/mode/1up,,yes,1,1,Conservative Stage 1 identity merge; source wording and provenance retained.,,
S1F-198,Poppy,CONSOLATION TO THE SICK [P:051] || Consolation of sleep [T:262],"[P:051 | CONSOLATION TO THE SICK] In floral language, the poppy is made the symbol of consolation to the sick, since it procures ease and sleep to the restless invalid. || [T:262 | Consolation of sleep] Poppy’s pain-relieving narcotic juice is linked with sleep, and ancients are said to have crowned the god of sleep with poppies (pp. 70–71).",[P:051] Poppy. — Papaver. || [T:262] Poppy,P:051; T:262,[P:051] https://archive.org/details/floralemblems00philrich/page/n155/mode/1up || [T:262] https://archive.org/details/sentimentofflowe00tyas/page/n341/mode/1up,"[Ingram plate evidence only] POPPY AND CORNFLOWER — colour plate, IA n236",yes; yes — no botanical image file acquired in Stage 1,2,2,Conservative Stage 1 identity merge; source wording and provenance retained.,I-009,images/flower-crops/ingram-1869/i-009_poppy.jpg
S1F-199,Primrose,Early youth and sadness [I:581] || EARLY YOUTH [P:085; T:265],"[I:581 | Early youth and sadness] Source-specific context: Ingram presents Primrose as youth and supports the association with English poetry that treats the early, pale, fragile flower as an emblem of young life and early death. (printed pp. 262–265). || [P:085 | EARLY YOUTH] The primrose represents the age between childhood and womanhood: an early blossom whose delicate perfume and modest colour attend the path to summer. || [T:265 | Early youth] Primrose appears through retreating winter snow and announces spring, providing the transition into early youth (pp. 90–93).",[I:581] Primrose || [P:085] Primrose. — Primula. || [T:265] Primrose,I:581; P:085; T:265,[I:581] https://archive.org/details/florasymbolica00ingr/page/n405/mode/1up || [P:085] https://archive.org/details/floralemblems00philrich/page/n193/mode/1up || [T:265] https://archive.org/details/sentimentofflowe00tyas/page/n341/mode/1up,"[I:581] PRIMROSE, HEATH AND VIOLET — colour plate, IA n292 (between pp. 256–257)",no; yes; yes — no botanical image file acquired in Stage 1,3,3,Conservative Stage 1 identity merge; source wording and provenance retained.,I-005,images/flower-crops/ingram-1869/i-005_primrose.jpg
S1F-200,Purple Clover,Provident [I:585; P:223],"[I:585 | Provident] Source-specific context: Ingram links white Clover or shamrock with promise and surveys its Irish national and religious symbolism, including the tradition that St. Patrick used the trefoil to explain the Trinity. (printed pp. 235–236). || [P:223 | PROVIDENT] The provident husbandman stores clover hay for winter cattle and relies on it again as nutritious early spring pasture.",[I:585] Purple Clover || [P:223] Purple Clover. — Trifolium pratense.,I:585; P:223,[I:585] https://archive.org/details/florasymbolica00ingr/page/n405/mode/1up || [P:223] https://archive.org/details/floralemblems00philrich/page/n332/mode/1up,,yes; yes — no botanical image file acquired in Stage 1,2,2,Conservative Stage 1 identity merge; source wording and provenance retained.,,
S1F-201,Purple Hyacinth,Sorrowful [I:361],[I:361 | Sorrowful] Source-specific context: Ingram connects Hyacinth with game or play through the myth in which Hyacinthus dies during a discus game and Apollo causes the flower to spring from his blood. (printed pp. 126–128).,"[I:361] Hyacinth, Purple",I:361,[I:361] https://archive.org/details/florasymbolica00ingr/page/n403/mode/1up,,yes,1,1,Conservative Stage 1 identity merge; source wording and provenance retained.,,
S1F-202,Purple Lilac,First emotions of love [I:416],[I:416 | First emotions of love] Source-specific context: Ingram links Lilac with love's first emotions through its early fragrant bloom and recounts a tradition that a celebrated flower painter despaired of reproducing its harmonious colours. (printed pp. 114–115).,"[I:416] Lilac, Purple",I:416,[I:416] https://archive.org/details/florasymbolica00ingr/page/n403/mode/1up,,yes,1,1,Conservative Stage 1 identity merge; source wording and provenance retained.,,
S1F-203,Pyramidal Bell Flower,Constancy [I:74] || Aspiring [I:120] || Gratitude [T:268],"[I:74; I:120 | Constancy; Aspiring] Source-specific context: Ingram presents the bell-flower genus as constancy while distinguishing meanings assigned to particular members, including Canterbury bells and their older names. (printed pp. 123–125). || [T:268 | Gratitude] Dutch households reportedly trained the plant in large pots for halls, stairs, and summer fireplaces (pp. 134–135).","[I:74] Bell Flower, Pyramidal || [I:120] Campanula Pyramida || [T:268] Pyramidal Bell Flower",I:74; I:120; T:268,[I:74] https://archive.org/details/florasymbolica00ingr/page/n400/mode/1up || [I:120] https://archive.org/details/florasymbolica00ingr/page/n401/mode/1up || [T:268] https://archive.org/details/sentimentofflowe00tyas/page/n341/mode/1up,,yes,2,3,Conservative Stage 1 identity merge; source wording and provenance retained.,,
S1F-204,Ranunculus,You are radiant with charms [T:271],[T:271 | You are radiant with charms] Asiatic ranunculus opens early in spring with an unusually broad range of brilliant colours (pp. 293–294).,[T:271] Ranunculus,T:271,[T:271] https://archive.org/details/sentimentofflowe00tyas/page/n341/mode/1up,,yes,1,1,Conservative Stage 1 identity merge; source wording and provenance retained.,,
S1F-205,Red Camellia Japonica,Unpretending excellence [I:117],"[I:117 | Unpretending excellence] Source-specific context: Ingram presents Camellia Japonica as supreme loveliness, contrasting its visual beauty and German emblematic sovereignty with its lack of the rose's fragrance. (printed pp. 222–223).","[I:117] Camellia Japonica, Red",I:117,[I:117] https://archive.org/details/florasymbolica00ingr/page/n401/mode/1up,,yes,1,1,Conservative Stage 1 identity merge; source wording and provenance retained.,,
S1F-206,Red Clover,Industry [I:174],"[I:174 | Industry] Source-specific context: Ingram links white Clover or shamrock with promise and surveys its Irish national and religious symbolism, including the tradition that St. Patrick used the trefoil to explain the Trinity. (printed pp. 235–236).","[I:174] Clover, Red",I:174,[I:174] https://archive.org/details/florasymbolica00ingr/page/n401/mode/1up,,yes,1,1,Conservative Stage 1 identity merge; source wording and provenance retained.,,
S1F-207,Red Double Pink,Pure and ardent love [I:556],"[I:556 | Pure and ardent love] Source-specific context: Ingram links Pink with pure love, explains its classical names as the divine or Jove's flower, and distinguishes smaller pinks and gillyflowers from larger carnations. (printed pp. 142–143).","[I:556] Pink, Red, Double",I:556,[I:556] https://archive.org/details/florasymbolica00ingr/page/n405/mode/1up,,yes,1,1,Conservative Stage 1 identity merge; source wording and provenance retained.,,
S1F-208,Red Pink,LIVELY AND PURE LOVE [P:167],[P:167 | LIVELY AND PURE LOVE] The entry pairs the red pink with lively and pure love and supports the floral association with a verse naming pinks and columbines.,[P:167] Red Pink. — Dianthus.,P:167,[P:167] https://archive.org/details/floralemblems00philrich/page/n278/mode/1up,,yes — no botanical image file acquired in Stage 1,1,1,Conservative Stage 1 identity merge; source wording and provenance retained.,,
S1F-209,Red Poppy,Consolation [I:574],[I:574 | Consolation] Source-specific context: Ingram links Poppy with consolation and oblivion through its sleep-inducing qualities and the myth that Ceres used it to soothe her grief while searching for Proserpine. (printed pp. 140–141).,"[I:574] Poppy, Red",I:574,[I:574] https://archive.org/details/florasymbolica00ingr/page/n405/mode/1up,,yes,1,1,Conservative Stage 1 identity merge; source wording and provenance retained.,,
S1F-210,Red Primrose,Unpatronized merit [I:583],"[I:583 | Unpatronized merit] Source-specific context: Ingram presents Primrose as youth and supports the association with English poetry that treats the early, pale, fragile flower as an emblem of young life and early death. (printed pp. 262–265).","[I:583] Primrose, Red",I:583,[I:583] https://archive.org/details/florasymbolica00ingr/page/n405/mode/1up,,yes,1,1,Conservative Stage 1 identity merge; source wording and provenance retained.,,
S1F-211,Red Rosebud,Pure and lovely [I:634],"[I:634 | Pure and lovely] Source-specific context: Ingram presents Rose as the universal emblem of love and builds an extensive literary, historical, religious, and mythological survey around its beauty, fragrance, colours, and varieties. (printed pp. 23–48).","[I:634] Rosebud, Red",I:634,[I:634] https://archive.org/details/florasymbolica00ingr/page/n405/mode/1up,,yes,1,1,Conservative Stage 1 identity merge; source wording and provenance retained.,,
S1F-212,Red Shanks,Patience [T:272],[T:272 | Patience] Young shoots were used as greens in Lancashire and formerly added to herb puddings in northern England (pp. 214–215).,[T:272] Red Shanks,T:272,[T:272] https://archive.org/details/sentimentofflowe00tyas/page/n341/mode/1up,,yes,1,1,Conservative Stage 1 identity merge; source wording and provenance retained.,,
S1F-213,Red Tulip,Declaration of love [I:731],"[I:731 | Declaration of love] Source-specific context: Ingram presents Tulip chiefly as a declaration of love, traces its Persian name and European introduction, and recounts the seventeenth-century Dutch speculative mania for rare bulbs. (printed pp. 208–210).","[I:731] Tulip, Red",I:731,[I:731] https://archive.org/details/florasymbolica00ingr/page/n406/mode/1up,,yes,1,1,Conservative Stage 1 identity merge; source wording and provenance retained.,,
S1F-214,Red Valerian,Accommodating disposition [T:273],"[T:273 | Accommodating disposition] Red valerian came from Alpine rocks, flowers for much of the year, and escapes borders for barren hills (pp. 30–31).",[T:273] —— Valerian,T:273,[T:273] https://archive.org/details/sentimentofflowe00tyas/page/n341/mode/1up,,yes,1,1,Conservative Stage 1 identity merge; source wording and provenance retained.,,
S1F-215,Rest Harrow,Obstacle [T:275],"[T:275 | Obstacle] Long woody roots obstructed ploughs and thorny branches caught harrows, directly grounding the obstacle emblem (pp. 210–212).",[T:275] Rest Harrow,T:275,[T:275] https://archive.org/details/sentimentofflowe00tyas/page/n341/mode/1up,,yes,1,1,Conservative Stage 1 identity merge; source wording and provenance retained.,,
S1F-216,Rhododendron,DANGER [P:060],"[P:060 | DANGER] O'er pine-clad hills, and dusky plains, In silent state rhododendron reigns.",[P:060] Rhododendron. — Rhododendron.,P:060,[P:060] https://archive.org/details/floralemblems00philrich/page/n167/mode/1up,"[P:060] Plate 12, Danger accompanying Coquetry, scan n160",yes — no botanical image file acquired in Stage 1,1,1,Conservative Stage 1 identity merge; source wording and provenance retained.,P-006,images/flower-crops/phillips-1825/p-006_rhododendron.jpg
S1F-217,Rock Madwort,Tranquillity [T:197],[T:197 | Tranquillity] Ancients are said to have valued rock madwort for a supposed power to calm anger; Tyas also describes it as showy and easy to cultivate (pp. 276–277).,"[T:197] Madwort, Rock",T:197,[T:197] https://archive.org/details/sentimentofflowe00tyas/page/n338/mode/1up,,yes,1,1,Conservative Stage 1 identity merge; source wording and provenance retained.,,
S1F-218,Rose,"Love [I:603] || GENTEEL, PRETTY [P:119] || Beauty [T:280]","[I:603 | Love] Source-specific context: Ingram presents Rose as the universal emblem of love and builds an extensive literary, historical, religious, and mythological survey around its beauty, fragrance, colours, and varieties. (printed pp. 23–48). || [P:119 | GENTEEL, PRETTY] This compact, pretty little offspring of the provins rose, comes about as near to its parent as the term genteel does to elegant, or pretty to beautiful. || [T:280 | Beauty] Tyas emphasizes the rose’s worldwide abundance and its brief perfection before fading, alongside its repeated renewal each spring (pp. 44–51).",[I:603] Rose || [P:119] Rose. — Pompone. || [T:280] Rose,I:603; P:119; T:280,[I:603] https://archive.org/details/florasymbolica00ingr/page/n405/mode/1up || [P:119] https://archive.org/details/floralemblems00philrich/page/n227/mode/1up || [T:280] https://archive.org/details/sentimentofflowe00tyas/page/n341/mode/1up,"[I:603] ROSE — colour plate, IA n38 (between pp. 22–23); LILY AND ROSE — colour plate, IA n58 (between pp. 40–41) || [T:280] Plate I (frontispiece), group plate: Rose / Ivy / Myrtle",no; yes — no botanical image file acquired in Stage 1,3,3,Conservative Stage 1 identity merge; source wording and provenance retained.,I-001; I-002; T-001,images/flower-crops/ingram-1869/i-001_rose.jpg; images/flower-crops/ingram-1869/i-002_rose-secondary.jpg; images/flower-crops/tyas-1869/t-001_rose.jpg
S1F-219,Rose Austrian,Thou art all that is lovely [I:604],"[I:604 | Thou art all that is lovely] Source-specific context: Ingram presents Rose as the universal emblem of love and builds an extensive literary, historical, religious, and mythological survey around its beauty, fragrance, colours, and varieties. (printed pp. 23–48).","[I:604] Rose, Austrian",I:604,[I:604] https://archive.org/details/florasymbolica00ingr/page/n405/mode/1up,,yes,1,1,Conservative Stage 1 identity merge; source wording and provenance retained.,,
S1F-220,Rose Bridal,Happy love [I:605],"[I:605 | Happy love] Source-specific context: Ingram presents Rose as the universal emblem of love and builds an extensive literary, historical, religious, and mythological survey around its beauty, fragrance, colours, and varieties. (printed pp. 23–48).","[I:605] Rose, Bridal",I:605,[I:605] https://archive.org/details/florasymbolica00ingr/page/n405/mode/1up,,yes,1,1,Conservative Stage 1 identity merge; source wording and provenance retained.,,
S1F-221,Rose Burgundy,Unconscious beauty [I:606],"[I:606 | Unconscious beauty] Source-specific context: Ingram presents Rose as the universal emblem of love and builds an extensive literary, historical, religious, and mythological survey around its beauty, fragrance, colours, and varieties. (printed pp. 23–48).","[I:606] Rose, Burgundy",I:606,[I:606] https://archive.org/details/florasymbolica00ingr/page/n405/mode/1up,,yes,1,1,Conservative Stage 1 identity merge; source wording and provenance retained.,,
S1F-222,Rose Cabbage,A mbassador of love [I:607],"[I:607 | A mbassador of love] Source-specific context: Ingram presents Rose as the universal emblem of love and builds an extensive literary, historical, religious, and mythological survey around its beauty, fragrance, colours, and varieties. (printed pp. 23–48).","[I:607] Rose, Cabbage",I:607,[I:607] https://archive.org/details/florasymbolica00ingr/page/n405/mode/1up,,yes,1,1,Conservative Stage 1 identity merge; source wording and provenance retained.,,
S1F-223,Rose Campion,Only deserve my love [I:608] || YOU ARE WITHOUT PRETENSION [P:303],"[I:608 | Only deserve my love] Source-specific context: Ingram presents Rose as the universal emblem of love and builds an extensive literary, historical, religious, and mythological survey around its beauty, fragrance, colours, and varieties. (printed pp. 23–48). || [P:303 | YOU ARE WITHOUT PRETENSION] The simplicity and unassuming character of this flower has procured it this honourable motto.","[I:608] Rose, Campion || [P:303] Rose Campion. — Agrostemma coronaria.",I:608; P:303,[I:608] https://archive.org/details/florasymbolica00ingr/page/n405/mode/1up || [P:303] https://archive.org/details/floralemblems00philrich/page/n422/mode/1up,,yes; yes — no botanical image file acquired in Stage 1,2,2,Conservative Stage 1 identity merge; source wording and provenance retained.,,
S1F-224,Rose Carolina,Love is dangerous [I:609],"[I:609 | Love is dangerous] Source-specific context: Ingram presents Rose as the universal emblem of love and builds an extensive literary, historical, religious, and mythological survey around its beauty, fragrance, colours, and varieties. (printed pp. 23–48).","[I:609] Rose, Carolina",I:609,[I:609] https://archive.org/details/florasymbolica00ingr/page/n405/mode/1up,,yes,1,1,Conservative Stage 1 identity merge; source wording and provenance retained.,,
S1F-225,Rose Christmas,Tranquillize my anxiety [I:611],"[I:611 | Tranquillize my anxiety] Source-specific context: Ingram presents Rose as the universal emblem of love and builds an extensive literary, historical, religious, and mythological survey around its beauty, fragrance, colours, and varieties. (printed pp. 23–48).","[I:611] Rose, Christmas",I:611,[I:611] https://archive.org/details/florasymbolica00ingr/page/n405/mode/1up,,yes,1,1,Conservative Stage 1 identity merge; source wording and provenance retained.,,
S1F-226,Rose Daily,Thy smile I aspire to [I:612],"[I:612 | Thy smile I aspire to] Source-specific context: Ingram presents Rose as the universal emblem of love and builds an extensive literary, historical, religious, and mythological survey around its beauty, fragrance, colours, and varieties. (printed pp. 23–48).","[I:612] Rose, Daily",I:612,[I:612] https://archive.org/details/florasymbolica00ingr/page/n405/mode/1up,,yes,1,1,Conservative Stage 1 identity merge; source wording and provenance retained.,,
S1F-227,Rose Leaf,I never importune [T:024],[T:024 | I never importune] The Amadan academy anecdote uses a brim-full cup and Dr. Zeb’s floating rose leaf to signify a refusal made without importunity (pp. 154–155).,[T:024] A Rose Leaf,T:024,[T:024] https://archive.org/details/sentimentofflowe00tyas/page/n333/mode/1up,,yes,1,1,Conservative Stage 1 identity merge; source wording and provenance retained.,,
S1F-228,Rose Maiden Blush,If you love me you will find it out [I:619],"[I:619 | If you love me you will find it out] Source-specific context: Ingram presents Rose as the universal emblem of love and builds an extensive literary, historical, religious, and mythological survey around its beauty, fragrance, colours, and varieties. (printed pp. 23–48).","[I:619] Rose, Maiden-blush",I:619,[I:619] https://archive.org/details/florasymbolica00ingr/page/n405/mode/1up,,yes,1,1,Conservative Stage 1 identity merge; source wording and provenance retained.,,
S1F-229,Rose Montiflora,Grace [I:620],"[I:620 | Grace] Source-specific context: Ingram presents Rose as the universal emblem of love and builds an extensive literary, historical, religious, and mythological survey around its beauty, fragrance, colours, and varieties. (printed pp. 23–48).","[I:620] Rose, Montiflora",I:620,[I:620] https://archive.org/details/florasymbolica00ingr/page/n405/mode/1up,,yes,1,1,Conservative Stage 1 identity merge; source wording and provenance retained.,,
S1F-230,Rose Mundi,Variety [I:621],"[I:621 | Variety] Source-specific context: Ingram presents Rose as the universal emblem of love and builds an extensive literary, historical, religious, and mythological survey around its beauty, fragrance, colours, and varieties. (printed pp. 23–48).","[I:621] Rose, Mundi",I:621,[I:621] https://archive.org/details/florasymbolica00ingr/page/n405/mode/1up,,yes,1,1,Conservative Stage 1 identity merge; source wording and provenance retained.,,
S1F-231,Rose Musk Cluster,Charming [I:623],"[I:623 | Charming] Source-specific context: Ingram presents Rose as the universal emblem of love and builds an extensive literary, historical, religious, and mythological survey around its beauty, fragrance, colours, and varieties. (printed pp. 23–48).","[I:623] Rose, Musk, Cluster",I:623,[I:623] https://archive.org/details/florasymbolica00ingr/page/n405/mode/1up,,yes,1,1,Conservative Stage 1 identity merge; source wording and provenance retained.,,
S1F-232,Rose Scented Geranium,Preference [I:311; T:288],"[I:311 | Preference] Source-specific context: Ingram assigns deceit to the Geranium genus while emphasizing that its many varieties carry distinct meanings, and explains the crane's-bill, stork's-bill, and heron's-bill names. (printed pp. 146–147). || [T:288 | Preference] Rose-scented geranium is distinguished by soft leaves, a rose-like fragrance, and purple flowers (pp. 226–227).","[I:311] Geranium, Rose-scntd. || [T:288] Rose-scented Geranium",I:311; T:288,[I:311] https://archive.org/details/florasymbolica00ingr/page/n403/mode/1up || [T:288] https://archive.org/details/sentimentofflowe00tyas/page/n341/mode/1up,,yes,2,2,Conservative Stage 1 identity merge; source wording and provenance retained.,,
S1F-233,Rose Thornless,Early attachment [I:625],"[I:625 | Early attachment] Source-specific context: Ingram presents Rose as the universal emblem of love and builds an extensive literary, historical, religious, and mythological survey around its beauty, fragrance, colours, and varieties. (printed pp. 23–48).","[I:625] Rose, Thornless",I:625,[I:625] https://archive.org/details/florasymbolica00ingr/page/n405/mode/1up,,yes,1,1,Conservative Stage 1 identity merge; source wording and provenance retained.,,
S1F-234,Rose Unique,Call me not beautiful [I:626],"[I:626 | Call me not beautiful] Source-specific context: Ingram presents Rose as the universal emblem of love and builds an extensive literary, historical, religious, and mythological survey around its beauty, fragrance, colours, and varieties. (printed pp. 23–48).","[I:626] Rose, Unique",I:626,[I:626] https://archive.org/details/florasymbolica00ingr/page/n405/mode/1up,,yes,1,1,Conservative Stage 1 identity merge; source wording and provenance retained.,,
S1F-235,Rose York Lancaster,War [I:630],"[I:630 | War] Source-specific context: Ingram presents Rose as the universal emblem of love and builds an extensive literary, historical, religious, and mythological survey around its beauty, fragrance, colours, and varieties. (printed pp. 23–48).","[I:630] Rose, York & Lancaster",I:630,[I:630] https://archive.org/details/florasymbolica00ingr/page/n405/mode/1up,,yes,1,1,Conservative Stage 1 identity merge; source wording and provenance retained.,,
S1F-236,Rosebud,Young girl [T:285],"[T:285 | Young girl] The article compares red/white and bud/full bloom, making the bud’s grace and gradually maturing beauty emblematic of a young girl (pp. 285–287).",[T:285] Rosebud,T:285,[T:285] https://archive.org/details/sentimentofflowe00tyas/page/n341/mode/1up,,yes,1,1,Conservative Stage 1 identity merge; source wording and provenance retained.,,
S1F-237,Rosebud Moss,Confession of love [I:636],"[I:636 | Confession of love] Source-specific context: Ingram presents Rose as the universal emblem of love and builds an extensive literary, historical, religious, and mythological survey around its beauty, fragrance, colours, and varieties. (printed pp. 23–48).","[I:636] Rosebud, Moss",I:636,[I:636] https://archive.org/details/florasymbolica00ingr/page/n405/mode/1up,,yes,1,1,Conservative Stage 1 identity merge; source wording and provenance retained.,,
S1F-238,Rudbeckia,JUSTICE [P:160],[P:160 | JUSTICE] Phillips explains the name Rudbeckia as honouring Olaus Rudbeck and connects it to justice.,[P:160] Rudbeckia. — Rudbeckia.,P:160,[P:160] https://archive.org/details/floralemblems00philrich/page/n271/mode/1up,,yes — no botanical image file acquired in Stage 1,1,1,Conservative Stage 1 identity merge; source wording and provenance retained.,,
S1F-239,Saffron Crocus,"Mirth. Cheerfulness [I:208] || Mirth [I:644] || DO NOT ABUSE [P:082] || MIRTH, OR LAUGHTER [P:179] || Excess is dangerous [T:292]","[I:208; I:644 | Mirth. Cheerfulness; Mirth] Source-specific context: Ingram links Crocus with cheerfulness while reviewing its thread or saffron etymology, the myth of the transformed lover Crocus, and traditions about saffron's arrival in England. (printed pp. 107–109). || [P:082 | DO NOT ABUSE] Too liberal a use of this cordial and stimulating flower, is said to destroy the reason, or cause the death of those who indulge in it. || [P:179 | MIRTH, OR LAUGHTER] Is represented in floral language by a saffron crocus with its petals turned down so as to show the whole of the stamina. || [T:292 | Excess is dangerous] A light saffron infusion was considered stimulating, while excess was said to cause madness (pp. 103–104).","[I:208] Crocus, Saffron || [I:644] Saffron Crocus || [P:082] Saffron Flower. — Crocus sativus. || [P:179] Saffron Crocus. || [T:292] Saffron (Crocus sativus)",I:208; I:644; P:082; P:179; T:292,[I:208] https://archive.org/details/florasymbolica00ingr/page/n402/mode/1up || [I:644] https://archive.org/details/florasymbolica00ingr/page/n406/mode/1up || [P:082] https://archive.org/details/floralemblems00philrich/page/n190/mode/1up || [P:179] https://archive.org/details/floralemblems00philrich/page/n290/mode/1up || [T:292] https://archive.org/details/sentimentofflowe00tyas/page/n342/mode/1up,,yes; yes — no botanical image file acquired in Stage 1,3,5,Conservative Stage 1 identity merge; source wording and provenance retained.,,
S1F-240,Sardony,Irony [T:294],"[T:294 | Irony] The poisonous plant is said to contract the dying mouth into the “Risus Sardonicus,” explaining its association with satire and cold irony (pp. 177–178).",[T:294] Sardony,T:294,[T:294] https://archive.org/details/sentimentofflowe00tyas/page/n342/mode/1up,,yes,1,1,Conservative Stage 1 identity merge; source wording and provenance retained.,,
S1F-241,Scarlet Fuchsia,Taste [I:292; P:273],"[I:292 | Taste] Source-specific context: Ingram presents Fuchsia as taste, records its naming for Leonhart Fuchs, and retells the story of an English nurseryman acquiring a rare plant brought home by a sailor. (printed pp. 148–149). || [P:273 | TASTE] Phillips bases taste on the harmony, colour, and graceful hanging form of fuchsia blossoms.","[I:292] Fuchsia, Scarlet || [P:273] Scarlet Fuchsia. — Fuchsia Corcinea.",I:292; P:273,[I:292] https://archive.org/details/florasymbolica00ingr/page/n402/mode/1up || [P:273] https://archive.org/details/floralemblems00philrich/page/n384/mode/1up,,yes; yes — no botanical image file acquired in Stage 1,2,2,Conservative Stage 1 identity merge; source wording and provenance retained.,,
S1F-242,Scarlet Geranium,Comforting [I:312] || PREFERENCE [P:215],"[I:312 | Comforting] Source-specific context: Ingram assigns deceit to the Geranium genus while emphasizing that its many varieties carry distinct meanings, and explains the crane's-bill, stork's-bill, and heron's-bill names. (printed pp. 146–147). || [P:215 | PREFERENCE] The emblem originated in the preference florists showed for cultivating scarlet geraniums.","[I:312] Geranium, Scarlet || [P:215] Scarlet Geranium.",I:312; P:215,[I:312] https://archive.org/details/florasymbolica00ingr/page/n403/mode/1up || [P:215] https://archive.org/details/floralemblems00philrich/page/n321/mode/1up,,yes; yes — no botanical image file acquired in Stage 1,2,2,Conservative Stage 1 identity merge; source wording and provenance retained.,,
S1F-243,Scarlet Ipomoea (Indian Jasmine),Attachment [I:370; P:017] || I attach myself to you [I:383; T:162; T:295],"[I:370; I:383 | Attachment; I attach myself to you] Source-specific context: Ingram favors amiability among Jasmine's many meanings, then distinguishes several fragrant varieties and recounts the plant's introduction and literary reputation. (printed pp. 68–71). || [P:017 | ATTACHMENT] This beautiful plant is made the emblem of attachment from its entwining nature ; which, like the bind weed of our fields, fixes itself to the first prop within its reach ; recompensing well The strength they borrow with the grace they lend. || [T:162; T:295 | I attach myself to you] Indian jasmine is a twining bindweed that needs support but covers it lightly with foliage and flowers (pp. 142–143).","[I:370] Indian Jasmine (Ipomœa) || [I:383] Jasmine, Indian || [P:017] Scarlet-flowered Ipomœa. — Ipomœa coccinea. || [T:162] Indian Jasmine || [T:295] Scarlet Ipomæa",I:370; I:383; P:017; T:162; T:295,[I:370] https://archive.org/details/florasymbolica00ingr/page/n403/mode/1up || [I:383] https://archive.org/details/florasymbolica00ingr/page/n403/mode/1up || [P:017] https://archive.org/details/floralemblems00philrich/page/n123/mode/1up || [T:162] https://archive.org/details/sentimentofflowe00tyas/page/n337/mode/1up || [T:295] https://archive.org/details/sentimentofflowe00tyas/page/n342/mode/1up,,yes; yes — no botanical image file acquired in Stage 1,3,5,Conservative Stage 1 identity merge; source wording and provenance retained.,,
S1F-244,Scarlet Nasturtium,SPLENDOUR [P:263],[P:263 | SPLENDOUR] Phillips describes the scarlet nasturtium as a Peruvian plant whose bright colour suggests splendour.,[P:263] Scarlet Nasturtium. — Thopæolum.,P:263,[P:263] https://archive.org/details/floralemblems00philrich/page/n374/mode/1up,,yes — no botanical image file acquired in Stage 1,1,1,Conservative Stage 1 identity merge; source wording and provenance retained.,,
S1F-245,Scarlet Poppy,Fantastic extravagance [I:575],[I:575 | Fantastic extravagance] Source-specific context: Ingram links Poppy with consolation and oblivion through its sleep-inducing qualities and the myth that Ceres used it to soothe her grief while searching for Proserpine. (printed pp. 140–141).,"[I:575] Poppy, Scarlet",I:575,[I:575] https://archive.org/details/florasymbolica00ingr/page/n405/mode/1up,,yes,1,1,Conservative Stage 1 identity merge; source wording and provenance retained.,,
S1F-246,Single China Aster,I will think of it [I:152],"[I:152 | I will think of it] Source-specific context: Ingram explains Aster as an after-thought because it flowers when most other blooms are scarce, and notes the star-shaped name and its vivid autumn garden display. (printed pp. 132–133).","[I:152] China Aster, Single",I:152,[I:152] https://archive.org/details/florasymbolica00ingr/page/n401/mode/1up,,yes,1,1,Conservative Stage 1 identity merge; source wording and provenance retained.,,
S1F-247,Single Pink,Pure love [I:557],"[I:557 | Pure love] Source-specific context: Ingram links Pink with pure love, explains its classical names as the divine or Jove's flower, and distinguishes smaller pinks and gillyflowers from larger carnations. (printed pp. 142–143).","[I:557] Pink, Single",I:557,[I:557] https://archive.org/details/florasymbolica00ingr/page/n405/mode/1up,,yes,1,1,Conservative Stage 1 identity merge; source wording and provenance retained.,,
S1F-248,Single Rose,Simplicity [I:624],"[I:624 | Simplicity] Source-specific context: Ingram presents Rose as the universal emblem of love and builds an extensive literary, historical, religious, and mythological survey around its beauty, fragrance, colours, and varieties. (printed pp. 23–48).","[I:624] Rose, Single",I:624,[I:624] https://archive.org/details/florasymbolica00ingr/page/n405/mode/1up,,yes,1,1,Conservative Stage 1 identity merge; source wording and provenance retained.,,
S1F-249,Small Bindweed,OBSTINACY [P:192],[P:192 | OBSTINACY] The small bindweed is presented as a formidable farm weed that is difficult to dispossess once established.,[P:192] Small Bindweed. — Convolvulus Arvensis.,P:192,[P:192] https://archive.org/details/floralemblems00philrich/page/n300/mode/1up,,yes — no botanical image file acquired in Stage 1,1,1,Conservative Stage 1 identity merge; source wording and provenance retained.,,
S1F-250,Small Cape Marigold,Presage [T:199],[T:199 | Presage] The small Cape marigold closes before rain and normally remains open from about seven until four in dry weather (pp. 226–227).,"[T:199] Marigold, Small Cape",T:199,[T:199] https://archive.org/details/sentimentofflowe00tyas/page/n339/mode/1up,,yes,1,1,Conservative Stage 1 identity merge; source wording and provenance retained.,,
S1F-251,Small White Bell Flower,Gratitude [I:75; P:128],"[I:75 | Gratitude] Source-specific context: Ingram presents the bell-flower genus as constancy while distinguishing meanings assigned to particular members, including Canterbury bells and their older names. (printed pp. 123–125). || [P:128 | GRATITUDE] This little bell flower is made the emblem of Gratitude, in allusion to its simplicity and salutary virtues ; or from the name which it bears in France of Religieuse des Champs.",[I:75] Bell Flower (sm. white) || [P:128] Small White Bell Flower. — Campanula.,I:75; P:128,[I:75] https://archive.org/details/florasymbolica00ingr/page/n400/mode/1up || [P:128] https://archive.org/details/floralemblems00philrich/page/n233/mode/1up,,yes; yes — no botanical image file acquired in Stage 1,2,2,Conservative Stage 1 identity merge; source wording and provenance retained.,,
S1F-252,Snapdragon,PRESUMPTION [P:216; T:301],"[P:216 | PRESUMPTION] This singular flower is made the symbol of presumption, from its monopetalous corolla forming a mask, which resembles the face of an animal. || [T:301 | Presumption] The article notes intensely scarlet flowers and the plant’s presumptuous spreading habit, which can force gardeners to banish it (pp. 227–228).",[P:216] Snap-dragon. — Antirrhinum. || [T:301] Snap Dragon,P:216; T:301,[P:216] https://archive.org/details/floralemblems00philrich/page/n322/mode/1up || [T:301] https://archive.org/details/sentimentofflowe00tyas/page/n342/mode/1up,,yes; yes — no botanical image file acquired in Stage 1,2,2,Conservative Stage 1 identity merge; source wording and provenance retained.,,
S1F-253,Snowdrop,Hope [I:666] || CONSOLATION [P:050; T:302],[I:666 | Hope] Source-specific context: Ingram presents Snowdrop chiefly as hope and friendship in adversity because its fragile bloom rises through winter frost and snow before other wild flowers. (printed pp. 156–157). || [P:050 | CONSOLATION] Phillips explains the snow-drop as the first flower to awaken after winter and includes literary quotations. || [T:302 | Consolation] The French name perce-neige is explained by the flower piercing snow while the landscape remains wintry (pp. 68–70).,[I:666] Snowdrop || [P:050] Snow-drop. — Galanthus nivalis. || [T:302] Snowdrop,I:666; P:050; T:302,[I:666] https://archive.org/details/florasymbolica00ingr/page/n406/mode/1up || [P:050] https://archive.org/details/floralemblems00philrich/page/n154/mode/1up || [T:302] https://archive.org/details/sentimentofflowe00tyas/page/n342/mode/1up,"[P:050] Plate 19, Consolation arising from Thoughts, scan n390",yes; yes — no botanical image file acquired in Stage 1,3,3,Conservative Stage 1 identity merge; source wording and provenance retained.,P-014,images/flower-crops/phillips-1825/p-014_snowdrop.jpg
S1F-254,Sorrowful Geranium,Melancholy spirit [T:132],"[T:132 | Melancholy spirit] The plant is said to shun daylight, retain a sombre appearance, and reward cultivation with perfume, contrasted with scarlet geranium (pp. 197–198).","[T:132] Geranium, Sorrowful",T:132,[T:132] https://archive.org/details/sentimentofflowe00tyas/page/n336/mode/1up,,yes,1,1,Conservative Stage 1 identity merge; source wording and provenance retained.,,
S1F-255,Spanish Jasmine,Sensuality [I:384; I:671; P:248],"[I:384; I:671 | Sensuality] Source-specific context: Ingram favors amiability among Jasmine's many meanings, then distinguishes several fragrant varieties and recounts the plant's introduction and literary reputation. (printed pp. 68–71). || [P:248 | SENSUALITY] The highly fragrant Spanish jasmine represents immoderate desire for sensual gratification; the text warns that sensual youth ends in premature age and infirmity.","[I:384] Jasmine, Spanish || [I:671] Spanish Jasmine || [P:248] Spanish Jasmine. — Jasminum grandiflorum.",I:384; I:671; P:248,[I:384] https://archive.org/details/florasymbolica00ingr/page/n403/mode/1up || [I:671] https://archive.org/details/florasymbolica00ingr/page/n406/mode/1up || [P:248] https://archive.org/details/floralemblems00philrich/page/n356/mode/1up,"[P:248] Plate 20, Sensuality, scan n409",yes; yes — no botanical image file acquired in Stage 1,2,3,Conservative Stage 1 identity merge; source wording and provenance retained.,P-022,images/flower-crops/phillips-1825/p-022_spanish-jasmine.jpg
S1F-256,Speedwell,Female fidelity [I:673],[I:673 | Female fidelity] Source-specific context: Ingram links Speedwell with fidelity and derives Veronica from the medieval legend of Saint Veronica's cloth bearing the true image of Christ's face. (printed pp. 249–250).,[I:673] Speedwell,I:673,[I:673] https://archive.org/details/florasymbolica00ingr/page/n406/mode/1up,,yes,1,1,Conservative Stage 1 identity merge; source wording and provenance retained.,,
S1F-257,Spider Ophrys,ADROITNESS [P:005] || Skill [T:303],"[P:005 | ADROITNESS] Feels at each thread, and lives along the line. || [T:303 | Skill] Arachne challenges Minerva in weaving, is changed into a spider, and gives the spider-like ophrys its skill association (pp. 257–258).",[P:005] Spider Ophrys. — Ophrys aranifera. || [T:303] Spider Ophrys,P:005; T:303,[P:005] https://archive.org/details/floralemblems00philrich/page/n112/mode/1up || [T:303] https://archive.org/details/sentimentofflowe00tyas/page/n342/mode/1up,,yes; yes — no botanical image file acquired in Stage 1,2,2,Conservative Stage 1 identity merge; source wording and provenance retained.,,
S1F-258,Spiderwort,Transient happiness [T:304],[T:304 | Transient happiness] The French called spiderwort Éphémérine de Virginie because each flower fades rapidly (pp. 277–278).,[T:304] Spiderwort,T:304,[T:304] https://archive.org/details/sentimentofflowe00tyas/page/n342/mode/1up,,yes,1,1,Conservative Stage 1 identity merge; source wording and provenance retained.,,
S1F-259,Spiked Speedwell,Semblance [I:675] || RESEMBLANCE [P:236],"[I:675 | Semblance] Source-specific context: Ingram links Speedwell with fidelity and derives Veronica from the medieval legend of Saint Veronica's cloth bearing the true image of Christ's face. (printed pp. 249–250). || [P:236 | RESEMBLANCE] This beautiful little blue flower, familiarly known by the name of bird's eye, is made the emblem of resemblance.","[I:675] Speedwell, Spiked || [P:236] Spiked Speedwell. — Veronica Spicata.",I:675; P:236,[I:675] https://archive.org/details/florasymbolica00ingr/page/n406/mode/1up || [P:236] https://archive.org/details/floralemblems00philrich/page/n346/mode/1up,,yes; yes — no botanical image file acquired in Stage 1,2,2,Conservative Stage 1 identity merge; source wording and provenance retained.,,
S1F-260,Spring Crocus,Youthful gladness [I:207],"[I:207 | Youthful gladness] Source-specific context: Ingram links Crocus with cheerfulness while reviewing its thread or saffron etymology, the myth of the transformed lover Crocus, and traditions about saffron's arrival in England. (printed pp. 107–109).","[I:207] Crocus, Spring",I:207,[I:207] https://archive.org/details/florasymbolica00ingr/page/n402/mode/1up,,yes,1,1,Conservative Stage 1 identity merge; source wording and provenance retained.,,
S1F-261,St Johns Wort,Superstition [I:684] || SUPERSTITIOUS SANCTITY [P:267],[I:684 | Superstition] Source-specific context: Ingram links St. John's Wort with superstition through traditions that it repelled evil spirits and protected homes when gathered around the saint's feast day. (printed pp. 194–196). || [P:267 | SUPERSTITIOUS SANCTITY] The name of this plant seems to have given the idea of the emblem.,[I:684] St. John’s Wort || [P:267] St. John's-wort. — Hypericum.,I:684; P:267,[I:684] https://archive.org/details/florasymbolica00ingr/page/n406/mode/1up || [P:267] https://archive.org/details/floralemblems00philrich/page/n378/mode/1up,,yes; yes — no botanical image file acquired in Stage 1,2,2,Conservative Stage 1 identity merge; source wording and provenance retained.,,
S1F-262,Starwort,After-thought [I:681],"[I:681 | After-thought] Source-specific context: Ingram explains Aster as an after-thought because it flowers when most other blooms are scarce, and notes the star-shaped name and its vivid autumn garden display. (printed pp. 132–133).",[I:681] Starwort,I:681,[I:681] https://archive.org/details/florasymbolica00ingr/page/n406/mode/1up,,yes,1,1,Conservative Stage 1 identity merge; source wording and provenance retained.,,
S1F-263,Stock (Gillyflower),Lasting beauty [I:685; P:163; T:133],"[I:685 | Lasting beauty] Source-specific context: Ingram presents Stock as lasting beauty, reviews the disputed historical scope of the name gillyflower, and describes centuries of cultivation that enlarged a modest seaside flower. (printed pp. 288–289). || [P:163 | LASTING BEAUTY] The stock is praised for durable charms and a fragrance that scents the garden, supporting the emblem of lasting beauty. || [T:133 | Lasting beauty] Tyas contrasts Greek flower-growing with Roman enthusiasm for floral crowns, then treats gillyflower as beauty preserved through cultivation (pp. 180–182).","[I:685] Stock || [P:163] Stock, or Gillyflower. — Mathiola. || [T:133] Gillyflower",I:685; P:163; T:133,[I:685] https://archive.org/details/florasymbolica00ingr/page/n406/mode/1up || [P:163] https://archive.org/details/floralemblems00philrich/page/n274/mode/1up || [T:133] https://archive.org/details/sentimentofflowe00tyas/page/n336/mode/1up,,yes; yes — no botanical image file acquired in Stage 1,3,3,Conservative Stage 1 identity merge; source wording and provenance retained.,,
S1F-264,Striped Pink Or Carnation,REFUSAL [P:231],"[P:231 | REFUSAL] Which some call, nature's bastards : of that kind Our rustic garden's barren ; and I care not To get slips of them.","[P:231] Striped Pink, or Carnation. — Dianthus.",P:231,[P:231] https://archive.org/details/floralemblems00philrich/page/n341/mode/1up,,yes — no botanical image file acquired in Stage 1,1,1,Conservative Stage 1 identity merge; source wording and provenance retained.,,
S1F-265,Sunflower,FALSE RICHES [P:096; T:312],"[P:096 | FALSE RICHES] Uplift, proud sun-flower, to thy favorite orb That disk whereon his brightness loves to dwell ; And as thou seem'st his radiance to absorb. || [T:312 | False riches] Ancient Peruvian sun attendants wore gold sunflower imitations, while Tyas contrasts such display with useful, life-sustaining wealth (pp. 106–109).",[P:096] Sun-flower. — Helianthus. || [T:312] Sun-flower,P:096; T:312,[P:096] https://archive.org/details/floralemblems00philrich/page/n207/mode/1up || [T:312] https://archive.org/details/sentimentofflowe00tyas/page/n342/mode/1up,"[P:096] Plate 13, False Riches, scan n185",yes; yes — no botanical image file acquired in Stage 1,2,2,Conservative Stage 1 identity merge; source wording and provenance retained.,P-023,images/flower-crops/phillips-1825/p-023_sunflower.jpg
S1F-266,Swamp Magnolia,Perseverance [I:442],"[I:442 | Perseverance] Source-specific context: Ingram presents Magnolia as magnificence, records its naming for Pierre Magnol and North American origin, and recounts the recovery of a long-neglected specimen near Nantes. (printed pp. 116–117).","[I:442] Magnolia, Swamp",I:442,[I:442] https://archive.org/details/florasymbolica00ingr/page/n404/mode/1up,,yes,1,1,Conservative Stage 1 identity merge; source wording and provenance retained.,,
S1F-267,Sweet Pea,DELICATE PLEASURE [P:071],"[P:071 | DELICATE PLEASURE] The wings of gentle flush, o'er delicate white.",[P:071] Sweet-pea. — Lathyrus Odoratus.,P:071,[P:071] https://archive.org/details/floralemblems00philrich/page/n176/mode/1up,"[P:071] Plate 16, Delicate and Lasting Pleasures, scan n264",yes — no botanical image file acquired in Stage 1,1,1,Conservative Stage 1 identity merge; source wording and provenance retained.,P-010,images/flower-crops/phillips-1825/p-010_sweet-pea.jpg
S1F-268,Sweet Scented Tussilage,YOU SHALL HAVE JUSTICE [P:308] || Justice shall be done you [T:314],"[P:308 | YOU SHALL HAVE JUSTICE] The plant's exquisite fragrance remained unknown until the nineteenth century; on discovering it, M. Villan is said to have exclaimed, “You shall have justice.” || [T:314 | Justice shall be done you] The entry tells of a poor Dutch miller whose landscape painting found a patron, then compares him with sweet tussilage recognized near Mount Pilat by a botanist (pp. 178–179).",[P:308] Sweet-scented Tussilage. — Tussilago fragrans. || [T:314] Sweet--scented Tussilage,P:308; T:314,[P:308] https://archive.org/details/floralemblems00philrich/page/n427/mode/1up || [T:314] https://archive.org/details/sentimentofflowe00tyas/page/n342/mode/1up,,yes; yes — no botanical image file acquired in Stage 1,2,2,Conservative Stage 1 identity merge; source wording and provenance retained.,,
S1F-269,Sweet Sultan,Felicity [T:315],"[T:315 | Felicity] Sweet Sultan is connected with Constantinople and Ottoman court fashion, and Parkinson records it in England in 1629 (pp. 109–110).",[T:315] Sweet Sultan,T:315,[T:315] https://archive.org/details/sentimentofflowe00tyas/page/n342/mode/1up,,yes,1,1,Conservative Stage 1 identity merge; source wording and provenance retained.,,
S1F-270,Sweet Sultan Honey Flower Or Sweet Scabious,"WIDOW, OR WIDOWHOOD [P:297]","[P:297 | WIDOW, OR WIDOWHOOD] Its Italian and French names mean widow's flower; the sable hue supports both widowhood and the expression that all has been lost.","[P:297] Sweet Sultan, Honey-flower, or Sweet Scabious. — Scabiosa atropurpurea.",P:297,[P:297] https://archive.org/details/floralemblems00philrich/page/n417/mode/1up,,yes — no botanical image file acquired in Stage 1,1,1,Conservative Stage 1 identity merge; source wording and provenance retained.,,
S1F-271,Sweet Sultan Or Centaury,FELICITY [P:100],"[P:100 | FELICITY] Phillips makes the honey-scented sweet sultan an emblem of felicity, emphasizing its fragrance and associations with Persian fields.","[P:100] Sweet Sultan, or Centaury. — Centaurea moschata.",P:100,[P:100] https://archive.org/details/floralemblems00philrich/page/n210/mode/1up,,yes — no botanical image file acquired in Stage 1,1,1,Conservative Stage 1 identity merge; source wording and provenance retained.,,
S1F-272,Sweet Violet,Modesty [I:752; P:181],"[I:752 | Modesty] Source-specific context: Ingram presents Violet chiefly as modesty while acknowledging faithfulness as a rival meaning and surveys the flower's exceptional place in Greek identity, myth, and European poetry. (printed pp. 256–261). || [P:181 | MODESTY] This unobtrusive flower is no less honoured by its emblem than the rose or the myrtle, to which it is so essential to complete the delights they can inspire.","[I:752] Violet, Sweet || [P:181] Sweet Violet. — Viola odorata.",I:752; P:181,[I:752] https://archive.org/details/florasymbolica00ingr/page/n406/mode/1up || [P:181] https://archive.org/details/floralemblems00philrich/page/n292/mode/1up,,yes; yes — no botanical image file acquired in Stage 1,2,2,Conservative Stage 1 identity merge; source wording and provenance retained.,,
S1F-273,Sweet White Violet,CANDOUR AND INNOCENCE [P:036],[P:036 | CANDOUR AND INNOCENCE] The daughters of the flood have search'd the mead For violets pale.,[P:036] Sweet White Violet. — Viola odorata.,P:036,[P:036] https://archive.org/details/floralemblems00philrich/page/n142/mode/1up,,yes — no botanical image file acquired in Stage 1,1,1,Conservative Stage 1 identity merge; source wording and provenance retained.,,
S1F-274,Sweet William,Gallantry. Dexterity [I:705] || CRAFTINESS [P:055] || Finesse [T:316],"[I:705 | Gallantry. Dexterity] Source-specific context: Ingram links Sweet William with finesse and dexterity through its neatly clustered, patterned blossoms and records names including Bearded Pink and poet's eye. (printed p. 290). || [P:055 | CRAFTINESS] Like that sweet flower that yields great Jove delight. || [T:316 | Finesse] Phillips compares Sweet William’s compact, many-coloured umbels with Flora’s palette of reds, purples, white, and black (pp. 110–111).",[I:705] Sweet William || [P:055] Sweet-william. — Dianthus Barbatus. || [T:316] Sweet William,I:705; P:055; T:316,[I:705] https://archive.org/details/florasymbolica00ingr/page/n406/mode/1up || [P:055] https://archive.org/details/floralemblems00philrich/page/n162/mode/1up || [T:316] https://archive.org/details/sentimentofflowe00tyas/page/n342/mode/1up,,yes; yes — no botanical image file acquired in Stage 1,3,3,Conservative Stage 1 identity merge; source wording and provenance retained.,,
S1F-275,Syringa,Memory. Fraternal sympathy [I:707] || MEMORY [P:177],[I:707 | Memory. Fraternal sympathy] Source-specific context: Ingram links Syringa with fraternal love through the name Philadelphus and the tradition of Ptolemy Philadelphus's devotion to his brother. (printed p. 306). || [P:177 | MEMORY] Syringa represents memory because its penetrating fragrance continues to dwell on the senses after it is inhaled.,"[I:707] Syringa || [P:177] Syringa, or Mock Orange. — Philadelphus.",I:707; P:177,[I:707] https://archive.org/details/florasymbolica00ingr/page/n406/mode/1up || [P:177] https://archive.org/details/floralemblems00philrich/page/n288/mode/1up,,yes; yes — no botanical image file acquired in Stage 1,2,2,Conservative Stage 1 identity merge; source wording and provenance retained.,,
S1F-276,Syringa Carolina Are,Disappointment [I:708],[I:708 | Disappointment] Source-specific context: Ingram links Syringa with fraternal love through the name Philadelphus and the tradition of Ptolemy Philadelphus's devotion to his brother. (printed p. 306).,"[I:708] Syringa, Carolina are",I:708,[I:708] https://archive.org/details/florasymbolica00ingr/page/n406/mode/1up,,yes,1,1,Conservative Stage 1 identity merge; source wording and provenance retained.,,
S1F-277,Tall Sunflower,Haughtiness. False riches [I:697],[I:697 | Haughtiness. False riches] Source-specific context: Ingram presents Sunflower as false riches while reviewing the old belief that its bloom follows the sun and contrasting meanings assigned in other floral traditions. (printed pp. 320–323).,"[I:697] Sunflower, Tall",I:697,[I:697] https://archive.org/details/florasymbolica00ingr/page/n406/mode/1up,,yes,1,1,Conservative Stage 1 identity merge; source wording and provenance retained.,,
S1F-278,Tansy,RESISTANCE [P:238],"[P:238 | RESISTANCE] This once-celebrated balsamic plant was believed to resist contagion, supplying the emblem of resistance.",[P:238] Tansy. — Tanacetum.,P:238,[P:238] https://archive.org/details/floralemblems00philrich/page/n348/mode/1up,,yes — no botanical image file acquired in Stage 1,1,1,Conservative Stage 1 identity merge; source wording and provenance retained.,,
S1F-279,Ten Week Stock,Promptness [I:686] || PROMPTITUDE [P:221; T:309],"[I:686 | Promptness] Source-specific context: Ingram presents Stock as lasting beauty, reviews the disputed historical scope of the name gillyflower, and describes centuries of cultivation that enlarged a modest seaside flower. (printed pp. 288–289). || [P:221 | PROMPTITUDE] The plant's rapid growth and flowering supply the source's rationale for promptitude. || [T:309 | Promptitude] Ten-week stock can flower about forty days after sowing; staggered sowings are advised for continuous summer bloom (pp. 228–229).","[I:686] Stock, Ten-week || [P:221] Ten Weeks' Stock. — Cheiranthus Annuus. || [T:309] Stock, Ten-week",I:686; P:221; T:309,[I:686] https://archive.org/details/florasymbolica00ingr/page/n406/mode/1up || [P:221] https://archive.org/details/floralemblems00philrich/page/n331/mode/1up || [T:309] https://archive.org/details/sentimentofflowe00tyas/page/n342/mode/1up,,yes; yes — no botanical image file acquired in Stage 1,3,3,Conservative Stage 1 identity merge; source wording and provenance retained.,,
S1F-280,Thistle,Austerity. Independence [I:713] || Austerity [T:319],"[I:713 | Austerity. Independence] Source-specific context: Ingram presents Thistle as independence through its Scottish national symbolism, heraldic motto, and traditions concerning its adoption by Scotland. (printed pp. 269–271). || [T:319 | Austerity] The thistle is connected with Scotland’s Order of St Andrew, its gold floral collar, and warning motto (pp. 43–44).","[I:713] Thistle, Common || [T:319] Thistle",I:713; T:319,[I:713] https://archive.org/details/florasymbolica00ingr/page/n406/mode/1up || [T:319] https://archive.org/details/sentimentofflowe00tyas/page/n343/mode/1up,,yes,2,2,Conservative Stage 1 identity merge; source wording and provenance retained.,,
S1F-281,Thistle Scotch,R etaliation [I:715],"[I:715 | R etaliation] Source-specific context: Ingram presents Thistle as independence through its Scottish national symbolism, heraldic motto, and traditions concerning its adoption by Scotland. (printed pp. 269–271).","[I:715] Thistle, Scotch",I:715,[I:715] https://archive.org/details/florasymbolica00ingr/page/n406/mode/1up,,yes,1,1,Conservative Stage 1 identity merge; source wording and provenance retained.,,
S1F-282,Thorn Apple,DECEITFUL CHARMS [P:065; T:322],"[P:065 | DECEITFUL CHARMS] The thorn-apple's elegant foliage and graceful white corollas conceal its harmful narcotic nature, which supplies the rationale for deceitful charms. || [T:322 | Deceitful charms] Datura’s flowers droop in sunlight and open at night, while the article warns of the plant’s danger (pp. 78–79).",[P:065] Thorn-apple. — Datura Stramonium. || [T:322] Thorn Apple,P:065; T:322,[P:065] https://archive.org/details/floralemblems00philrich/page/n171/mode/1up || [T:322] https://archive.org/details/sentimentofflowe00tyas/page/n343/mode/1up,"[P:065] Plate 13, Deceitful Charms, scan n185",yes; yes — no botanical image file acquired in Stage 1,2,2,Conservative Stage 1 identity merge; source wording and provenance retained.,P-024,images/flower-crops/phillips-1825/p-024_thorn-apple.jpg
S1F-283,Thrift,DAUNTLESSNESS [P:062] || Sympathy [T:321],"[P:062 | DAUNTLESSNESS] This plant, which seeks the sea shore, and Stems the bold torrent with a dauntless breast. || [T:321 | Sympathy] The Greek-derived name statice is associated with stopping or uniting, while the many small flowers turn toward the sun (pp. 269–270).","[P:062] Thrift, or Sea Pink. — Statice Armeria. || [T:321] Thrift",P:062; T:321,[P:062] https://archive.org/details/floralemblems00philrich/page/n169/mode/1up || [T:321] https://archive.org/details/sentimentofflowe00tyas/page/n343/mode/1up,"[T:321] Plate VI (facing p. 208), group plate: Thrift / Dog Rose / Broom",no; yes — no botanical image file acquired in Stage 1,2,2,Conservative Stage 1 identity merge; source wording and provenance retained.,T-013,images/flower-crops/tyas-1869/t-013_thrift.jpg
S1F-284,Throat Wort,NEGLECTED BEAUTY [P:188],"[P:188 | NEGLECTED BEAUTY] Because poets, painters, and most florists had overlooked this beautiful flower, the author offers it as an emblem of neglected beauty.",[P:188] Throat-wort. — Trachelium.,P:188,[P:188] https://archive.org/details/floralemblems00philrich/page/n297/mode/1up,,yes — no botanical image file acquired in Stage 1,1,1,Conservative Stage 1 identity merge; source wording and provenance retained.,,
S1F-285,Trumpet Flower (Virginian/Carolina Jasmine),Separation [I:382; P:249; T:168; T:327],"[I:382 | Separation] Source-specific context: Ingram favors amiability among Jasmine's many meanings, then distinguishes several fragrant varieties and recounts the plant's introduction and literary reputation. (printed pp. 68–71). || [P:249 | SEPARATION] Separations are eagerly announced by the trumpets of scandal and ill-nature, who by their discordant sounds, frequently prevent the possibility of a re-union. || [T:168 | Separation] The article identifies the trumpet flower as French “Jasmin de Virginie”/American Jasmine, notes orange flowers in July–August, and discusses hummingbirds using its leaves (pp. 253–254). || [T:327 | Separation] The climber is identified as French “Jasmin de Virginie”/American Jasmine, with orange July–August flowers and an associated hummingbird account (pp. 252–253).","[I:382] Jasmine, Carolina || [P:249] Ash-leaved Trumpet Flower. — Bignonia radicans. || [T:168] Jasmine, Virginian || [T:327] Trumpet Flower (Bignonia)",I:382; P:249; T:168; T:327,[I:382] https://archive.org/details/florasymbolica00ingr/page/n403/mode/1up || [P:249] https://archive.org/details/floralemblems00philrich/page/n357/mode/1up || [T:168] https://archive.org/details/sentimentofflowe00tyas/page/n338/mode/1up || [T:327] https://archive.org/details/sentimentofflowe00tyas/page/n343/mode/1up,"[T:327] Plate IV (facing p. 117), group plate: Trumpet Flower / Forget-me-not / Bramble",no; yes; yes — no botanical image file acquired in Stage 1,3,4,Conservative Stage 1 identity merge; source wording and provenance retained.,T-007,images/flower-crops/tyas-1869/t-007_trumpet-flower.jpg
S1F-286,Tuberose,Dangerous pleasures [I:730] || VOLUPTUOUSNESS [P:292],"[I:730 | Dangerous pleasures] Source-specific context: Ingram presents Tuberose as dangerous pleasures through the flower's exceptionally strong perfume, while explaining that its name derives from Polianthes tuberosa rather than tubes or roses. (printed pp. 134–135). || [P:292 | VOLUPTUOUSNESS] A poem calls the tuberose the silver-bright mistress of the night in Malay gardens, appearing like a scented bride when the sun is away.",[I:730] Tuberose || [P:292] Tuberose. — Polyanthes tuberosa.,I:730; P:292,[I:730] https://archive.org/details/florasymbolica00ingr/page/n406/mode/1up || [P:292] https://archive.org/details/floralemblems00philrich/page/n412/mode/1up,"[P:292] Plate 20, Idleness, Voluptuousness, &c., scan n409",yes; yes — no botanical image file acquired in Stage 1,2,2,Conservative Stage 1 identity merge; source wording and provenance retained.,P-016,images/flower-crops/phillips-1825/p-016_tuberose.jpg
S1F-287,Tulip,DECLARATION OF LOVE [P:068; T:329],"[P:068 | DECLARATION OF LOVE] Then comes the tulip race, where beauty plays Her idle freaks. || [T:329 | Declaration of love] On the Bosphorus tulip signifies both inconstancy and violent love, while its colour variations support a declaration in floral language (pp. 74–77).",[P:068] Tulip. — Tulipa. || [T:329] Tulip,P:068; T:329,[P:068] https://archive.org/details/floralemblems00philrich/page/n173/mode/1up || [T:329] https://archive.org/details/sentimentofflowe00tyas/page/n343/mode/1up,"[P:068] Plate 1, Declaration of Love (frontispiece), scan n7 || [T:329] Plate III (facing p. 74), group plate: Tulip / White Lily / Fuchsia",no; yes — no botanical image file acquired in Stage 1,2,2,Conservative Stage 1 identity merge; source wording and provenance retained.,P-001; T-003,images/flower-crops/phillips-1825/p-001_tulip.jpg; images/flower-crops/tyas-1869/t-003_tulip.jpg
S1F-288,Valerian,ACCOMMODATING DISPOSITION [P:002],"[P:002 | ACCOMMODATING DISPOSITION] This plant propagates itself with equal facility in the rich borders of the parterre, or in the dry crevices of old walls, hence the emblem.",[P:002] Valerian. — Valeriana Rubra.,P:002,[P:002] https://archive.org/details/floralemblems00philrich/page/n109/mode/1up,,yes — no botanical image file acquired in Stage 1,1,1,Conservative Stage 1 identity merge; source wording and provenance retained.,,
S1F-289,Variegated Pink,Refusal [I:558],"[I:558 | Refusal] Source-specific context: Ingram links Pink with pure love, explains its classical names as the divine or Jove's flower, and distinguishes smaller pinks and gillyflowers from larger carnations. (printed pp. 142–143).","[I:558] Pink, Variegated",I:558,[I:558] https://archive.org/details/florasymbolica00ingr/page/n405/mode/1up,,yes,1,1,Conservative Stage 1 identity merge; source wording and provenance retained.,,
S1F-290,Variegated Tulip,Beautiful eyes [I:732],"[I:732 | Beautiful eyes] Source-specific context: Ingram presents Tulip chiefly as a declaration of love, traces its Persian name and European introduction, and recounts the seventeenth-century Dutch speculative mania for rare bulbs. (printed pp. 208–210).","[I:732] Tulip, Variegated",I:732,[I:732] https://archive.org/details/florasymbolica00ingr/page/n406/mode/1up,,yes,1,1,Conservative Stage 1 identity merge; source wording and provenance retained.,,
S1F-291,Venus Looking Glass,FLATTERY [P:106; T:330],"[P:106 | FLATTERY] Phillips connects the flower's brilliant corollas and looking-glass name with reflection and flattery; the accompanying verse presents flattery as an intoxicating appeal to unguarded self-love. || [T:330 | Flattery] The starry purple flowers resemble a mirror and close when sunlight is blocked, before Tyas introduces a Venus mirror legend (pp. 114–115).",[P:106] Venus's Looking-glass. — Campanula Speculum. || [T:330] Venus’ Looking-glass,P:106; T:330,[P:106] https://archive.org/details/floralemblems00philrich/page/n216/mode/1up || [T:330] https://archive.org/details/sentimentofflowe00tyas/page/n343/mode/1up,,yes; yes — no botanical image file acquired in Stage 1,2,2,Conservative Stage 1 identity merge; source wording and provenance retained.,,
S1F-292,Vervain,Enchantment [I:748; T:332] || SUPERSTITION [P:266],"[I:748 | Enchantment] Source-specific context: Ingram links Vervain with enchantment through Greek, Roman, and Druidic beliefs, including its ceremonial use by envoys seeking peace or reconciliation. (printed pp. 72–74). || [P:266 | SUPERSTITION] Vervain was used in religious ceremonies, credited with repelling witches and enchanters, and worn in crowns by ancient heralds announcing war or defiance. || [T:332 | Enchantment] The vervain article surveys ritual and magical associations that outlived classical altars and Druidic forests (pp. 96–98).",[I:748] Vervain || [P:266] Vervian. — Verbena. || [T:332] Vervain,I:748; P:266; T:332,[I:748] https://archive.org/details/florasymbolica00ingr/page/n406/mode/1up || [P:266] https://archive.org/details/floralemblems00philrich/page/n377/mode/1up || [T:332] https://archive.org/details/sentimentofflowe00tyas/page/n343/mode/1up,,yes; yes — no botanical image file acquired in Stage 1,3,3,Conservative Stage 1 identity merge; source wording and provenance retained.,,
S1F-293,Violet Dame,Watchfulness [I:751],"[I:751 | Watchfulness] Source-specific context: Ingram presents Violet chiefly as modesty while acknowledging faithfulness as a rival meaning and surveys the flower's exceptional place in Greek identity, myth, and European poetry. (printed pp. 256–261).","[I:751] Violet, Dame",I:751,[I:751] https://archive.org/details/florasymbolica00ingr/page/n406/mode/1up,,yes,1,1,Conservative Stage 1 identity merge; source wording and provenance retained.,,
S1F-294,Virgin S Bower,ARTIFICE [P:013],"[P:013 | ARTIFICE] When artifice is innocently resorted to for the purpose of giving pleasure, it may be compared to the agreeable fragrance of the sweet clematis.",[P:013] Virgin's-bower. — Clematis flammula.,P:013,[P:013] https://archive.org/details/floralemblems00philrich/page/n119/mode/1up,,yes — no botanical image file acquired in Stage 1,1,1,Conservative Stage 1 identity merge; source wording and provenance retained.,,
S1F-295,Virginian Spider Wort,MOMENTARY HAPPINESS [P:182],"[P:182 | MOMENTARY HAPPINESS] The emblem refers to the spiderwort's fragile flowers, which wither almost as soon as they are fully formed.",[P:182] Virginian Spider-wort. — Tradescantia virginica.,P:182,[P:182] https://archive.org/details/floralemblems00philrich/page/n293/mode/1up,,yes — no botanical image file acquired in Stage 1,1,1,Conservative Stage 1 identity merge; source wording and provenance retained.,,
S1F-296,Wall Speedwell,FIDELITY [P:101],"[P:101 | FIDELITY] This beautiful plant, that attaches itself to old walls, And decks his branch with blossoms over all ; reflecting in its petals the azure of the heavens, is made the symbol of fidelity.",[P:101] Wall Speedwell. — Veronica arvensis.,P:101,[P:101] https://archive.org/details/floralemblems00philrich/page/n211/mode/1up,,yes — no botanical image file acquired in Stage 1,1,1,Conservative Stage 1 identity merge; source wording and provenance retained.,,
S1F-297,Wallflower,Fidelity in adversity [I:759; T:337] || FIDELITY IN MISFORTUNE [P:104],"[I:759 | Fidelity in adversity] Source-specific context: Ingram links Wallflower with fidelity in misfortune through medieval traditions in which troubadours wore it as a sign of unchanging affection. (printed pp. 284–285). || [P:104 | FIDELITY IN MISFORTUNE] The wall-flower represents fidelity in misfortune because it clings to desolate ruins and enlivens structures damaged by time and neglect. || [T:337 | Fidelity in adversity] After royal tomb sculptures were broken during the French Revolution, wallflowers covered the discarded fragments and perfumed their hiding place (pp. 104–106).",[I:759] Wallflower || [P:104] Wall-flower. — Cheiranthus Cheiri. || [T:337] Wall-flower,I:759; P:104; T:337,[I:759] https://archive.org/details/florasymbolica00ingr/page/n406/mode/1up || [P:104] https://archive.org/details/floralemblems00philrich/page/n214/mode/1up || [T:337] https://archive.org/details/sentimentofflowe00tyas/page/n343/mode/1up,,yes; yes — no botanical image file acquired in Stage 1,3,3,Conservative Stage 1 identity merge; source wording and provenance retained.,,
S1F-298,Water Lily,SILENCE [P:253] || Eloquence [T:338],"[P:253 | SILENCE] I suffer not a woman to teach, nor to usurp authority over the man, but to be in silence. || [T:338 | Eloquence] The Egyptian lotus closes and rests on the lake at sunset, then rises and opens with the sun (pp. 95–96).","[P:253] Lotus flower, or Water Lily. — Nymphæa. || [T:338] Water Lily",P:253; T:338,[P:253] https://archive.org/details/floralemblems00philrich/page/n360/mode/1up || [T:338] https://archive.org/details/sentimentofflowe00tyas/page/n343/mode/1up,,yes; yes — no botanical image file acquired in Stage 1,2,2,Conservative Stage 1 identity merge; source wording and provenance retained.,,
S1F-299,White Camellia Japonica,Perfected loveliness [I:118],"[I:118 | Perfected loveliness] Source-specific context: Ingram presents Camellia Japonica as supreme loveliness, contrasting its visual beauty and German emblematic sovereignty with its lack of the rose's fragrance. (printed pp. 222–223).","[I:118] Ditto, White",I:118,[I:118] https://archive.org/details/florasymbolica00ingr/page/n401/mode/1up,,yes,1,1,Conservative Stage 1 identity merge; source wording and provenance retained.,,
S1F-300,White Clover,Think of me. Promise [I:175],"[I:175 | Think of me. Promise] Source-specific context: Ingram links white Clover or shamrock with promise and surveys its Irish national and religious symbolism, including the tradition that St. Patrick used the trefoil to explain the Trinity. (printed pp. 235–236).","[I:175] Clover, White",I:175,[I:175] https://archive.org/details/florasymbolica00ingr/page/n401/mode/1up,,yes,1,1,Conservative Stage 1 identity merge; source wording and provenance retained.,,
S1F-301,White Daisy,I will think of it [T:103],[T:103 | I will think of it] The chivalric custom described has an undecided lady wear a frontlet of white daisies to say “I will think of it” (pp. 155–156).,"[T:103] ——, White",T:103,[T:103] https://archive.org/details/sentimentofflowe00tyas/page/n335/mode/1up,,yes,1,1,Conservative Stage 1 identity merge; source wording and provenance retained.,,
S1F-302,White Dried Rose,DEATH SAID TO BE PREFERABLE TO THE LOSS OF INNOCENCE [P:064],[P:064 | DEATH SAID TO BE PREFERABLE TO THE LOSS OF INNOCENCE] A poem on Edward IV and the Wars of the Roses contrasts the raised white rose with the trampled red; a sermon excerpt places death before loss of innocence.,[P:064] A white Rose dried.,P:064,[P:064] https://archive.org/details/floralemblems00philrich/page/n170/mode/1up,,yes — no botanical image file acquired in Stage 1,1,1,Conservative Stage 1 identity merge; source wording and provenance retained.,,
S1F-303,White Hyacinth,Unobtrusive loveliness [I:362],[I:362 | Unobtrusive loveliness] Source-specific context: Ingram connects Hyacinth with game or play through the myth in which Hyacinthus dies during a discus game and Apollo causes the flower to spring from his blood. (printed pp. 126–128).,"[I:362] Hyacinth, White",I:362,[I:362] https://archive.org/details/florasymbolica00ingr/page/n403/mode/1up,,yes,1,1,Conservative Stage 1 identity merge; source wording and provenance retained.,,
S1F-304,White Jasmine,Amiableness [I:767; P:008],"[I:767 | Amiableness] Source-specific context: Ingram favors amiability among Jasmine's many meanings, then distinguishes several fragrant varieties and recounts the plant's introduction and literary reputation. (printed pp. 68–71). || [P:008 | AMIABLENESS] The jessamine, with which the queen of flowers To charm her god, adorns his favourite bowers ; Which brides by the plain hand of neatness drest, Unenvied rival !",[I:767] White Jasmine || [P:008] White Jasmine. — Jasminum Officinale.,I:767; P:008,[I:767] https://archive.org/details/florasymbolica00ingr/page/n407/mode/1up || [P:008] https://archive.org/details/floralemblems00philrich/page/n115/mode/1up,,yes; yes — no botanical image file acquired in Stage 1,2,2,Conservative Stage 1 identity merge; source wording and provenance retained.,,
S1F-305,White Lilac,Youthful innocence [I:417] || Youth [T:182],"[I:417 | Youthful innocence] Source-specific context: Ingram links Lilac with love's first emotions through its early fragrant bloom and recounts a tradition that a celebrated flower painter despaired of reproducing its harmonious colours. (printed pp. 114–115). || [T:182 | Youth] Its pure, short-lived white flowers are made an emblem of fleeting youth that wealth or power cannot restore (pp. 287–288).","[I:417] Lilac, White || [T:182] ——, White",I:417; T:182,[I:417] https://archive.org/details/florasymbolica00ingr/page/n403/mode/1up || [T:182] https://archive.org/details/sentimentofflowe00tyas/page/n338/mode/1up,,yes,2,2,Conservative Stage 1 identity merge; source wording and provenance retained.,,
S1F-306,White Lily,Purity. Sweetness [I:420] || PURITY AND MODESTY [P:225; T:183],"[I:420 | Purity. Sweetness] Source-specific context: Ingram presents Lily as majesty through its dedication to Juno, biblical esteem, and temple ornament, while noting that individual lily varieties carry separate meanings. (printed pp. 272–275). || [P:225 | PURITY AND MODESTY] All nations and ages agree in making this flower the symbol of purity and modesty ; and its beauty and delicacy has ever been the theme of admiration with the poets from the time of Solomon to the present day. || [T:183 | Purity and Modesty] Tyas combines the lily’s white form with Christian purity and the mythic account in which Juno’s milk produced lilies (pp. 231–236).","[I:420] Lily, White || [P:225] White Lily. — Lilium Candidum. || [T:183] Lily, White",I:420; P:225; T:183,[I:420] https://archive.org/details/florasymbolica00ingr/page/n403/mode/1up || [P:225] https://archive.org/details/floralemblems00philrich/page/n335/mode/1up || [T:183] https://archive.org/details/sentimentofflowe00tyas/page/n338/mode/1up,"[T:183] Plate III (facing p. 74), group plate: Tulip / White Lily / Fuchsia",no; yes; yes — no botanical image file acquired in Stage 1,3,3,Conservative Stage 1 identity merge; source wording and provenance retained.,T-004,images/flower-crops/tyas-1869/t-004_white-lily.jpg
S1F-307,White Mullein,GOOD-NATURE [P:122],"[P:122 | GOOD-NATURE] This medicinal plant was formerly in great repute on account of its power to soothe and mitigate pain ; and from hence, we presume, the emblem.",[P:122] White Mullein. — Verbaseum Lychnities.,P:122,[P:122] https://archive.org/details/floralemblems00philrich/page/n228/mode/1up,,yes — no botanical image file acquired in Stage 1,1,1,Conservative Stage 1 identity merge; source wording and provenance retained.,,
S1F-308,White Periwinkle,Pleasures of memory [I:538],[I:538 | Pleasures of memory] Source-specific context: Ingram links Periwinkle with tender recollections through Rousseau's account of recognizing the flower after thirty years and recovering a vivid memory of Madame de Warens. (printed pp. 86–87).,"[I:538] Periwinkle, White",I:538,[I:538] https://archive.org/details/florasymbolica00ingr/page/n405/mode/1up,,yes,1,1,Conservative Stage 1 identity merge; source wording and provenance retained.,,
S1F-309,White Pink,Ingeniousness. Talent [I:559] || TALENT [P:271],"[I:559 | Ingeniousness. Talent] Source-specific context: Ingram links Pink with pure love, explains its classical names as the divine or Jove's flower, and distinguishes smaller pinks and gillyflowers from larger carnations. (printed pp. 142–143). || [P:271 | TALENT] Sweet flower, beneath thy natal sky No fav'ring smiles thy scents invite ; To Britain's worthier regions fly.","[I:559] Pink, White || [P:271] White Pink. — Dianthus.",I:559; P:271,[I:559] https://archive.org/details/florasymbolica00ingr/page/n405/mode/1up || [P:271] https://archive.org/details/floralemblems00philrich/page/n382/mode/1up,,yes; yes — no botanical image file acquired in Stage 1,2,2,Conservative Stage 1 identity merge; source wording and provenance retained.,,
S1F-310,White Poppy,Sleep. My bane [I:576] || SLEEP OF THE HEART [P:251; T:263],"[I:576 | Sleep. My bane] Source-specific context: Ingram links Poppy with consolation and oblivion through its sleep-inducing qualities and the myth that Ceres used it to soothe her grief while searching for Proserpine. (printed pp. 140–141). || [P:251 | SLEEP OF THE HEART] The poppy is described as both balm and bane: its sleep-inducing qualities mitigate pain while damping the mind's energies. || [T:263 | Sleep of the heart] After verse on white poppies and sleep, Tyas notes oil expressed from the seeds that calms the senses and provokes sleep (pp. 258–260).","[I:576] Poppy, White || [P:251] White Poppy. — Papaver Somniforum. || [T:263] ——, White",I:576; P:251; T:263,[I:576] https://archive.org/details/florasymbolica00ingr/page/n405/mode/1up || [P:251] https://archive.org/details/floralemblems00philrich/page/n358/mode/1up || [T:263] https://archive.org/details/sentimentofflowe00tyas/page/n341/mode/1up,,yes; yes — no botanical image file acquired in Stage 1,3,3,Conservative Stage 1 identity merge; source wording and provenance retained.,,
S1F-311,White Rose,I am worthy of you [I:627] || Silence [T:283],"[I:627 | I am worthy of you] Source-specific context: Ingram presents Rose as the universal emblem of love and builds an extensive literary, historical, religious, and mythological survey around its beauty, fragrance, colours, and varieties. (printed pp. 23–48). || [T:283 | Silence] A white rose is held by the god of silence, and roses carved over banquet-room doors warn guests not to repeat what is said within (pp. 255–256).","[I:627] Rose, White || [T:283] ——, White",I:627; T:283,[I:627] https://archive.org/details/florasymbolica00ingr/page/n405/mode/1up || [T:283] https://archive.org/details/sentimentofflowe00tyas/page/n341/mode/1up,,yes,2,2,Conservative Stage 1 identity merge; source wording and provenance retained.,,
S1F-312,White Rosebud,Girlhood [I:635] || A HEART IGNORANT OF LOVE [P:130] || The heart that knows not love [T:286],"[I:635 | Girlhood] Source-specific context: Ingram presents Rose as the universal emblem of love and builds an extensive literary, historical, religious, and mythological survey around its beauty, fragrance, colours, and varieties. (printed pp. 23–48). || [P:130 | A HEART IGNORANT OF LOVE] Mythology says the rose was originally white until the blood of Venus gave it a warmer tint. || [T:286 | The heart that knows not love] A Cupid story says spilled nectar turned formerly white roses red, leaving the unopened white bud as a heart untouched by love (pp. 272–273).","[I:635] Rosebud, White || [P:130] Bud of a white Rose. || [T:286] ——, White",I:635; P:130; T:286,[I:635] https://archive.org/details/florasymbolica00ingr/page/n405/mode/1up || [P:130] https://archive.org/details/floralemblems00philrich/page/n235/mode/1up || [T:286] https://archive.org/details/sentimentofflowe00tyas/page/n341/mode/1up,,yes; yes — no botanical image file acquired in Stage 1,3,3,Conservative Stage 1 identity merge; source wording and provenance retained.,,
S1F-313,White Violet,PURITY OF SENTIMENT [P:226] || Candour [T:335],[P:226 | PURITY OF SENTIMENT] A Shakespearean passage likens music's dying fall to sweet breath moving over a bank of violets; the white violet is paired with purity of sentiment. || [T:335 | Candour] The white violet is claimed to become blue and more fragrant in rich soil or cultivation (pp. 60–61).,"[P:226] White Violet. — Viola alba. || [T:335] ——, White",P:226; T:335,[P:226] https://archive.org/details/floralemblems00philrich/page/n336/mode/1up || [T:335] https://archive.org/details/sentimentofflowe00tyas/page/n343/mode/1up,,yes; yes — no botanical image file acquired in Stage 1,2,2,Conservative Stage 1 identity merge; source wording and provenance retained.,,
S1F-314,White Withered Rose,Transient impression [I:628],"[I:628 | Transient impression] Source-specific context: Ingram presents Rose as the universal emblem of love and builds an extensive literary, historical, religious, and mythological survey around its beauty, fragrance, colours, and varieties. (printed pp. 23–48).","[I:628] Rose, White (withered)",I:628,[I:628] https://archive.org/details/florasymbolica00ingr/page/n405/mode/1up,,yes,1,1,Conservative Stage 1 identity merge; source wording and provenance retained.,,
S1F-315,Wild Daisy,I will think of it [I:225],"[I:225 | I will think of it] Source-specific context: Ingram treats Daisy as innocence and explains its exceptional poetic popularity through its persistence, its old name day's-eye, and its Marguerite associations in French courtly symbolism. (printed pp. 266–268).","[I:225] Daisy, Wild",I:225,[I:225] https://archive.org/details/florasymbolica00ingr/page/n402/mode/1up,,yes,1,1,Conservative Stage 1 identity merge; source wording and provenance retained.,,
S1F-316,Wild Geranium,Steadfast piety [I:314],"[I:314 | Steadfast piety] Source-specific context: Ingram assigns deceit to the Geranium genus while emphasizing that its many varieties carry distinct meanings, and explains the crane's-bill, stork's-bill, and heron's-bill names. (printed pp. 146–147).","[I:314] Geranium, Wild",I:314,[I:314] https://archive.org/details/florasymbolica00ingr/page/n403/mode/1up,,yes,1,1,Conservative Stage 1 identity merge; source wording and provenance retained.,,
S1F-317,Wild/Dog Rose,Pleasure and pain [I:615] || Simplicity [T:282; T:340],"[I:615 | Pleasure and pain] Source-specific context: Ingram presents Rose as the universal emblem of love and builds an extensive literary, historical, religious, and mythological survey around its beauty, fragrance, colours, and varieties. (printed pp. 23–48). || [T:282; T:340 | Simplicity] The dog rose belongs to the rustic bouquet, while Clemence Isaure’s floral games awarded a single rose for eloquence (pp. 256–257).","[I:615] Rose, Dog || [T:282] ——, Wild || [T:340] Wild or Dog Rose",I:615; T:282; T:340,[I:615] https://archive.org/details/florasymbolica00ingr/page/n405/mode/1up || [T:282] https://archive.org/details/sentimentofflowe00tyas/page/n341/mode/1up || [T:340] https://archive.org/details/sentimentofflowe00tyas/page/n343/mode/1up,"[T:340] Plate VI (facing p. 208), shown under plate label “Dog Rose”",no; yes,2,3,Conservative Stage 1 identity merge; source wording and provenance retained.,T-012,images/flower-crops/tyas-1869/t-012_dog-rose.jpg
S1F-318,Willow Herb,CELIBACY [P:038] || Pretension [T:341],"[P:038 | CELIBACY] The French name Laurier Saint Antoine links the plant to Saint Antony, presented as the first founder of monastic institutions and therefore to celibacy. || [T:341 | Pretension] Riverside willow herb is showy and vigorous enough to grow beneath trees and in smoky cities (pp. 227–228).","[P:038] Rosebay Willow Herb, or French Willow. — Epilobium Angustifolium. || [T:341] Willow Herb",P:038; T:341,[P:038] https://archive.org/details/floralemblems00philrich/page/n143/mode/1up || [T:341] https://archive.org/details/sentimentofflowe00tyas/page/n343/mode/1up,,yes; yes — no botanical image file acquired in Stage 1,2,2,Conservative Stage 1 identity merge; source wording and provenance retained.,,
S1F-319,Wood Sorrel,Joy [T:343],"[T:343 | Joy] Wood sorrel closes and droops as if asleep, then opens its leaves and flowers again at dawn (pp. 177–178).",[T:343] Wood Sorrel,T:343,[T:343] https://archive.org/details/sentimentofflowe00tyas/page/n343/mode/1up,,yes,1,1,Conservative Stage 1 identity merge; source wording and provenance retained.,,
S1F-320,Yarrow,WAR [P:295; T:345],"[P:295 | WAR] The ancients named this plant after Achilles, the celebrated Grecian hero, on which account it has been made the emblem of war. || [T:345 | War] Achilles is said to have used yarrow to heal Telephus’s wound, explaining the plant’s Achillea name (pp. 283–284).","[P:295] Common Milfoil, or Yarrow. — Achillea Millefolium. || [T:345] Yarrow",P:295; T:345,[P:295] https://archive.org/details/floralemblems00philrich/page/n416/mode/1up || [T:345] https://archive.org/details/sentimentofflowe00tyas/page/n343/mode/1up,,yes; yes — no botanical image file acquired in Stage 1,2,2,Conservative Stage 1 identity merge; source wording and provenance retained.,,
S1F-321,Yellow Carnation,DISDAIN [P:078; T:068],"[P:078 | DISDAIN] Phillips relates yellow carnation to disdain through contemporary associations of yellow dress, including a Sultan Selim anecdote. || [T:068 | Disdain] Tyas calls the yellow carnation the least beautiful and fragrant of its kind while noting that it demands continual care, using this contrast for Disdain (pp. 85–87).",[P:078] Yellow Carnation. — Dianthus Caryophyllus. || [T:068] Carnation Yellow,P:078; T:068,[P:078] https://archive.org/details/floralemblems00philrich/page/n182/mode/1up || [T:068] https://archive.org/details/sentimentofflowe00tyas/page/n334/mode/1up,,yes; yes — no botanical image file acquired in Stage 1,2,2,Conservative Stage 1 identity merge; source wording and provenance retained.,,
S1F-322,Yellow Day Lily,COQUETRY [P:053; T:346],"[P:053 | COQUETRY] This fragile beauty is made the emblem of coquetry, because its flowers seldom last a second day. || [T:346 | Coquetry] Yellow day-lily flowers rarely remain open for two days, giving rise to the French name belle d’un jour (pp. 71–72).",[P:053] Yellow Day Lily. — Hemerocallis Flava. || [T:346] Yellow Day Lily,P:053; T:346,[P:053] https://archive.org/details/floralemblems00philrich/page/n157/mode/1up || [T:346] https://archive.org/details/sentimentofflowe00tyas/page/n343/mode/1up,"[P:053] Plate 12, Danger accompanying Coquetry, scan n160",yes; yes — no botanical image file acquired in Stage 1,2,2,Conservative Stage 1 identity merge; source wording and provenance retained.,P-005,images/flower-crops/phillips-1825/p-005_yellow-day-lily.jpg
S1F-323,Yellow Gentian,INGRATITUDE [P:152],[P:152 | INGRATITUDE] The strictest care and the greatest art of the florist is seldom sufficient to make this plant thrive in the parterre ; on which account the emblem has been devised.,[P:152] Yellow Gentian. — Gentiana lutea.,P:152,[P:152] https://archive.org/details/floralemblems00philrich/page/n260/mode/1up,,yes — no botanical image file acquired in Stage 1,1,1,Conservative Stage 1 identity merge; source wording and provenance retained.,,
S1F-324,Yellow Iris,"FLAME, OR PASSION OF LOVE [P:105] || Flame [T:166]","[P:105 | FLAME, OR PASSION OF LOVE] The yellow iris rises amid sword-like leaves in flaming gold, lending itself to flame or passion. || [T:166 | Flame] Yellow iris grown on German cottage roofs resembles perfumed flame when sunlit petals move in the wind (pp. 113–114).","[P:105] Yellow Iris. — Pseud-Acorus. || [T:166] ——, Yellow",P:105; T:166,[P:105] https://archive.org/details/floralemblems00philrich/page/n215/mode/1up || [T:166] https://archive.org/details/sentimentofflowe00tyas/page/n337/mode/1up,,yes; yes — no botanical image file acquired in Stage 1,2,2,Conservative Stage 1 identity merge; source wording and provenance retained.,,
S1F-325,Yellow Jasmine,Grace and elegance [I:385],"[I:385 | Grace and elegance] Source-specific context: Ingram favors amiability among Jasmine's many meanings, then distinguishes several fragrant varieties and recounts the plant's introduction and literary reputation. (printed pp. 68–71).","[I:385] Jasmine, Yellow",I:385,[I:385] https://archive.org/details/florasymbolica00ingr/page/n403/mode/1up,,yes,1,1,Conservative Stage 1 identity merge; source wording and provenance retained.,,
S1F-326,Yellow Lily,Falsehood. Gaiety [I:421],"[I:421 | Falsehood. Gaiety] Source-specific context: Ingram presents Lily as majesty through its dedication to Juno, biblical esteem, and temple ornament, while noting that individual lily varieties carry separate meanings. (printed pp. 272–275).","[I:421] Lily, Yellow",I:421,[I:421] https://archive.org/details/florasymbolica00ingr/page/n404/mode/1up,,yes,1,1,Conservative Stage 1 identity merge; source wording and provenance retained.,,
S1F-327,Yellow Rose,Decrease of love. Jealousy [I:629] || INFIDELITY [P:150; T:347],"[I:629 | Decrease of love. Jealousy] Source-specific context: Ingram presents Rose as the universal emblem of love and builds an extensive literary, historical, religious, and mythological survey around its beauty, fragrance, colours, and varieties. (printed pp. 23–48). || [P:150 | INFIDELITY] The colour of this flower, so terrible to lovers, is the highest mark of distinction in Eastern countries. || [T:347 | Infidelity] Tyas reports yellow roses at Calicut in 1503 and traces their movement through Constantinople into English cultivation (pp. 164–165).","[I:629] Rose, Yellow || [P:150] Yellow Rose. — Rosa lutea. || [T:347] —— Rose",I:629; P:150; T:347,[I:629] https://archive.org/details/florasymbolica00ingr/page/n405/mode/1up || [P:150] https://archive.org/details/floralemblems00philrich/page/n259/mode/1up || [T:347] https://archive.org/details/sentimentofflowe00tyas/page/n343/mode/1up,"[P:150] Plate 20, Infidelity, scan n409",yes; yes — no botanical image file acquired in Stage 1,3,3,Conservative Stage 1 identity merge; source wording and provenance retained.,P-025,images/flower-crops/phillips-1825/p-025_yellow-rose.jpg
S1F-328,Yellow Sweetbriar,Decrease of love [I:702],"[I:702 | Decrease of love] Source-specific context: Ingram presents Rose as the universal emblem of love and builds an extensive literary, historical, religious, and mythological survey around its beauty, fragrance, colours, and varieties. (printed pp. 23–48).","[I:702] Sweetbriar, Yellow",I:702,[I:702] https://archive.org/details/florasymbolica00ingr/page/n406/mode/1up,,yes,1,1,Conservative Stage 1 identity merge; source wording and provenance retained.,,
S1F-329,Yellow Tulip,Hopeless love [I:733],"[I:733 | Hopeless love] Source-specific context: Ingram presents Tulip chiefly as a declaration of love, traces its Persian name and European introduction, and recounts the seventeenth-century Dutch speculative mania for rare bulbs. (printed pp. 208–210).","[I:733] Tulip, Yellow",I:733,[I:733] https://archive.org/details/florasymbolica00ingr/page/n406/mode/1up,,yes,1,1,Conservative Stage 1 identity merge; source wording and provenance retained.,,
S1F-330,Yellow Violet,Rural happiness [I:753],"[I:753 | Rural happiness] Source-specific context: Ingram presents Violet chiefly as modesty while acknowledging faithfulness as a rival meaning and surveys the flower's exceptional place in Greek identity, myth, and European poetry. (printed pp. 256–261).","[I:753] Violet, Yellow",I:753,[I:753] https://archive.org/details/florasymbolica00ingr/page/n406/mode/1up,,yes,1,1,Conservative Stage 1 identity merge; source wording and provenance retained.,,
S1F-331,Zephyr Flr Anemone,Sickness. Expectation [I:33],[I:33 | Sickness. Expectation] Source-specific context: Ingram connects the Anemone with withered hopes and abandonment while reviewing the wind-flower etymology and myths that derive it from a nymph or from Adonis's blood and Venus's tears. (printed pp. 82–85).,[I:33] Anemone (Zephyr Flr.),I:33,[I:33] https://archive.org/details/florasymbolica00ingr/page/n400/mode/1up,,yes,1,1,Conservative Stage 1 identity merge; source wording and provenance retained.,,
